method,model_seed,L_km,keep_fraction,context_repeat,origin,region,target,distance_bin,cells,positives,area_km2,ap,selected_area_1,selected_cells_1,selected_positives_1,coverage_1,selected_area_5,selected_cells_5,selected_positives_5,coverage_5,selected_area_10,selected_cells_10,selected_positives_10,coverage_10
kernel_density,0,10,0.0,0,new,nevada,Gold,"[0,5)",0,0,0.0,,0.0,0,0,,0.0,0,0,,0.0,0,0,
kernel_density,0,10,0.0,0,new,nevada,Gold,"[5,10)",0,0,0.0,,0.0,0,0,,0.0,0,0,,0.0,0,0,
kernel_density,0,10,0.0,0,new,nevada,Gold,"[10,20)",0,0,0.0,,0.0,0,0,,0.0,0,0,,0.0,0,0,
kernel_density,0,10,0.0,0,new,nevada,Gold,"[20,inf)",0,0,0.0,,0.0,0,0,,0.0,0,0,,0.0,0,0,
kernel_density,0,10,0.0,0,new,nevada,Gold,no_context,40000,2348,160000.0,0.058699999999999995,1600.0,400,23,0.009795570698466781,8000.0,2000,111,0.04727427597955707,16000.0,4000,243,0.1034923339011925
kernel_density,0,10,0.0,0,new,nevada,Copper,"[0,5)",0,0,0.0,,0.0,0,0,,0.0,0,0,,0.0,0,0,
kernel_density,0,10,0.0,0,new,nevada,Copper,"[5,10)",0,0,0.0,,0.0,0,0,,0.0,0,0,,0.0,0,0,
kernel_density,0,10,0.0,0,new,nevada,Copper,"[10,20)",0,0,0.0,,0.0,0,0,,0.0,0,0,,0.0,0,0,
kernel_density,0,10,0.0,0,new,nevada,Copper,"[20,inf)",0,0,0.0,,0.0,0,0,,0.0,0,0,,0.0,0,0,
kernel_density,0,10,0.0,0,new,nevada,Copper,no_context,40000,1212,160000.0,0.030299999999999997,1600.0,400,11,0.009075907590759076,8000.0,2000,60,0.04950495049504951,16000.0,4000,123,0.10148514851485149
kernel_density,0,10,0.0,0,new,arizona,Gold,"[0,5)",0,0,0.0,,0.0,0,0,,0.0,0,0,,0.0,0,0,
kernel_density,0,10,0.0,0,new,arizona,Gold,"[5,10)",0,0,0.0,,0.0,0,0,,0.0,0,0,,0.0,0,0,
kernel_density,0,10,0.0,0,new,arizona,Gold,"[10,20)",0,0,0.0,,0.0,0,0,,0.0,0,0,,0.0,0,0,
kernel_density,0,10,0.0,0,new,arizona,Gold,"[20,inf)",0,0,0.0,,0.0,0,0,,0.0,0,0,,0.0,0,0,
kernel_density,0,10,0.0,0,new,arizona,Gold,no_context,42295,1172,169094.746282076,0.02771013122118454,1692.0,423,10,0.008532423208191127,8456.0,2114,60,0.051194539249146756,16910.2060251832,4230,123,0.10494880546075085
kernel_density,0,10,0.0,0,new,arizona,Copper,"[0,5)",0,0,0.0,,0.0,0,0,,0.0,0,0,,0.0,0,0,
kernel_density,0,10,0.0,0,new,arizona,Copper,"[5,10)",0,0,0.0,,0.0,0,0,,0.0,0,0,,0.0,0,0,
kernel_density,0,10,0.0,0,new,arizona,Copper,"[10,20)",0,0,0.0,,0.0,0,0,,0.0,0,0,,0.0,0,0,
kernel_density,0,10,0.0,0,new,arizona,Copper,"[20,inf)",0,0,0.0,,0.0,0,0,,0.0,0,0,,0.0,0,0,
kernel_density,0,10,0.0,0,new,arizona,Copper,no_context,42295,1310,169094.746282076,0.030972928242108996,1692.0,423,10,0.007633587786259542,8456.0,2114,70,0.05343511450381679,16910.2060251832,4230,128,0.09770992366412214
kernel_density,0,10,0.0,0,new,colorado,Gold,"[0,5)",0,0,0.0,,0.0,0,0,,0.0,0,0,,0.0,0,0,
kernel_density,0,10,0.0,0,new,colorado,Gold,"[5,10)",0,0,0.0,,0.0,0,0,,0.0,0,0,,0.0,0,0,
kernel_density,0,10,0.0,0,new,colorado,Gold,"[10,20)",0,0,0.0,,0.0,0,0,,0.0,0,0,,0.0,0,0,
kernel_density,0,10,0.0,0,new,colorado,Gold,"[20,inf)",0,0,0.0,,0.0,0,0,,0.0,0,0,,0.0,0,0,
kernel_density,0,10,0.0,0,new,colorado,Gold,no_context,42500,1375,170000.0,0.032352941176470584,1700.0,425,10,0.007272727272727273,8500.0,2125,64,0.04654545454545454,17000.0,4250,144,0.10472727272727272
kernel_density,0,10,0.0,0,new,colorado,Copper,"[0,5)",0,0,0.0,,0.0,0,0,,0.0,0,0,,0.0,0,0,
kernel_density,0,10,0.0,0,new,colorado,Copper,"[5,10)",0,0,0.0,,0.0,0,0,,0.0,0,0,,0.0,0,0,
kernel_density,0,10,0.0,0,new,colorado,Copper,"[10,20)",0,0,0.0,,0.0,0,0,,0.0,0,0,,0.0,0,0,
kernel_density,0,10,0.0,0,new,colorado,Copper,"[20,inf)",0,0,0.0,,0.0,0,0,,0.0,0,0,,0.0,0,0,
kernel_density,0,10,0.0,0,new,colorado,Copper,no_context,42500,839,170000.0,0.019741176470588234,1700.0,425,5,0.0059594755661501785,8500.0,2125,38,0.04529201430274136,17000.0,4250,74,0.08820023837902265
kernel_density,0,10,0.25,101,new,nevada,Gold,"[0,5)",2249,390,8996.0,0.22728173381131925,244.0,61,8,0.020512820512820513,1692.0,423,117,0.3,3672.0,918,215,0.5512820512820513
kernel_density,0,10,0.25,101,new,nevada,Gold,"[5,10)",4947,442,19788.0,0.1464018207443916,268.0,67,9,0.020361990950226245,1540.0,385,70,0.1583710407239819,3996.0,999,178,0.40271493212669685
kernel_density,0,10,0.25,101,new,nevada,Gold,"[10,20)",11505,666,46020.0,0.07772223124931502,736.0,184,12,0.018018018018018018,3128.0,782,66,0.0990990990990991,5828.0,1457,130,0.19519519519519518
kernel_density,0,10,0.25,101,new,nevada,Gold,"[20,inf)",21299,850,85196.0,0.06815970719144489,352.0,88,4,0.004705882352941176,1640.0,410,33,0.03882352941176471,2504.0,626,59,0.06941176470588235
kernel_density,0,10,0.25,101,new,nevada,Gold,no_context,0,0,0.0,,0.0,0,0,,0.0,0,0,,0.0,0,0,
kernel_density,0,10,0.25,101,new,nevada,Copper,"[0,5)",1427,189,5708.0,0.17748158696285365,256.0,64,20,0.10582010582010581,1704.0,426,69,0.36507936507936506,3552.0,888,130,0.6878306878306878
kernel_density,0,10,0.25,101,new,nevada,Copper,"[5,10)",3546,171,14184.0,0.07308627130000644,204.0,51,6,0.03508771929824561,1868.0,467,29,0.1695906432748538,4668.0,1167,85,0.49707602339181284
kernel_density,0,10,0.25,101,new,nevada,Copper,"[10,20)",9217,327,36868.0,0.04026801997609395,636.0,159,5,0.01529051987767584,2960.0,740,21,0.06422018348623854,5524.0,1381,54,0.1651376146788991
kernel_density,0,10,0.25,101,new,nevada,Copper,"[20,inf)",25810,525,103240.0,0.03286549655093675,504.0,126,9,0.017142857142857144,1468.0,367,14,0.02666666666666667,2256.0,564,22,0.0419047619047619
kernel_density,0,10,0.25,101,new,nevada,Copper,no_context,0,0,0.0,,0.0,0,0,,0.0,0,0,,0.0,0,0,
kernel_density,0,10,0.25,101,new,arizona,Gold,"[0,5)",1247,194,4979.172920763493,0.22683113642851369,172.0,43,11,0.05670103092783505,1992.0,498,113,0.5824742268041238,3879.1729207634926,972,178,0.9175257731958762
kernel_density,0,10,0.25,101,new,arizona,Gold,"[5,10)",2701,228,10790.117837281432,0.1527104765620946,236.0,59,9,0.039473684210526314,1900.0,475,80,0.3508771929824561,5108.126856894698,1280,164,0.7192982456140351
kernel_density,0,10,0.25,101,new,arizona,Gold,"[10,20)",6349,358,25371.2179623954,0.14383506553537267,772.0,193,38,0.10614525139664804,3228.0,807,128,0.3575418994413408,5904.0,1476,197,0.5502793296089385
kernel_density,0,10,0.25,101,new,arizona,Gold,"[20,inf)",18248,389,72954.23756163567,0.07469025179519426,512.0,128,21,0.05398457583547558,1336.0,334,46,0.11825192802056556,2020.0,505,67,0.17223650385604114
kernel_density,0,10,0.25,101,new,arizona,Gold,no_context,13750,3,55000.0,0.00021818181818181818,0.0,0,0,0.0,0.0,0,0,0.0,0.0,0,0,0.0
kernel_density,0,10,0.25,101,new,arizona,Copper,"[0,5)",1415,227,5651.172920763493,0.27721932521083464,212.0,53,16,0.07048458149779736,1820.0,455,131,0.5770925110132159,3827.1729207634926,959,191,0.8414096916299559
kernel_density,0,10,0.25,101,new,arizona,Copper,"[5,10)",3067,253,12250.350196869578,0.1480887612063529,208.0,52,3,0.011857707509881422,1864.0,466,92,0.36363636363636365,4660.169757456984,1168,153,0.6047430830039525
kernel_density,0,10,0.25,101,new,arizona,Copper,"[10,20)",6964,402,27834.985602807254,0.12939101711529394,556.0,139,26,0.06467661691542288,3228.0,807,111,0.27611940298507465,5952.0,1488,196,0.48756218905472637
kernel_density,0,10,0.25,101,new,arizona,Copper,"[20,inf)",18349,420,73358.23756163567,0.08089535625912164,716.0,179,21,0.05,1544.0,386,39,0.09285714285714286,2472.0,618,62,0.14761904761904762
kernel_density,0,10,0.25,101,new,arizona,Copper,no_context,12500,8,50000.0,0.00064,0.0,0,0,0.0,0.0,0,0,0.0,0.0,0,0,0.0
kernel_density,0,10,0.25,101,new,colorado,Gold,"[0,5)",1220,284,4880.0,0.5385615170370425,436.0,109,73,0.25704225352112675,2240.0,560,215,0.7570422535211268,3936.0,984,266,0.9366197183098591
kernel_density,0,10,0.25,101,new,colorado,Gold,"[5,10)",2569,235,10276.0,0.263877563390236,320.0,80,30,0.1276595744680851,2284.0,571,135,0.574468085106383,5324.0,1331,195,0.8297872340425532
kernel_density,0,10,0.25,101,new,colorado,Gold,"[10,20)",6178,378,24712.0,0.19654002442432922,512.0,128,53,0.1402116402116402,2836.0,709,133,0.35185185185185186,5836.0,1459,219,0.5793650793650794
kernel_density,0,10,0.25,101,new,colorado,Gold,"[20,inf)",17533,444,70132.0,0.07866591334222053,432.0,108,20,0.04504504504504504,1140.0,285,49,0.11036036036036036,1904.0,476,71,0.15990990990990991
kernel_density,0,10,0.25,101,new,colorado,Gold,no_context,15000,34,60000.0,0.002266666666666667,0.0,0,0,0.0,0.0,0,0,0.0,0.0,0,0,0.0
kernel_density,0,10,0.25,101,new,colorado,Copper,"[0,5)",763,130,3052.0,0.368511666581385,476.0,119,45,0.34615384615384615,2216.0,554,122,0.9384615384615385,3052.0,763,130,1.0
kernel_density,0,10,0.25,101,new,colorado,Copper,"[5,10)",1778,101,7112.0,0.14030081209453885,304.0,76,16,0.15841584158415842,2660.0,665,63,0.6237623762376238,6440.0,1610,96,0.9504950495049505
kernel_density,0,10,0.25,101,new,colorado,Copper,"[10,20)",4506,230,18024.0,0.11933640467537729,668.0,167,37,0.1608695652173913,2884.0,721,65,0.2826086956521739,6036.0,1509,119,0.5173913043478261
kernel_density,0,10,0.25,101,new,colorado,Copper,"[20,inf)",21703,351,86812.0,0.03926542307487932,252.0,63,6,0.017094017094017096,740.0,185,8,0.022792022792022793,1472.0,368,20,0.05698005698005698
kernel_density,0,10,0.25,101,new,colorado,Copper,no_context,13750,27,55000.0,0.0019636363636363636,0.0,0,0,0.0,0.0,0,0,0.0,0.0,0,0,0.0
kernel_density,0,10,0.25,211,new,nevada,Gold,"[0,5)",2219,364,8876.0,0.25277535535405476,224.0,56,17,0.046703296703296704,1516.0,379,101,0.2774725274725275,3800.0,950,216,0.5934065934065934
kernel_density,0,10,0.25,211,new,nevada,Gold,"[5,10)",4898,407,19592.0,0.12911598839323649,204.0,51,4,0.009828009828009828,1580.0,395,60,0.14742014742014742,3872.0,968,139,0.3415233415233415
kernel_density,0,10,0.25,211,new,nevada,Gold,"[10,20)",11000,659,44000.0,0.09476205771683271,652.0,163,13,0.019726858877086494,3320.0,830,92,0.13960546282245828,5856.0,1464,170,0.25796661608497723
kernel_density,0,10,0.25,211,new,nevada,Gold,"[20,inf)",20633,862,82532.0,0.07040670904881377,520.0,130,11,0.012761020881670533,1584.0,396,29,0.033642691415313224,2472.0,618,75,0.08700696055684455
kernel_density,0,10,0.25,211,new,nevada,Gold,no_context,1250,56,5000.0,0.0448,0.0,0,0,0.0,0.0,0,0,0.0,0.0,0,0,0.0
kernel_density,0,10,0.25,211,new,nevada,Copper,"[0,5)",1389,158,5556.0,0.20201499317494112,204.0,51,19,0.12025316455696203,1908.0,477,79,0.5,3804.0,951,129,0.8164556962025317
kernel_density,0,10,0.25,211,new,nevada,Copper,"[5,10)",3498,172,13992.0,0.07926359728641551,208.0,52,9,0.05232558139534884,1988.0,497,38,0.22093023255813954,5276.0,1319,97,0.563953488372093
kernel_density,0,10,0.25,211,new,nevada,Copper,"[10,20)",8696,333,34784.0,0.0502621793713275,780.0,195,10,0.03003003003003003,3080.0,770,45,0.13513513513513514,5424.0,1356,82,0.24624624624624625
kernel_density,0,10,0.25,211,new,nevada,Copper,"[20,inf)",25167,526,100668.0,0.02893381314291549,408.0,102,0,0.0,1024.0,256,4,0.0076045627376425855,1496.0,374,9,0.017110266159695818
kernel_density,0,10,0.25,211,new,nevada,Copper,no_context,1250,23,5000.0,0.0184,0.0,0,0,0.0,0.0,0,0,0.0,0.0,0,0,0.0
kernel_density,0,10,0.25,211,new,arizona,Gold,"[0,5)",1161,188,4644.0,0.2753981167581825,300.0,75,26,0.13829787234042554,2356.0,589,123,0.6542553191489362,3976.0,994,173,0.9202127659574468
kernel_density,0,10,0.25,211,new,arizona,Gold,"[5,10)",2485,190,9940.0,0.11197654219084376,256.0,64,7,0.03684210526315789,2272.0,568,63,0.33157894736842103,5620.0,1405,137,0.7210526315789474
kernel_density,0,10,0.25,211,new,arizona,Gold,"[10,20)",5948,328,23777.063062746078,0.14586828319435316,624.0,156,40,0.12195121951219512,2576.0,644,81,0.24695121951219512,5316.0,1329,136,0.4146341463414634
kernel_density,0,10,0.25,211,new,arizona,Gold,"[20,inf)",20201,463,80733.68321932992,0.1295424479670709,512.0,128,47,0.10151187904967603,1252.0,313,57,0.12311015118790497,2000.0,500,66,0.14254859611231102
kernel_density,0,10,0.25,211,new,arizona,Gold,no_context,12500,3,50000.0,0.00024,0.0,0,0,0.0,0.0,0,0,0.0,0.0,0,0,0.0
kernel_density,0,10,0.25,211,new,arizona,Copper,"[0,5)",1242,197,4968.0,0.2647662031734129,284.0,71,21,0.1065989847715736,2196.0,549,124,0.6294416243654822,4088.0,1022,177,0.8984771573604061
kernel_density,0,10,0.25,211,new,arizona,Copper,"[5,10)",2807,227,11228.0,0.11780645946797509,260.0,65,7,0.030837004405286344,2060.0,515,64,0.28193832599118945,5516.0,1379,145,0.6387665198237885
kernel_density,0,10,0.25,211,new,arizona,Copper,"[10,20)",6925,360,27685.063062746078,0.1097667959302407,628.0,157,31,0.08611111111111111,2892.0,723,79,0.21944444444444444,5172.0,1293,128,0.35555555555555557
kernel_density,0,10,0.25,211,new,arizona,Copper,"[20,inf)",20071,519,80213.68321932992,0.08153537211655348,520.0,130,34,0.06551059730250482,1308.0,327,47,0.0905587668593449,2136.0,534,60,0.11560693641618497
kernel_density,0,10,0.25,211,new,arizona,Copper,no_context,11250,7,45000.0,0.0006222222222222221,0.0,0,0,0.0,0.0,0,0,0.0,0.0,0,0,0.0
kernel_density,0,10,0.25,211,new,colorado,Gold,"[0,5)",1238,315,4952.0,0.6248849087682353,652.0,163,116,0.3682539682539683,2464.0,616,253,0.8031746031746032,4396.0,1099,308,0.9777777777777777
kernel_density,0,10,0.25,211,new,colorado,Gold,"[5,10)",2406,297,9624.0,0.34662694992202314,520.0,130,68,0.22895622895622897,2524.0,631,183,0.6161616161616161,5752.0,1438,252,0.8484848484848485
kernel_density,0,10,0.25,211,new,colorado,Gold,"[10,20)",5517,414,22068.0,0.18694492773895555,448.0,112,39,0.09420289855072464,2516.0,629,131,0.3164251207729469,5164.0,1291,207,0.5
kernel_density,0,10,0.25,211,new,colorado,Gold,"[20,inf)",15839,309,63356.0,0.09414870050036508,80.0,20,7,0.022653721682847898,996.0,249,41,0.13268608414239483,1688.0,422,63,0.20388349514563106
kernel_density,0,10,0.25,211,new,colorado,Gold,no_context,17500,40,70000.0,0.002285714285714286,0.0,0,0,0.0,0.0,0,0,0.0,0.0,0,0,0.0
kernel_density,0,10,0.25,211,new,colorado,Copper,"[0,5)",824,168,3296.0,0.4473669589858326,476.0,119,58,0.34523809523809523,2192.0,548,146,0.8690476190476191,3292.0,823,168,1.0
kernel_density,0,10,0.25,211,new,colorado,Copper,"[5,10)",1877,143,7508.0,0.21862024318733597,460.0,115,33,0.23076923076923078,2776.0,694,95,0.6643356643356644,6292.0,1573,131,0.916083916083916
kernel_density,0,10,0.25,211,new,colorado,Copper,"[10,20)",4738,237,18952.0,0.12581603147965528,568.0,142,26,0.10970464135021098,2568.0,642,92,0.3881856540084388,5716.0,1429,153,0.6455696202531646
kernel_density,0,10,0.25,211,new,colorado,Copper,"[20,inf)",18811,274,75244.0,0.05317038753716342,196.0,49,5,0.01824817518248175,964.0,241,31,0.11313868613138686,1700.0,425,45,0.16423357664233576
kernel_density,0,10,0.25,211,new,colorado,Copper,no_context,16250,17,65000.0,0.0010461538461538462,0.0,0,0,0.0,0.0,0,0,0.0,0.0,0,0,0.0
kernel_density,0,10,0.25,307,new,nevada,Gold,"[0,5)",2225,391,8900.0,0.23796599537966956,40.0,10,2,0.005115089514066497,1516.0,379,89,0.22762148337595908,3584.0,896,195,0.49872122762148335
kernel_density,0,10,0.25,307,new,nevada,Gold,"[5,10)",5003,409,20012.0,0.12689842150331632,64.0,16,2,0.004889975550122249,1488.0,372,58,0.14180929095354522,3620.0,905,122,0.2982885085574572
kernel_density,0,10,0.25,307,new,nevada,Gold,"[10,20)",10999,594,43996.0,0.0799233727326069,856.0,214,16,0.026936026936026935,3204.0,801,77,0.12962962962962962,5424.0,1356,133,0.2239057239057239
kernel_density,0,10,0.25,307,new,nevada,Gold,"[20,inf)",21773,954,87092.0,0.07048492928116122,640.0,160,16,0.016771488469601678,1792.0,448,42,0.0440251572327044,3372.0,843,88,0.09224318658280922
kernel_density,0,10,0.25,307,new,nevada,Gold,no_context,0,0,0.0,,0.0,0,0,,0.0,0,0,,0.0,0,0,
kernel_density,0,10,0.25,307,new,nevada,Copper,"[0,5)",1336,189,5344.0,0.20346252850802166,136.0,34,14,0.07407407407407407,1488.0,372,70,0.37037037037037035,3416.0,854,132,0.6984126984126984
kernel_density,0,10,0.25,307,new,nevada,Copper,"[5,10)",3588,192,14352.0,0.07148671002614865,152.0,38,2,0.010416666666666666,1720.0,430,35,0.18229166666666666,4636.0,1159,87,0.453125
kernel_density,0,10,0.25,307,new,nevada,Copper,"[10,20)",8860,255,35440.0,0.05040522637288462,640.0,160,11,0.043137254901960784,3004.0,751,47,0.1843137254901961,5348.0,1337,71,0.2784313725490196
kernel_density,0,10,0.25,307,new,nevada,Copper,"[20,inf)",23716,531,94864.0,0.03642724445221679,672.0,168,12,0.022598870056497175,1788.0,447,21,0.03954802259887006,2600.0,650,37,0.0696798493408663
kernel_density,0,10,0.25,307,new,nevada,Copper,no_context,2500,45,10000.0,0.018000000000000002,0.0,0,0,0.0,0.0,0,0,0.0,0.0,0,0,0.0
kernel_density,0,10,0.25,307,new,arizona,Gold,"[0,5)",1084,163,4336.0,0.253930703900179,252.0,63,17,0.10429447852760736,2068.0,517,118,0.7239263803680982,3872.0,968,157,0.9631901840490797
kernel_density,0,10,0.25,307,new,arizona,Gold,"[5,10)",2448,229,9791.488238811493,0.17365224957869776,232.0,58,15,0.06550218340611354,2316.0,579,103,0.4497816593886463,5844.0,1461,190,0.8296943231441049
kernel_density,0,10,0.25,307,new,arizona,Gold,"[10,20)",5751,363,22993.076178561896,0.12086112866138767,672.0,168,20,0.05509641873278237,2916.0,729,101,0.27823691460055094,5520.0,1380,181,0.4986225895316804
kernel_density,0,10,0.25,307,new,arizona,Gold,"[20,inf)",19262,414,76974.18186470261,0.04898111836287626,536.0,134,8,0.01932367149758454,1156.0,289,23,0.05555555555555555,1676.0,419,37,0.0893719806763285
kernel_density,0,10,0.25,307,new,arizona,Gold,no_context,13750,3,55000.0,0.00021818181818181818,0.0,0,0,0.0,0.0,0,0,0.0,0.0,0,0,0.0
kernel_density,0,10,0.25,307,new,arizona,Copper,"[0,5)",1196,192,4784.0,0.2551670326120496,260.0,65,19,0.09895833333333333,1908.0,477,114,0.59375,3928.0,982,174,0.90625
kernel_density,0,10,0.25,307,new,arizona,Copper,"[5,10)",2727,241,10907.488238811493,0.16134152640521568,260.0,65,11,0.04564315352697095,2224.0,556,103,0.42738589211618255,5424.0,1356,172,0.7136929460580913
kernel_density,0,10,0.25,307,new,arizona,Copper,"[10,20)",6238,370,24941.076178561896,0.12085727301005873,664.0,166,21,0.05675675675675676,2992.0,748,106,0.2864864864864865,5552.0,1388,169,0.45675675675675675
kernel_density,0,10,0.25,307,new,arizona,Copper,"[20,inf)",18384,474,73462.18186470261,0.06102299983295951,508.0,127,6,0.012658227848101266,1332.0,333,31,0.06540084388185655,2008.0,502,56,0.11814345991561181
kernel_density,0,10,0.25,307,new,arizona,Copper,no_context,13750,33,55000.0,0.0024000000000000002,0.0,0,0,0.0,0.0,0,0,0.0,0.0,0,0,0.0
kernel_density,0,10,0.25,307,new,colorado,Gold,"[0,5)",1143,232,4572.0,0.5050520707692694,376.0,94,61,0.2629310344827586,2404.0,601,185,0.7974137931034483,4040.0,1010,222,0.9568965517241379
kernel_density,0,10,0.25,307,new,colorado,Gold,"[5,10)",2493,231,9972.0,0.28220042907821996,332.0,83,42,0.18181818181818182,2228.0,557,136,0.5887445887445888,5600.0,1400,190,0.8225108225108225
kernel_density,0,10,0.25,307,new,colorado,Gold,"[10,20)",5817,369,23268.0,0.24185823197313594,644.0,161,57,0.15447154471544716,2600.0,650,149,0.4037940379403794,5284.0,1321,212,0.5745257452574526
kernel_density,0,10,0.25,307,new,colorado,Gold,"[20,inf)",18047,518,72188.0,0.12191827141105475,348.0,87,31,0.059845559845559844,1268.0,317,58,0.11196911196911197,2076.0,519,79,0.1525096525096525
kernel_density,0,10,0.25,307,new,colorado,Gold,no_context,15000,25,60000.0,0.0016666666666666666,0.0,0,0,0.0,0.0,0,0,0.0,0.0,0,0,0.0
kernel_density,0,10,0.25,307,new,colorado,Copper,"[0,5)",708,103,2832.0,0.2926606299461241,284.0,71,22,0.21359223300970873,1900.0,475,89,0.8640776699029126,2824.0,706,102,0.9902912621359223
kernel_density,0,10,0.25,307,new,colorado,Copper,"[5,10)",1885,94,7540.0,0.07881019613061323,228.0,57,5,0.05319148936170213,2436.0,609,47,0.5,6016.0,1504,84,0.8936170212765957
kernel_density,0,10,0.25,307,new,colorado,Copper,"[10,20)",4809,190,19236.0,0.1514218009815571,724.0,181,38,0.2,2880.0,720,73,0.38421052631578945,5900.0,1475,97,0.5105263157894737
kernel_density,0,10,0.25,307,new,colorado,Copper,"[20,inf)",20098,417,80392.0,0.07602643795844327,464.0,116,24,0.05755395683453238,1284.0,321,34,0.0815347721822542,2260.0,565,49,0.11750599520383694
kernel_density,0,10,0.25,307,new,colorado,Copper,no_context,15000,35,60000.0,0.002333333333333333,0.0,0,0,0.0,0.0,0,0,0.0,0.0,0,0,0.0
kernel_density,0,10,0.5,101,new,nevada,Gold,"[0,5)",4348,735,17392.0,0.2609262790663438,716.0,179,64,0.08707482993197278,4128.0,1032,284,0.38639455782312926,7852.0,1963,465,0.6326530612244898
kernel_density,0,10,0.5,101,new,nevada,Gold,"[5,10)",8665,670,34660.0,0.14153296846417338,516.0,129,33,0.049253731343283584,2284.0,571,108,0.16119402985074627,5312.0,1328,217,0.3238805970149254
kernel_density,0,10,0.5,101,new,nevada,Gold,"[10,20)",13910,574,55640.0,0.060782617793511094,352.0,88,6,0.010452961672473868,1464.0,366,27,0.047038327526132406,2624.0,656,53,0.09233449477351917
kernel_density,0,10,0.5,101,new,nevada,Gold,"[20,inf)",13077,369,52308.0,0.048140103668854774,16.0,4,0,0.0,124.0,31,2,0.005420054200542005,212.0,53,2,0.005420054200542005
kernel_density,0,10,0.5,101,new,nevada,Gold,no_context,0,0,0.0,,0.0,0,0,,0.0,0,0,,0.0,0,0,
kernel_density,0,10,0.5,101,new,nevada,Copper,"[0,5)",2597,330,10388.0,0.18986750566665983,704.0,176,47,0.14242424242424243,3696.0,924,149,0.45151515151515154,6692.0,1673,244,0.7393939393939394
kernel_density,0,10,0.5,101,new,nevada,Copper,"[5,10)",6039,268,24156.0,0.06462058495952466,448.0,112,11,0.041044776119402986,2636.0,659,45,0.16791044776119404,6352.0,1588,103,0.3843283582089552
kernel_density,0,10,0.5,101,new,nevada,Copper,"[10,20)",12469,340,49876.0,0.0332533555216221,424.0,106,4,0.011764705882352941,1544.0,386,12,0.03529411764705882,2752.0,688,23,0.06764705882352941
kernel_density,0,10,0.5,101,new,nevada,Copper,"[20,inf)",18895,274,75580.0,0.022688910192589846,24.0,6,0,0.0,124.0,31,1,0.0036496350364963502,204.0,51,2,0.0072992700729927005
kernel_density,0,10,0.5,101,new,nevada,Copper,no_context,0,0,0.0,,0.0,0,0,,0.0,0,0,,0.0,0,0,
kernel_density,0,10,0.5,101,new,arizona,Gold,"[0,5)",2307,367,9215.194419384003,0.3018562457276979,832.0,208,73,0.1989100817438692,3888.0,972,227,0.6185286103542235,6623.194419384003,1659,319,0.8692098092643051
kernel_density,0,10,0.5,101,new,arizona,Gold,"[5,10)",4721,369,18863.386983962264,0.21288099274699177,544.0,136,49,0.13279132791327913,2900.0,725,131,0.35501355013550134,6861.1510566785,1719,244,0.6612466124661247
kernel_density,0,10,0.5,101,new,arizona,Gold,"[10,20)",8635,298,34525.92731709406,0.10936159372964124,284.0,71,18,0.06040268456375839,1524.0,381,57,0.1912751677852349,3160.0,790,97,0.32550335570469796
kernel_density,0,10,0.5,101,new,arizona,Gold,"[20,inf)",12882,135,51490.23756163567,0.03567417587117605,32.0,8,1,0.007407407407407408,144.0,36,4,0.02962962962962963,268.0,67,7,0.05185185185185185
kernel_density,0,10,0.5,101,new,arizona,Gold,no_context,13750,3,55000.0,0.00021818181818181818,0.0,0,0,0.0,0.0,0,0,0.0,0.0,0,0,0.0
kernel_density,0,10,0.5,101,new,arizona,Copper,"[0,5)",2798,457,11183.172920763493,0.3022428355668059,852.0,213,77,0.16849015317286653,4012.0,1003,272,0.5951859956236324,7127.360368549824,1784,372,0.8140043763676149
kernel_density,0,10,0.5,101,new,arizona,Copper,"[5,10)",5407,399,21610.35019686958,0.18974566758826544,560.0,140,28,0.07017543859649122,2816.0,704,137,0.3433583959899749,6455.7599748685025,1616,223,0.5588972431077694
kernel_density,0,10,0.5,101,new,arizona,Copper,"[10,20)",9299,288,37174.98560280725,0.09527380146360716,280.0,70,15,0.052083333333333336,1524.0,381,44,0.1527777777777778,3160.0,790,77,0.2673611111111111
kernel_density,0,10,0.5,101,new,arizona,Copper,"[20,inf)",14791,159,59126.23756163567,0.041226152297076143,0.0,0,0,0.0,104.0,26,0,0.0,168.0,42,0,0.0
kernel_density,0,10,0.5,101,new,arizona,Copper,no_context,10000,7,40000.0,0.0007,0.0,0,0,0.0,0.0,0,0,0.0,0.0,0,0,0.0
kernel_density,0,10,0.5,101,new,colorado,Gold,"[0,5)",2313,497,9252.0,0.5266400743766001,700.0,175,118,0.23742454728370221,3876.0,969,381,0.7665995975855131,6648.0,1662,452,0.9094567404426559
kernel_density,0,10,0.5,101,new,colorado,Gold,"[5,10)",4568,382,18272.0,0.32346263784636586,540.0,135,73,0.19109947643979058,2820.0,705,208,0.5445026178010471,6780.0,1695,273,0.7146596858638743
kernel_density,0,10,0.5,101,new,colorado,Gold,"[10,20)",8245,341,32980.0,0.25608032685756366,416.0,104,57,0.16715542521994134,1648.0,412,117,0.34310850439882695,3268.0,817,156,0.4574780058651026
kernel_density,0,10,0.5,101,new,colorado,Gold,"[20,inf)",14874,150,59496.0,0.09791754996371849,44.0,11,7,0.04666666666666667,156.0,39,12,0.08,304.0,76,15,0.1
kernel_density,0,10,0.5,101,new,colorado,Gold,no_context,12500,5,50000.0,0.0004,0.0,0,0,0.0,0.0,0,0,0.0,0.0,0,0,0.0
kernel_density,0,10,0.5,101,new,colorado,Copper,"[0,5)",1577,252,6308.0,0.3233537659632025,884.0,221,74,0.29365079365079366,3672.0,918,199,0.7896825396825397,5936.0,1484,249,0.9880952380952381
kernel_density,0,10,0.5,101,new,colorado,Copper,"[5,10)",3375,215,13500.0,0.2029998453035743,476.0,119,41,0.19069767441860466,3260.0,815,114,0.5302325581395348,7960.0,1990,177,0.8232558139534883
kernel_density,0,10,0.5,101,new,colorado,Copper,"[10,20)",6588,224,26352.0,0.17873060019940157,312.0,78,34,0.15178571428571427,1496.0,374,67,0.29910714285714285,2968.0,742,85,0.3794642857142857
kernel_density,0,10,0.5,101,new,colorado,Copper,"[20,inf)",19710,140,78840.0,0.08961727104510354,28.0,7,3,0.02142857142857143,72.0,18,7,0.05,136.0,34,12,0.08571428571428572
kernel_density,0,10,0.5,101,new,colorado,Copper,no_context,11250,8,45000.0,0.0007111111111111111,0.0,0,0,0.0,0.0,0,0,0.0,0.0,0,0,0.0
kernel_density,0,10,0.5,211,new,nevada,Gold,"[0,5)",4236,729,16944.0,0.2692934332166844,532.0,133,44,0.06035665294924554,3776.0,944,266,0.36488340192043894,7680.0,1920,471,0.6460905349794238
kernel_density,0,10,0.5,211,new,nevada,Gold,"[5,10)",8480,673,33920.0,0.1288664280801851,360.0,90,13,0.019316493313521546,2176.0,544,94,0.13967310549777118,5268.0,1317,195,0.2897473997028232
kernel_density,0,10,0.5,211,new,nevada,Gold,"[10,20)",13930,568,55720.0,0.07591081255336368,460.0,115,6,0.01056338028169014,1700.0,425,40,0.07042253521126761,2656.0,664,71,0.125
kernel_density,0,10,0.5,211,new,nevada,Gold,"[20,inf)",13354,378,53416.0,0.04781305959644559,248.0,62,8,0.021164021164021163,348.0,87,11,0.0291005291005291,396.0,99,12,0.031746031746031744
kernel_density,0,10,0.5,211,new,nevada,Gold,no_context,0,0,0.0,,0.0,0,0,,0.0,0,0,,0.0,0,0,
kernel_density,0,10,0.5,211,new,nevada,Copper,"[0,5)",2663,316,10652.0,0.21420990336590268,612.0,153,46,0.14556962025316456,3556.0,889,157,0.49683544303797467,6528.0,1632,248,0.7848101265822784
kernel_density,0,10,0.5,211,new,nevada,Copper,"[5,10)",6235,294,24940.0,0.07345413719076929,404.0,101,10,0.034013605442176874,2688.0,672,59,0.20068027210884354,6576.0,1644,129,0.4387755102040816
kernel_density,0,10,0.5,211,new,nevada,Copper,"[10,20)",12087,317,48348.0,0.04665778051857742,464.0,116,10,0.031545741324921134,1520.0,380,33,0.10410094637223975,2624.0,656,51,0.1608832807570978
kernel_density,0,10,0.5,211,new,nevada,Copper,"[20,inf)",17765,262,71060.0,0.026184307310178064,120.0,30,5,0.019083969465648856,236.0,59,7,0.026717557251908396,272.0,68,7,0.026717557251908396
kernel_density,0,10,0.5,211,new,nevada,Copper,no_context,1250,23,5000.0,0.0184,0.0,0,0,0.0,0.0,0,0,0.0,0.0,0,0,0.0
kernel_density,0,10,0.5,211,new,arizona,Gold,"[0,5)",2144,378,8563.194419384003,0.3206942003164519,744.0,186,71,0.18783068783068782,3949.3346348404884,989,238,0.6296296296296297,6675.194419384003,1672,339,0.8968253968253969
kernel_density,0,10,0.5,211,new,arizona,Gold,"[5,10)",4303,338,17191.386983962264,0.18737192808320127,460.0,115,38,0.11242603550295859,2828.986220987048,711,109,0.3224852071005917,7031.921404452529,1763,224,0.6627218934911243
kernel_density,0,10,0.5,211,new,arizona,Gold,"[10,20)",8121,271,32456.280509967357,0.12063471901727517,392.0,98,32,0.11808118081180811,1476.0,369,52,0.1918819188191882,2816.0,704,76,0.28044280442804426
kernel_density,0,10,0.5,211,new,arizona,Gold,"[20,inf)",16477,182,65883.88436876237,0.034425969365943984,96.0,24,3,0.016483516483516484,204.0,51,3,0.016483516483516484,388.0,97,5,0.027472527472527472
kernel_density,0,10,0.5,211,new,arizona,Gold,no_context,11250,3,45000.0,0.0002666666666666667,0.0,0,0,0.0,0.0,0,0,0.0,0.0,0,0,0.0
kernel_density,0,10,0.5,211,new,arizona,Copper,"[0,5)",2485,446,9931.172920763493,0.2998258502530695,712.0,178,65,0.14573991031390135,3892.0,973,270,0.6053811659192825,6967.172920763493,1744,382,0.8565022421524664
kernel_density,0,10,0.5,211,new,arizona,Copper,"[5,10)",5068,371,20258.117837281432,0.1445649451211916,364.0,91,22,0.05929919137466307,2736.0,684,114,0.30727762803234504,6532.126856894698,1636,205,0.5525606469002695
kernel_density,0,10,0.5,211,new,arizona,Copper,"[10,20)",9280,314,37093.80400433019,0.09627484874691644,452.0,113,27,0.08598726114649681,1604.0,401,57,0.18152866242038215,2990.388191461563,748,79,0.2515923566878981
kernel_density,0,10,0.5,211,new,arizona,Copper,"[20,inf)",16712,173,66811.65151970088,0.033880867962473755,164.0,41,3,0.017341040462427744,224.0,56,3,0.017341040462427744,420.0,105,3,0.017341040462427744
kernel_density,0,10,0.5,211,new,arizona,Copper,no_context,8750,6,35000.0,0.0006857142857142857,0.0,0,0,0.0,0.0,0,0,0.0,0.0,0,0,0.0
kernel_density,0,10,0.5,211,new,colorado,Gold,"[0,5)",2134,483,8536.0,0.6148541024004665,872.0,218,159,0.32919254658385094,3808.0,952,384,0.7950310559006211,6592.0,1648,455,0.9420289855072463
kernel_density,0,10,0.5,211,new,colorado,Gold,"[5,10)",4363,423,17452.0,0.37555601818036877,612.0,153,86,0.2033096926713948,3124.0,781,239,0.5650118203309693,7204.0,1801,325,0.7683215130023641
kernel_density,0,10,0.5,211,new,colorado,Gold,"[10,20)",8458,338,33832.0,0.16625329500099614,216.0,54,26,0.07692307692307693,1448.0,362,82,0.24260355029585798,2932.0,733,113,0.3343195266272189
kernel_density,0,10,0.5,211,new,colorado,Gold,"[20,inf)",16295,128,65180.0,0.06395346743911245,0.0,0,0,0.0,120.0,30,4,0.03125,272.0,68,14,0.109375
kernel_density,0,10,0.5,211,new,colorado,Gold,no_context,11250,3,45000.0,0.0002666666666666667,0.0,0,0,0.0,0.0,0,0,0.0,0.0,0,0,0.0
kernel_density,0,10,0.5,211,new,colorado,Copper,"[0,5)",1448,261,5792.0,0.4545998714528356,708.0,177,95,0.36398467432950193,3256.0,814,217,0.8314176245210728,5396.0,1349,260,0.9961685823754789
kernel_density,0,10,0.5,211,new,colorado,Copper,"[5,10)",3387,224,13548.0,0.2371149354870341,548.0,137,43,0.19196428571428573,3344.0,836,134,0.5982142857142857,7880.0,1970,187,0.8348214285714286
kernel_density,0,10,0.5,211,new,colorado,Copper,"[10,20)",7468,235,29872.0,0.11952520772189096,312.0,78,21,0.08936170212765958,1600.0,400,68,0.28936170212765955,3292.0,823,95,0.40425531914893614
kernel_density,0,10,0.5,211,new,colorado,Copper,"[20,inf)",20197,112,80788.0,0.025219761658909674,132.0,33,0,0.0,300.0,75,7,0.0625,432.0,108,8,0.07142857142857142
kernel_density,0,10,0.5,211,new,colorado,Copper,no_context,10000,7,40000.0,0.0007,0.0,0,0,0.0,0.0,0,0,0.0,0.0,0,0,0.0
kernel_density,0,10,0.5,307,new,nevada,Gold,"[0,5)",4609,738,18436.0,0.24051827373176177,644.0,161,51,0.06910569105691057,3828.0,957,235,0.31842818428184283,7604.0,1901,419,0.5677506775067751
kernel_density,0,10,0.5,307,new,nevada,Gold,"[5,10)",8840,623,35360.0,0.11149637622373669,456.0,114,16,0.025682182985553772,2300.0,575,79,0.12680577849117175,5136.0,1284,148,0.2375601926163724
kernel_density,0,10,0.5,307,new,nevada,Gold,"[10,20)",14077,634,56308.0,0.06856034159776508,436.0,109,4,0.006309148264984227,1652.0,413,36,0.056782334384858045,2940.0,735,72,0.11356466876971609
kernel_density,0,10,0.5,307,new,nevada,Gold,"[20,inf)",12474,353,49896.0,0.045793977277269894,64.0,16,0,0.0,220.0,55,0,0.0,320.0,80,1,0.0028328611898017
kernel_density,0,10,0.5,307,new,nevada,Gold,no_context,0,0,0.0,,0.0,0,0,,0.0,0,0,,0.0,0,0,
kernel_density,0,10,0.5,307,new,nevada,Copper,"[0,5)",2752,346,11008.0,0.1715081361232932,652.0,163,33,0.0953757225433526,3484.0,871,147,0.42485549132947975,6424.0,1606,243,0.7023121387283237
kernel_density,0,10,0.5,307,new,nevada,Copper,"[5,10)",6513,281,26052.0,0.06734528227210065,400.0,100,5,0.017793594306049824,2528.0,632,54,0.19217081850533807,6100.0,1525,119,0.4234875444839858
kernel_density,0,10,0.5,307,new,nevada,Copper,"[10,20)",12719,328,50876.0,0.038619012824220124,476.0,119,5,0.01524390243902439,1648.0,412,20,0.06097560975609756,3036.0,759,42,0.12804878048780488
kernel_density,0,10,0.5,307,new,nevada,Copper,"[20,inf)",18016,257,72064.0,0.024968422237318606,72.0,18,0,0.0,340.0,85,1,0.0038910505836575876,440.0,110,1,0.0038910505836575876
kernel_density,0,10,0.5,307,new,nevada,Copper,no_context,0,0,0.0,,0.0,0,0,,0.0,0,0,,0.0,0,0,
kernel_density,0,10,0.5,307,new,arizona,Gold,"[0,5)",2183,373,8723.172920763493,0.30873992993689076,916.0,229,80,0.21447721179624665,4153.313136219978,1039,262,0.7024128686327078,7031.172920763493,1760,337,0.903485254691689
kernel_density,0,10,0.5,307,new,arizona,Gold,"[5,10)",4464,355,17842.117837281432,0.1820060350451536,524.0,131,38,0.10704225352112676,3007.717074306216,754,139,0.39154929577464787,7350.652257771697,1841,245,0.6901408450704225
kernel_density,0,10,0.5,307,new,arizona,Gold,"[10,20)",7990,276,31933.804004330188,0.10414377933860222,244.0,61,14,0.050724637681159424,1162.699077308178,292,57,0.20652173913043478,2286.420044839382,573,83,0.3007246376811594
kernel_density,0,10,0.5,307,new,arizona,Gold,"[20,inf)",13908,165,55595.651519700885,0.032064316276931126,8.0,2,1,0.006060606060606061,132.0,33,6,0.03636363636363636,244.0,61,6,0.03636363636363636
kernel_density,0,10,0.5,307,new,arizona,Gold,no_context,13750,3,55000.0,0.00021818181818181818,0.0,0,0,0.0,0.0,0,0,0.0,0.0,0,0,0.0
kernel_density,0,10,0.5,307,new,arizona,Copper,"[0,5)",2438,434,9743.172920763493,0.30861578474626833,936.0,234,79,0.18202764976958524,4201.313136219978,1051,275,0.6336405529953917,7327.172920763493,1834,375,0.8640552995391705
kernel_density,0,10,0.5,307,new,arizona,Copper,"[5,10)",5034,394,20122.117837281432,0.15403453101977346,468.0,117,29,0.07360406091370558,3003.717074306216,753,137,0.3477157360406091,7126.652257771697,1785,234,0.5939086294416244
kernel_density,0,10,0.5,307,new,arizona,Copper,"[10,20)",8856,296,35397.80400433019,0.08969506147289988,280.0,70,10,0.033783783783783786,1198.388191461563,300,42,0.14189189189189189,2362.420044839382,592,81,0.27364864864864863
kernel_density,0,10,0.5,307,new,arizona,Copper,"[20,inf)",14717,174,58831.651519700885,0.05243863534823954,8.0,2,1,0.005747126436781609,52.0,13,4,0.022988505747126436,96.0,24,6,0.034482758620689655
kernel_density,0,10,0.5,307,new,arizona,Copper,no_context,11250,12,45000.0,0.0010666666666666667,0.0,0,0,0.0,0.0,0,0,0.0,0.0,0,0,0.0
kernel_density,0,10,0.5,307,new,colorado,Gold,"[0,5)",2273,523,9092.0,0.6014720336886623,924.0,231,170,0.32504780114722753,4408.0,1102,413,0.7896749521988528,7116.0,1779,491,0.9388145315487572
kernel_density,0,10,0.5,307,new,colorado,Gold,"[5,10)",4345,396,17380.0,0.4074367446135838,512.0,128,80,0.20202020202020202,2904.0,726,231,0.5833333333333334,7040.0,1760,318,0.803030303030303
kernel_density,0,10,0.5,307,new,colorado,Gold,"[10,20)",7788,309,31152.0,0.16891650153427776,240.0,60,22,0.07119741100323625,1136.0,284,70,0.22653721682847897,2628.0,657,107,0.34627831715210355
kernel_density,0,10,0.5,307,new,colorado,Gold,"[20,inf)",16844,139,67376.0,0.04900297536058933,24.0,6,2,0.014388489208633094,52.0,13,3,0.02158273381294964,216.0,54,6,0.04316546762589928
kernel_density,0,10,0.5,307,new,colorado,Gold,no_context,11250,8,45000.0,0.0007111111111111111,0.0,0,0,0.0,0.0,0,0,0.0,0.0,0,0,0.0
kernel_density,0,10,0.5,307,new,colorado,Copper,"[0,5)",1572,294,6288.0,0.4370056301633544,900.0,225,108,0.3673469387755102,3948.0,987,252,0.8571428571428571,5980.0,1495,290,0.9863945578231292
kernel_density,0,10,0.5,307,new,colorado,Copper,"[5,10)",3330,239,13320.0,0.26134530424858465,536.0,134,57,0.2384937238493724,3304.0,826,129,0.5397489539748954,7900.0,1975,194,0.8117154811715481
kernel_density,0,10,0.5,307,new,colorado,Copper,"[10,20)",6708,170,26832.0,0.11356635242316351,240.0,60,17,0.1,1204.0,301,45,0.2647058823529412,2980.0,745,61,0.3588235294117647
kernel_density,0,10,0.5,307,new,colorado,Copper,"[20,inf)",20890,133,83560.0,0.020714160727567606,24.0,6,0,0.0,44.0,11,0,0.0,140.0,35,3,0.022556390977443608
kernel_density,0,10,0.5,307,new,colorado,Copper,no_context,10000,3,40000.0,0.0003,0.0,0,0,0.0,0.0,0,0,0.0,0.0,0,0,0.0
kernel_density,0,10,1.0,0,new,nevada,Gold,"[0,5)",8325,1353,33300.0,0.2848533472013879,1524.0,381,151,0.11160384331116038,7128.0,1782,533,0.3939393939393939,13100.0,3275,828,0.6119733924611973
kernel_density,0,10,1.0,0,new,nevada,Gold,"[5,10)",13302,705,53208.0,0.09888870171315786,72.0,18,3,0.00425531914893617,860.0,215,33,0.04680851063829787,2884.0,721,100,0.14184397163120568
kernel_density,0,10,1.0,0,new,nevada,Gold,"[10,20)",12897,231,51588.0,0.039236619600907734,4.0,1,0,0.0,12.0,3,0,0.0,16.0,4,1,0.004329004329004329
kernel_density,0,10,1.0,0,new,nevada,Gold,"[20,inf)",5476,59,21904.0,0.011591507711651,0.0,0,0,0.0,0.0,0,0,0.0,0.0,0,0,0.0
kernel_density,0,10,1.0,0,new,nevada,Gold,no_context,0,0,0.0,,0.0,0,0,,0.0,0,0,,0.0,0,0,
kernel_density,0,10,1.0,0,new,nevada,Copper,"[0,5)",5074,582,20296.0,0.20642919477945618,1468.0,367,99,0.17010309278350516,6420.0,1605,285,0.4896907216494845,11240.0,2810,427,0.7336769759450171
kernel_density,0,10,1.0,0,new,nevada,Copper,"[5,10)",10390,363,41560.0,0.06713108917572004,124.0,31,3,0.008264462809917356,1564.0,391,43,0.1184573002754821,4724.0,1181,88,0.24242424242424243
kernel_density,0,10,1.0,0,new,nevada,Copper,"[10,20)",14278,207,57112.0,0.022773347694610997,8.0,2,0,0.0,16.0,4,0,0.0,36.0,9,1,0.004830917874396135
kernel_density,0,10,1.0,0,new,nevada,Copper,"[20,inf)",10258,60,41032.0,0.005894656606188473,0.0,0,0,0.0,0.0,0,0,0.0,0.0,0,0,0.0
kernel_density,0,10,1.0,0,new,nevada,Copper,no_context,0,0,0.0,,0.0,0,0,,0.0,0,0,,0.0,0,0,
kernel_density,0,10,1.0,0,new,arizona,Gold,"[0,5)",3924,650,15683.194419384003,0.37383361109268626,1492.0,373,174,0.2676923076923077,6705.313136219978,1677,425,0.6538461538461539,11155.194419384003,2792,576,0.8861538461538462
kernel_density,0,10,1.0,0,new,arizona,Gold,"[5,10)",6869,359,27455.386983962264,0.16956889661561214,196.0,49,18,0.05013927576601671,1727.010070235934,433,82,0.22841225626740946,5709.560839266982,1432,181,0.5041782729805014
kernel_density,0,10,1.0,0,new,arizona,Gold,"[10,20)",9022,114,36060.28050996736,0.03175473194477778,4.0,1,0,0.0,24.0,6,2,0.017543859649122806,48.0,12,3,0.02631578947368421
kernel_density,0,10,1.0,0,new,arizona,Gold,"[20,inf)",11230,46,44895.884368762374,0.010461108439408983,0.0,0,0,0.0,0.0,0,0,0.0,0.0,0,0,0.0
kernel_density,0,10,1.0,0,new,arizona,Gold,no_context,11250,3,45000.0,0.0002666666666666667,0.0,0,0,0.0,0.0,0,0,0.0,0.0,0,0,0.0
kernel_density,0,10,1.0,0,new,arizona,Copper,"[0,5)",4594,755,18367.172920763493,0.33434594261938766,1536.0,384,164,0.21721854304635763,6844.0,1711,467,0.6185430463576159,11839.172920763493,2962,634,0.8397350993377484
kernel_density,0,10,1.0,0,new,arizona,Copper,"[5,10)",7706,379,30806.35019686958,0.14300731797187508,152.0,38,15,0.0395778364116095,1600.0,400,71,0.18733509234828497,5023.717074306216,1258,142,0.37467018469656993
kernel_density,0,10,1.0,0,new,arizona,Copper,"[10,20)",9118,118,36444.45259996131,0.034635750418520066,4.0,1,0,0.0,12.0,3,0,0.0,48.0,12,1,0.00847457627118644
kernel_density,0,10,1.0,0,new,arizona,Copper,"[20,inf)",12127,52,48476.770564481616,0.010871341556429428,0.0,0,0,0.0,0.0,0,0,0.0,0.0,0,0,0.0
kernel_density,0,10,1.0,0,new,arizona,Copper,no_context,8750,6,35000.0,0.0006857142857142857,0.0,0,0,0.0,0.0,0,0,0.0,0.0,0,0,0.0
kernel_density,0,10,1.0,0,new,colorado,Gold,"[0,5)",4225,906,16900.0,0.6135401376773383,1480.0,370,284,0.31346578366445915,6888.0,1722,694,0.7660044150110376,11540.0,2885,819,0.9039735099337748
kernel_density,0,10,1.0,0,new,colorado,Gold,"[5,10)",6572,326,26288.0,0.2834929061311909,212.0,53,39,0.1196319018404908,1572.0,393,109,0.3343558282208589,5364.0,1341,190,0.5828220858895705
kernel_density,0,10,1.0,0,new,colorado,Gold,"[10,20)",8806,114,35224.0,0.08195275810220762,8.0,2,1,0.008771929824561403,40.0,10,5,0.043859649122807015,96.0,24,6,0.05263157894736842
kernel_density,0,10,1.0,0,new,colorado,Gold,"[20,inf)",15397,27,61588.0,0.0021304071183788948,0.0,0,0,0.0,0.0,0,0,0.0,0.0,0,0,0.0
kernel_density,0,10,1.0,0,new,colorado,Gold,no_context,7500,2,30000.0,0.0002666666666666667,0.0,0,0,0.0,0.0,0,0,0.0,0.0,0,0,0.0
kernel_density,0,10,1.0,0,new,colorado,Copper,"[0,5)",2875,482,11500.0,0.46487076259396565,1448.0,362,186,0.38589211618257263,6164.0,1541,401,0.8319502074688797,9608.0,2402,463,0.9605809128630706
kernel_density,0,10,1.0,0,new,colorado,Copper,"[5,10)",5168,220,20672.0,0.23026118230442397,240.0,60,28,0.12727272727272726,2292.0,573,90,0.4090909090909091,7192.0,1798,147,0.6681818181818182
kernel_density,0,10,1.0,0,new,colorado,Copper,"[10,20)",8194,84,32776.0,0.030514365869238037,12.0,3,1,0.011904761904761904,44.0,11,2,0.023809523809523808,200.0,50,3,0.03571428571428571
kernel_density,0,10,1.0,0,new,colorado,Copper,"[20,inf)",20013,52,80052.0,0.005587077292185876,0.0,0,0,0.0,0.0,0,0,0.0,0.0,0,0,0.0
kernel_density,0,10,1.0,0,new,colorado,Copper,no_context,6250,1,25000.0,0.00016,0.0,0,0,0.0,0.0,0,0,0.0,0.0,0,0,0.0
kernel_density,0,20,0.0,0,new,nevada,Gold,"[0,5)",0,0,0.0,,0.0,0,0,,0.0,0,0,,0.0,0,0,
kernel_density,0,20,0.0,0,new,nevada,Gold,"[5,10)",0,0,0.0,,0.0,0,0,,0.0,0,0,,0.0,0,0,
kernel_density,0,20,0.0,0,new,nevada,Gold,"[10,20)",0,0,0.0,,0.0,0,0,,0.0,0,0,,0.0,0,0,
kernel_density,0,20,0.0,0,new,nevada,Gold,"[20,inf)",0,0,0.0,,0.0,0,0,,0.0,0,0,,0.0,0,0,
kernel_density,0,20,0.0,0,new,nevada,Gold,no_context,40000,2348,160000.0,0.058699999999999995,1600.0,400,23,0.009795570698466781,8000.0,2000,111,0.04727427597955707,16000.0,4000,243,0.1034923339011925
kernel_density,0,20,0.0,0,new,nevada,Copper,"[0,5)",0,0,0.0,,0.0,0,0,,0.0,0,0,,0.0,0,0,
kernel_density,0,20,0.0,0,new,nevada,Copper,"[5,10)",0,0,0.0,,0.0,0,0,,0.0,0,0,,0.0,0,0,
kernel_density,0,20,0.0,0,new,nevada,Copper,"[10,20)",0,0,0.0,,0.0,0,0,,0.0,0,0,,0.0,0,0,
kernel_density,0,20,0.0,0,new,nevada,Copper,"[20,inf)",0,0,0.0,,0.0,0,0,,0.0,0,0,,0.0,0,0,
kernel_density,0,20,0.0,0,new,nevada,Copper,no_context,40000,1212,160000.0,0.030299999999999997,1600.0,400,11,0.009075907590759076,8000.0,2000,60,0.04950495049504951,16000.0,4000,123,0.10148514851485149
kernel_density,0,20,0.0,0,new,arizona,Gold,"[0,5)",0,0,0.0,,0.0,0,0,,0.0,0,0,,0.0,0,0,
kernel_density,0,20,0.0,0,new,arizona,Gold,"[5,10)",0,0,0.0,,0.0,0,0,,0.0,0,0,,0.0,0,0,
kernel_density,0,20,0.0,0,new,arizona,Gold,"[10,20)",0,0,0.0,,0.0,0,0,,0.0,0,0,,0.0,0,0,
kernel_density,0,20,0.0,0,new,arizona,Gold,"[20,inf)",0,0,0.0,,0.0,0,0,,0.0,0,0,,0.0,0,0,
kernel_density,0,20,0.0,0,new,arizona,Gold,no_context,42295,1172,169094.746282076,0.02771013122118454,1692.0,423,10,0.008532423208191127,8456.0,2114,60,0.051194539249146756,16910.2060251832,4230,123,0.10494880546075085
kernel_density,0,20,0.0,0,new,arizona,Copper,"[0,5)",0,0,0.0,,0.0,0,0,,0.0,0,0,,0.0,0,0,
kernel_density,0,20,0.0,0,new,arizona,Copper,"[5,10)",0,0,0.0,,0.0,0,0,,0.0,0,0,,0.0,0,0,
kernel_density,0,20,0.0,0,new,arizona,Copper,"[10,20)",0,0,0.0,,0.0,0,0,,0.0,0,0,,0.0,0,0,
kernel_density,0,20,0.0,0,new,arizona,Copper,"[20,inf)",0,0,0.0,,0.0,0,0,,0.0,0,0,,0.0,0,0,
kernel_density,0,20,0.0,0,new,arizona,Copper,no_context,42295,1310,169094.746282076,0.030972928242108996,1692.0,423,10,0.007633587786259542,8456.0,2114,70,0.05343511450381679,16910.2060251832,4230,128,0.09770992366412214
kernel_density,0,20,0.0,0,new,colorado,Gold,"[0,5)",0,0,0.0,,0.0,0,0,,0.0,0,0,,0.0,0,0,
kernel_density,0,20,0.0,0,new,colorado,Gold,"[5,10)",0,0,0.0,,0.0,0,0,,0.0,0,0,,0.0,0,0,
kernel_density,0,20,0.0,0,new,colorado,Gold,"[10,20)",0,0,0.0,,0.0,0,0,,0.0,0,0,,0.0,0,0,
kernel_density,0,20,0.0,0,new,colorado,Gold,"[20,inf)",0,0,0.0,,0.0,0,0,,0.0,0,0,,0.0,0,0,
kernel_density,0,20,0.0,0,new,colorado,Gold,no_context,42500,1375,170000.0,0.032352941176470584,1700.0,425,10,0.007272727272727273,8500.0,2125,64,0.04654545454545454,17000.0,4250,144,0.10472727272727272
kernel_density,0,20,0.0,0,new,colorado,Copper,"[0,5)",0,0,0.0,,0.0,0,0,,0.0,0,0,,0.0,0,0,
kernel_density,0,20,0.0,0,new,colorado,Copper,"[5,10)",0,0,0.0,,0.0,0,0,,0.0,0,0,,0.0,0,0,
kernel_density,0,20,0.0,0,new,colorado,Copper,"[10,20)",0,0,0.0,,0.0,0,0,,0.0,0,0,,0.0,0,0,
kernel_density,0,20,0.0,0,new,colorado,Copper,"[20,inf)",0,0,0.0,,0.0,0,0,,0.0,0,0,,0.0,0,0,
kernel_density,0,20,0.0,0,new,colorado,Copper,no_context,42500,839,170000.0,0.019741176470588234,1700.0,425,5,0.0059594755661501785,8500.0,2125,38,0.04529201430274136,17000.0,4250,74,0.08820023837902265
kernel_density,0,20,0.25,101,new,nevada,Gold,"[0,5)",901,149,3604.0,0.25903974626425297,44.0,11,1,0.006711409395973154,944.0,236,61,0.40939597315436244,1952.0,488,103,0.6912751677852349
kernel_density,0,20,0.25,101,new,nevada,Gold,"[5,10)",2571,207,10284.0,0.11292952913723249,76.0,19,2,0.00966183574879227,1028.0,257,33,0.15942028985507245,2840.0,710,87,0.42028985507246375
kernel_density,0,20,0.25,101,new,nevada,Gold,"[10,20)",9517,565,38068.0,0.0805214145225036,240.0,60,2,0.0035398230088495575,2140.0,535,44,0.07787610619469026,4924.0,1231,105,0.18584070796460178
kernel_density,0,20,0.25,101,new,nevada,Gold,"[20,inf)",25811,1390,103244.0,0.07075772802220495,1240.0,310,12,0.008633093525179856,3888.0,972,56,0.04028776978417266,6284.0,1571,137,0.0985611510791367
kernel_density,0,20,0.25,101,new,nevada,Gold,no_context,1200,37,4800.0,0.030833333333333334,0.0,0,0,0.0,0.0,0,0,0.0,0.0,0,0,0.0
kernel_density,0,20,0.25,101,new,nevada,Copper,"[0,5)",597,64,2388.0,0.16593938132490557,56.0,14,7,0.109375,776.0,194,23,0.359375,1680.0,420,42,0.65625
kernel_density,0,20,0.25,101,new,nevada,Copper,"[5,10)",1815,89,7260.0,0.08868994676450201,48.0,12,3,0.033707865168539325,1140.0,285,19,0.21348314606741572,2952.0,738,50,0.5617977528089888
kernel_density,0,20,0.25,101,new,nevada,Copper,"[10,20)",7945,292,31780.0,0.04775961116041678,136.0,34,1,0.003424657534246575,2316.0,579,25,0.08561643835616438,5392.0,1348,78,0.2671232876712329
kernel_density,0,20,0.25,101,new,nevada,Copper,"[20,inf)",27243,705,108972.0,0.03491150840874066,1360.0,340,9,0.01276595744680851,3768.0,942,30,0.0425531914893617,5976.0,1494,56,0.07943262411347518
kernel_density,0,20,0.25,101,new,nevada,Copper,no_context,2400,62,9600.0,0.025833333333333333,0.0,0,0,0.0,0.0,0,0,0.0,0.0,0,0,0.0
kernel_density,0,20,0.25,101,new,arizona,Gold,"[0,5)",546,98,2184.0,0.34527251335281184,4.0,1,1,0.01020408163265306,1004.0,251,59,0.6020408163265306,1976.0,494,96,0.9795918367346939
kernel_density,0,20,0.25,101,new,arizona,Gold,"[5,10)",1385,132,5540.0,0.16053414701937263,32.0,8,0,0.0,1256.0,314,57,0.4318181818181818,3336.0,834,111,0.8409090909090909
kernel_density,0,20,0.25,101,new,arizona,Gold,"[10,20)",5289,313,21130.960252236575,0.15246048398346482,216.0,54,15,0.04792332268370607,2260.0,565,103,0.329073482428115,5550.09959602356,1389,187,0.597444089456869
kernel_density,0,20,0.25,101,new,arizona,Gold,"[20,inf)",16375,508,65439.78602983942,0.051717841347731296,1440.0,360,15,0.02952755905511811,3938.0730604603887,990,75,0.14763779527559054,6050.4456280111335,1525,113,0.22244094488188976
kernel_density,0,20,0.25,101,new,arizona,Gold,no_context,18700,121,74800.0,0.006470588235294118,0.0,0,0,0.0,0.0,0,0,0.0,0.0,0,0,0.0
kernel_density,0,20,0.25,101,new,arizona,Copper,"[0,5)",676,111,2704.0,0.27554256842666025,24.0,6,2,0.018018018018018018,1008.0,252,64,0.5765765765765766,2012.0,503,101,0.9099099099099099
kernel_density,0,20,0.25,101,new,arizona,Copper,"[5,10)",1597,150,6388.0,0.16255007285494397,32.0,8,1,0.006666666666666667,1156.0,289,53,0.35333333333333333,3164.0,791,117,0.78
kernel_density,0,20,0.25,101,new,arizona,Copper,"[10,20)",5751,333,22978.960252236575,0.12332317196663116,116.0,29,7,0.021021021021021023,2268.0,567,84,0.25225225225225223,5519.7114045619965,1381,165,0.4954954954954955
kernel_density,0,20,0.25,101,new,arizona,Copper,"[20,inf)",14371,596,57423.78602983942,0.05504997597820998,1520.0,380,17,0.028523489932885907,4025.623447239399,1010,63,0.10570469798657718,6216.800282919314,1566,112,0.18791946308724833
kernel_density,0,20,0.25,101,new,arizona,Copper,no_context,19900,120,79600.0,0.006030150753768845,0.0,0,0,0.0,0.0,0,0,0.0,0.0,0,0,0.0
kernel_density,0,20,0.25,101,new,colorado,Gold,"[0,5)",644,166,2576.0,0.6121434423258197,352.0,88,65,0.39156626506024095,1612.0,403,148,0.891566265060241,2464.0,616,163,0.9819277108433735
kernel_density,0,20,0.25,101,new,colorado,Gold,"[5,10)",1444,157,5776.0,0.36721383729415086,344.0,86,46,0.2929936305732484,2028.0,507,120,0.7643312101910829,4252.0,1063,145,0.9235668789808917
kernel_density,0,20,0.25,101,new,colorado,Gold,"[10,20)",5452,353,21808.0,0.2097075679977054,400.0,100,43,0.12181303116147309,2992.0,748,161,0.45609065155807366,6540.0,1635,207,0.5864022662889519
kernel_density,0,20,0.25,101,new,colorado,Gold,"[20,inf)",15160,548,60640.0,0.07460191693263579,604.0,151,2,0.0036496350364963502,1868.0,467,70,0.12773722627737227,3744.0,936,102,0.18613138686131386
kernel_density,0,20,0.25,101,new,colorado,Gold,no_context,19800,151,79200.0,0.007626262626262626,0.0,0,0,0.0,0.0,0,0,0.0,0.0,0,0,0.0
kernel_density,0,20,0.25,101,new,colorado,Copper,"[0,5)",453,104,1812.0,0.3921705595141738,224.0,56,25,0.2403846153846154,1244.0,311,91,0.875,1812.0,453,104,1.0
kernel_density,0,20,0.25,101,new,colorado,Copper,"[5,10)",1195,95,4780.0,0.219954263895062,264.0,66,20,0.21052631578947367,1908.0,477,74,0.7789473684210526,4368.0,1092,95,1.0
kernel_density,0,20,0.25,101,new,colorado,Copper,"[10,20)",4772,218,19088.0,0.12985416301167801,540.0,135,24,0.11009174311926606,2820.0,705,94,0.43119266055045874,6744.0,1686,154,0.7064220183486238
kernel_density,0,20,0.25,101,new,colorado,Copper,"[20,inf)",16380,323,65520.0,0.042569177004282116,672.0,168,2,0.006191950464396285,2528.0,632,32,0.09907120743034056,4076.0,1019,61,0.18885448916408668
kernel_density,0,20,0.25,101,new,colorado,Copper,no_context,19700,99,78800.0,0.005025380710659898,0.0,0,0,0.0,0.0,0,0,0.0,0.0,0,0,0.0
kernel_density,0,20,0.25,211,new,nevada,Gold,"[0,5)",1109,213,4436.0,0.29515390691820076,0.0,0,0,0.0,552.0,138,52,0.24413145539906103,1908.0,477,124,0.5821596244131455
kernel_density,0,20,0.25,211,new,nevada,Gold,"[5,10)",2854,267,11416.0,0.1363109113407251,12.0,3,0,0.0,672.0,168,30,0.11235955056179775,2472.0,618,88,0.3295880149812734
kernel_density,0,20,0.25,211,new,nevada,Gold,"[10,20)",9585,564,38340.0,0.08590659977287292,100.0,25,3,0.005319148936170213,1760.0,440,43,0.07624113475177305,4492.0,1123,102,0.18085106382978725
kernel_density,0,20,0.25,211,new,nevada,Gold,"[20,inf)",25252,1259,101008.0,0.06671066567795303,1488.0,372,35,0.02779984114376489,5016.0,1254,63,0.05003971405877681,7128.0,1782,130,0.10325655281969817
kernel_density,0,20,0.25,211,new,nevada,Gold,no_context,1200,45,4800.0,0.0375,0.0,0,0,0.0,0.0,0,0,0.0,0.0,0,0,0.0
kernel_density,0,20,0.25,211,new,nevada,Copper,"[0,5)",723,95,2892.0,0.18790499714979086,0.0,0,0,0.0,612.0,153,30,0.3157894736842105,1632.0,408,61,0.6421052631578947
kernel_density,0,20,0.25,211,new,nevada,Copper,"[5,10)",2116,113,8464.0,0.08442318893886733,20.0,5,2,0.017699115044247787,800.0,200,19,0.168141592920354,2600.0,650,53,0.4690265486725664
kernel_density,0,20,0.25,211,new,nevada,Copper,"[10,20)",8317,270,33268.0,0.04811424980259178,80.0,20,1,0.003703703703703704,2276.0,569,32,0.11851851851851852,5176.0,1294,68,0.2518518518518518
kernel_density,0,20,0.25,211,new,nevada,Copper,"[20,inf)",26344,670,105376.0,0.03475903974893432,1500.0,375,6,0.008955223880597015,4312.0,1078,40,0.05970149253731343,6592.0,1648,82,0.12238805970149254
kernel_density,0,20,0.25,211,new,nevada,Copper,no_context,2500,64,10000.0,0.0256,0.0,0,0,0.0,0.0,0,0,0.0,0.0,0,0,0.0
kernel_density,0,20,0.25,211,new,arizona,Gold,"[0,5)",562,85,2248.0,0.32976995495912936,0.0,0,0,0.0,656.0,164,43,0.5058823529411764,1644.0,411,76,0.8941176470588236
kernel_density,0,20,0.25,211,new,arizona,Gold,"[5,10)",1373,111,5492.0,0.1304987934008828,0.0,0,0,0.0,716.0,179,24,0.21621621621621623,2560.0,640,87,0.7837837837837838
kernel_density,0,20,0.25,211,new,arizona,Gold,"[10,20)",4884,236,19510.960252236575,0.0931846230658946,0.0,0,0,0.0,1456.0,364,29,0.1228813559322034,4499.7114045619965,1126,129,0.5466101694915254
kernel_density,0,20,0.25,211,new,arizona,Gold,"[20,inf)",21576,696,86243.78602983942,0.03776449962690095,1692.0,423,15,0.021551724137931036,5628.0,1407,68,0.09770114942528736,8209.744831526186,2062,92,0.13218390804597702
kernel_density,0,20,0.25,211,new,arizona,Gold,no_context,13900,44,55600.0,0.0031654676258992807,0.0,0,0,0.0,0.0,0,0,0.0,0.0,0,0,0.0
kernel_density,0,20,0.25,211,new,arizona,Copper,"[0,5)",618,95,2472.0,0.24433751311575028,0.0,0,0,0.0,604.0,151,41,0.43157894736842106,1552.0,388,75,0.7894736842105263
kernel_density,0,20,0.25,211,new,arizona,Copper,"[5,10)",1465,130,5860.0,0.12885303577425547,0.0,0,0,0.0,644.0,161,16,0.12307692307692308,2368.0,592,84,0.6461538461538462
kernel_density,0,20,0.25,211,new,arizona,Copper,"[10,20)",5440,268,21734.960252236575,0.09730274243876069,0.0,0,0,0.0,1276.0,319,35,0.13059701492537312,4291.7114045619965,1074,125,0.4664179104477612
kernel_density,0,20,0.25,211,new,arizona,Copper,"[20,inf)",21072,755,84227.78602983942,0.045987459655792935,1692.0,423,15,0.019867549668874173,5932.0,1483,74,0.09801324503311258,8701.744831526186,2185,122,0.16158940397350993
kernel_density,0,20,0.25,211,new,arizona,Copper,no_context,13700,62,54800.0,0.004525547445255474,0.0,0,0,0.0,0.0,0,0,0.0,0.0,0,0,0.0
kernel_density,0,20,0.25,211,new,colorado,Gold,"[0,5)",587,134,2348.0,0.5452147787654409,336.0,84,60,0.44776119402985076,1448.0,362,106,0.7910447761194029,2348.0,587,134,1.0
kernel_density,0,20,0.25,211,new,colorado,Gold,"[5,10)",1407,163,5628.0,0.36482456966178173,324.0,81,44,0.26993865030674846,1988.0,497,120,0.7361963190184049,4520.0,1130,159,0.9754601226993865
kernel_density,0,20,0.25,211,new,colorado,Gold,"[10,20)",4880,291,19520.0,0.26319056249159334,500.0,125,58,0.19931271477663232,3124.0,781,159,0.5463917525773195,6632.0,1658,214,0.7353951890034365
kernel_density,0,20,0.25,211,new,colorado,Gold,"[20,inf)",16726,547,66904.0,0.05387731284162599,540.0,135,6,0.010968921389396709,1940.0,485,35,0.06398537477148081,3500.0,875,52,0.09506398537477148
kernel_density,0,20,0.25,211,new,colorado,Gold,no_context,18900,240,75600.0,0.012698412698412698,0.0,0,0,0.0,0.0,0,0,0.0,0.0,0,0,0.0
kernel_density,0,20,0.25,211,new,colorado,Copper,"[0,5)",373,69,1492.0,0.38735626886400126,448.0,112,44,0.6376811594202898,1252.0,313,67,0.9710144927536232,1492.0,373,69,1.0
kernel_density,0,20,0.25,211,new,colorado,Copper,"[5,10)",1109,89,4436.0,0.18497388214200303,492.0,123,34,0.38202247191011235,2368.0,592,67,0.7528089887640449,4424.0,1106,89,1.0
kernel_density,0,20,0.25,211,new,colorado,Copper,"[10,20)",4436,192,17744.0,0.13911697533803077,588.0,147,36,0.1875,3616.0,904,104,0.5416666666666666,7976.0,1994,150,0.78125
kernel_density,0,20,0.25,211,new,colorado,Copper,"[20,inf)",17782,312,71128.0,0.031982736255148796,172.0,43,2,0.00641025641025641,1264.0,316,11,0.035256410256410256,3108.0,777,36,0.11538461538461539
kernel_density,0,20,0.25,211,new,colorado,Copper,no_context,18800,177,75200.0,0.009414893617021277,0.0,0,0,0.0,0.0,0,0,0.0,0.0,0,0,0.0
kernel_density,0,20,0.25,307,new,nevada,Gold,"[0,5)",1071,173,4284.0,0.2268564218178799,0.0,0,0,0.0,840.0,210,54,0.31213872832369943,2108.0,527,105,0.6069364161849711
kernel_density,0,20,0.25,307,new,nevada,Gold,"[5,10)",2840,253,11360.0,0.11862361322580887,20.0,5,0,0.0,1000.0,250,37,0.14624505928853754,2688.0,672,88,0.34782608695652173
kernel_density,0,20,0.25,307,new,nevada,Gold,"[10,20)",10002,572,40008.0,0.08572509911901598,144.0,36,3,0.005244755244755245,2108.0,527,30,0.05244755244755245,4852.0,1213,119,0.20804195804195805
kernel_density,0,20,0.25,307,new,nevada,Gold,"[20,inf)",26087,1350,104348.0,0.07202315202838191,1436.0,359,34,0.025185185185185185,4052.0,1013,113,0.0837037037037037,6352.0,1588,152,0.11259259259259259
kernel_density,0,20,0.25,307,new,nevada,Gold,no_context,0,0,0.0,,0.0,0,0,,0.0,0,0,,0.0,0,0,
kernel_density,0,20,0.25,307,new,nevada,Copper,"[0,5)",624,71,2496.0,0.1785489224161752,68.0,17,4,0.056338028169014086,940.0,235,42,0.5915492957746479,2180.0,545,65,0.9154929577464789
kernel_density,0,20,0.25,307,new,nevada,Copper,"[5,10)",1727,73,6908.0,0.06746042958281147,72.0,18,0,0.0,1332.0,333,26,0.3561643835616438,3608.0,902,55,0.7534246575342466
kernel_density,0,20,0.25,307,new,nevada,Copper,"[10,20)",7235,260,28940.0,0.05039255670229009,172.0,43,3,0.011538461538461539,2700.0,675,41,0.1576923076923077,5672.0,1418,85,0.3269230769230769
kernel_density,0,20,0.25,307,new,nevada,Copper,"[20,inf)",26614,720,106456.0,0.041167240300648326,1288.0,322,20,0.027777777777777776,3028.0,757,41,0.05694444444444444,4540.0,1135,69,0.09583333333333334
kernel_density,0,20,0.25,307,new,nevada,Copper,no_context,3800,88,15200.0,0.023157894736842103,0.0,0,0,0.0,0.0,0,0,0.0,0.0,0,0,0.0
kernel_density,0,20,0.25,307,new,arizona,Gold,"[0,5)",447,81,1779.1729207634926,0.2873048318105803,52.0,13,4,0.04938271604938271,820.0,205,59,0.7283950617283951,1595.1729207634926,401,77,0.9506172839506173
kernel_density,0,20,0.25,307,new,arizona,Gold,"[5,10)",1390,107,5546.629598469939,0.15932443344592637,100.0,25,4,0.037383177570093455,1095.0044004917145,274,48,0.4485981308411215,3256.126856894698,817,91,0.8504672897196262
kernel_density,0,20,0.25,307,new,arizona,Gold,"[10,20)",5436,224,21711.637054983526,0.07950238566749847,328.0,82,6,0.026785714285714284,2444.0,611,62,0.2767857142857143,5528.378247212619,1386,103,0.45982142857142855
kernel_density,0,20,0.25,307,new,arizona,Gold,"[20,inf)",18822,722,75257.30670785904,0.05729712909167002,1212.0,303,21,0.029085872576177285,4096.0,1024,53,0.07340720221606649,6532.700796484947,1636,78,0.10803324099722991
kernel_density,0,20,0.25,307,new,arizona,Gold,no_context,16200,38,64800.0,0.002345679012345679,0.0,0,0,0.0,0.0,0,0,0.0,0.0,0,0,0.0
kernel_density,0,20,0.25,307,new,arizona,Copper,"[0,5)",540,94,2151.1729207634926,0.30424627748106775,28.0,7,3,0.031914893617021274,816.0,204,53,0.5638297872340425,1635.1729207634926,411,82,0.8723404255319149
kernel_density,0,20,0.25,307,new,arizona,Copper,"[5,10)",1543,100,6158.629598469939,0.09730550508895865,68.0,17,2,0.02,1104.0,276,28,0.28,3228.126856894698,810,72,0.72
kernel_density,0,20,0.25,307,new,arizona,Copper,"[10,20)",6198,247,24759.637054983526,0.06827371164295447,368.0,92,5,0.020242914979757085,2472.0,618,58,0.23481781376518218,5648.145887624472,1415,103,0.41700404858299595
kernel_density,0,20,0.25,307,new,arizona,Copper,"[20,inf)",19114,809,76425.30670785904,0.06978241617086767,1228.0,307,14,0.0173053152039555,4064.0,1016,91,0.11248454882571075,6400.700796484947,1603,128,0.15822002472187885
kernel_density,0,20,0.25,307,new,arizona,Copper,no_context,14900,60,59600.0,0.004026845637583893,0.0,0,0,0.0,0.0,0,0,0.0,0.0,0,0,0.0
kernel_density,0,20,0.25,307,new,colorado,Gold,"[0,5)",702,171,2808.0,0.5842604959939571,280.0,70,51,0.2982456140350877,1376.0,344,134,0.783625730994152,2248.0,562,155,0.9064327485380117
kernel_density,0,20,0.25,307,new,colorado,Gold,"[5,10)",1740,198,6960.0,0.41153502790150465,208.0,52,37,0.18686868686868688,1700.0,425,124,0.6262626262626263,3808.0,952,177,0.8939393939393939
kernel_density,0,20,0.25,307,new,colorado,Gold,"[10,20)",6233,353,24932.0,0.23372694599342111,376.0,94,50,0.141643059490085,2916.0,729,144,0.40793201133144474,6356.0,1589,223,0.6317280453257791
kernel_density,0,20,0.25,307,new,colorado,Gold,"[20,inf)",17625,629,70500.0,0.06071819190223795,836.0,209,32,0.05087440381558029,2508.0,627,69,0.10969793322734499,4588.0,1147,98,0.15580286168521462
kernel_density,0,20,0.25,307,new,colorado,Gold,no_context,16200,24,64800.0,0.0014814814814814814,0.0,0,0,0.0,0.0,0,0,0.0,0.0,0,0,0.0
kernel_density,0,20,0.25,307,new,colorado,Copper,"[0,5)",433,99,1732.0,0.4243527663186476,244.0,61,31,0.31313131313131315,1048.0,262,81,0.8181818181818182,1732.0,433,99,1.0
kernel_density,0,20,0.25,307,new,colorado,Copper,"[5,10)",1152,123,4608.0,0.3286316876699842,236.0,59,27,0.21951219512195122,1652.0,413,88,0.7154471544715447,4116.0,1029,122,0.991869918699187
kernel_density,0,20,0.25,307,new,colorado,Copper,"[10,20)",4738,198,18952.0,0.13661638918313992,388.0,97,20,0.10101010101010101,2932.0,733,97,0.4898989898989899,6524.0,1631,142,0.7171717171717171
kernel_density,0,20,0.25,307,new,colorado,Copper,"[20,inf)",19977,385,79908.0,0.03202224956015689,832.0,208,5,0.012987012987012988,2868.0,717,35,0.09090909090909091,4628.0,1157,49,0.12727272727272726
kernel_density,0,20,0.25,307,new,colorado,Copper,no_context,16200,34,64800.0,0.0020987654320987655,0.0,0,0,0.0,0.0,0,0,0.0,0.0,0,0,0.0
kernel_density,0,20,0.5,101,new,nevada,Gold,"[0,5)",2025,326,8100.0,0.23938899823934942,244.0,61,25,0.07668711656441718,1872.0,468,112,0.34355828220858897,3724.0,931,199,0.6104294478527608
kernel_density,0,20,0.5,101,new,nevada,Gold,"[5,10)",5326,402,21304.0,0.11887106757421964,252.0,63,9,0.022388059701492536,2048.0,512,73,0.18159203980099503,4356.0,1089,144,0.3582089552238806
kernel_density,0,20,0.5,101,new,nevada,Gold,"[10,20)",15798,847,63192.0,0.08177570541898938,572.0,143,12,0.014167650531286895,2676.0,669,67,0.07910271546635184,5364.0,1341,146,0.17237308146399055
kernel_density,0,20,0.5,101,new,nevada,Gold,"[20,inf)",15651,736,62604.0,0.07934114373618154,532.0,133,14,0.019021739130434784,1404.0,351,28,0.03804347826086957,2556.0,639,63,0.08559782608695653
kernel_density,0,20,0.5,101,new,nevada,Gold,no_context,1200,37,4800.0,0.030833333333333334,0.0,0,0,0.0,0.0,0,0,0.0,0.0,0,0,0.0
kernel_density,0,20,0.5,101,new,nevada,Copper,"[0,5)",1270,152,5080.0,0.162777943355311,296.0,74,15,0.09868421052631579,1684.0,421,59,0.3881578947368421,3140.0,785,104,0.6842105263157895
kernel_density,0,20,0.5,101,new,nevada,Copper,"[5,10)",3813,182,15252.0,0.06502449828100963,372.0,93,6,0.03296703296703297,2116.0,529,37,0.2032967032967033,5012.0,1253,77,0.4230769230769231
kernel_density,0,20,0.5,101,new,nevada,Copper,"[10,20)",13688,408,54752.0,0.045392719710719974,600.0,150,13,0.031862745098039214,2952.0,738,45,0.11029411764705882,5932.0,1483,78,0.19117647058823528
kernel_density,0,20,0.5,101,new,nevada,Copper,"[20,inf)",20029,446,80116.0,0.03511752801736831,332.0,83,1,0.002242152466367713,1248.0,312,17,0.03811659192825112,1916.0,479,24,0.053811659192825115
kernel_density,0,20,0.5,101,new,nevada,Copper,no_context,1200,24,4800.0,0.02,0.0,0,0,0.0,0.0,0,0,0.0,0.0,0,0,0.0
kernel_density,0,20,0.5,101,new,arizona,Gold,"[0,5)",1055,188,4220.0,0.29803136400839136,112.0,28,16,0.0851063829787234,1968.0,492,109,0.5797872340425532,3188.0,797,169,0.898936170212766
kernel_density,0,20,0.5,101,new,arizona,Gold,"[5,10)",2663,249,10652.0,0.2251916473547917,192.0,48,15,0.060240963855421686,2016.0,504,99,0.39759036144578314,4712.0,1178,189,0.7590361445783133
kernel_density,0,20,0.5,101,new,arizona,Gold,"[10,20)",8580,401,34281.72588564083,0.13768177574680174,332.0,83,22,0.05486284289276808,2092.0,523,93,0.23192019950124687,5274.09959602356,1320,192,0.47880299251870323
kernel_density,0,20,0.5,101,new,arizona,Gold,"[20,inf)",14997,302,59941.02039643517,0.04461011038169424,1056.0,264,18,0.059602649006622516,2382.0730604603887,601,43,0.1423841059602649,3737.7448315261863,944,56,0.18543046357615894
kernel_density,0,20,0.5,101,new,arizona,Gold,no_context,15000,32,60000.0,0.0021333333333333334,0.0,0,0,0.0,0.0,0,0,0.0,0.0,0,0,0.0
kernel_density,0,20,0.5,101,new,arizona,Copper,"[0,5)",1276,234,5104.0,0.31001476846692283,372.0,93,32,0.13675213675213677,2152.0,538,146,0.6239316239316239,3524.0,881,204,0.8717948717948718
kernel_density,0,20,0.5,101,new,arizona,Copper,"[5,10)",2993,276,11972.0,0.21025343754023376,328.0,82,22,0.07971014492753623,2208.0,552,120,0.43478260869565216,5060.0,1265,201,0.7282608695652174
kernel_density,0,20,0.5,101,new,arizona,Copper,"[10,20)",8869,420,35450.960252236575,0.11017640798617369,476.0,119,23,0.05476190476190476,2284.0,571,82,0.19523809523809524,5043.7114045619965,1262,148,0.3523809523809524
kernel_density,0,20,0.5,101,new,arizona,Copper,"[20,inf)",12957,329,51767.78602983942,0.03837522906330335,516.0,129,1,0.00303951367781155,1814.0730604603887,459,9,0.02735562310030395,3285.7448315261863,831,29,0.08814589665653495
kernel_density,0,20,0.5,101,new,arizona,Copper,no_context,16200,51,64800.0,0.003148148148148148,0.0,0,0,0.0,0.0,0,0,0.0,0.0,0,0,0.0
kernel_density,0,20,0.5,101,new,colorado,Gold,"[0,5)",1287,302,5148.0,0.5446210361448247,572.0,143,96,0.31788079470198677,2420.0,605,229,0.7582781456953642,4116.0,1029,285,0.9437086092715232
kernel_density,0,20,0.5,101,new,colorado,Gold,"[5,10)",2942,298,11768.0,0.3364276323722901,496.0,124,64,0.21476510067114093,2588.0,647,194,0.6510067114093959,5608.0,1402,247,0.8288590604026845
kernel_density,0,20,0.5,101,new,colorado,Gold,"[10,20)",8823,479,35292.0,0.21650163952448434,560.0,140,66,0.13778705636743216,2712.0,678,173,0.36116910229645094,5456.0,1364,224,0.46764091858037576
kernel_density,0,20,0.5,101,new,colorado,Gold,"[20,inf)",18148,285,72592.0,0.04944171719503122,72.0,18,2,0.007017543859649123,780.0,195,23,0.08070175438596491,1820.0,455,35,0.12280701754385964
kernel_density,0,20,0.5,101,new,colorado,Gold,no_context,11300,11,45200.0,0.0009734513274336283,0.0,0,0,0.0,0.0,0,0,0.0,0.0,0,0,0.0
kernel_density,0,20,0.5,101,new,colorado,Copper,"[0,5)",754,146,3016.0,0.34668536636581077,496.0,124,52,0.3561643835616438,1988.0,497,122,0.8356164383561644,3016.0,754,146,1.0
kernel_density,0,20,0.5,101,new,colorado,Copper,"[5,10)",2013,153,8052.0,0.19041853144826545,552.0,138,39,0.2549019607843137,2896.0,724,102,0.6666666666666666,6428.0,1607,150,0.9803921568627451
kernel_density,0,20,0.5,101,new,colorado,Copper,"[10,20)",7006,284,28024.0,0.14426981398960317,588.0,147,39,0.13732394366197184,3008.0,752,112,0.39436619718309857,6552.0,1638,160,0.5633802816901409
kernel_density,0,20,0.5,101,new,colorado,Copper,"[20,inf)",20327,223,81308.0,0.036219356525966376,64.0,16,2,0.008968609865470852,608.0,152,11,0.04932735426008968,1004.0,251,19,0.08520179372197309
kernel_density,0,20,0.5,101,new,colorado,Copper,no_context,12400,33,49600.0,0.0026612903225806455,0.0,0,0,0.0,0.0,0,0,0.0,0.0,0,0,0.0
kernel_density,0,20,0.5,211,new,nevada,Gold,"[0,5)",2133,375,8532.0,0.2690890289575454,96.0,24,7,0.018666666666666668,1936.0,484,131,0.34933333333333333,4144.0,1036,237,0.632
kernel_density,0,20,0.5,211,new,nevada,Gold,"[5,10)",5340,484,21360.0,0.13026904861708719,156.0,39,5,0.010330578512396695,1972.0,493,68,0.14049586776859505,4584.0,1146,157,0.3243801652892562
kernel_density,0,20,0.5,211,new,nevada,Gold,"[10,20)",14808,824,59232.0,0.08211068347659532,408.0,102,9,0.010922330097087379,2576.0,644,56,0.06796116504854369,5116.0,1279,124,0.15048543689320387
kernel_density,0,20,0.5,211,new,nevada,Gold,"[20,inf)",17719,665,70876.0,0.058652244955020534,940.0,235,8,0.012030075187969926,1516.0,379,18,0.02706766917293233,2156.0,539,45,0.06766917293233082
kernel_density,0,20,0.5,211,new,nevada,Gold,no_context,0,0,0.0,,0.0,0,0,,0.0,0,0,,0.0,0,0,
kernel_density,0,20,0.5,211,new,nevada,Copper,"[0,5)",1297,147,5188.0,0.15425737890912822,152.0,38,11,0.07482993197278912,1624.0,406,53,0.36054421768707484,3212.0,803,95,0.6462585034013606
kernel_density,0,20,0.5,211,new,nevada,Copper,"[5,10)",3771,194,15084.0,0.07216579211666138,212.0,53,4,0.020618556701030927,2008.0,502,37,0.19072164948453607,4844.0,1211,83,0.42783505154639173
kernel_density,0,20,0.5,211,new,nevada,Copper,"[10,20)",12918,422,51672.0,0.048170001320528844,268.0,67,5,0.011848341232227487,2636.0,659,41,0.0971563981042654,5376.0,1344,74,0.17535545023696683
kernel_density,0,20,0.5,211,new,nevada,Copper,"[20,inf)",22014,449,88056.0,0.03455243035596065,968.0,242,5,0.011135857461024499,1732.0,433,20,0.044543429844097995,2568.0,642,32,0.07126948775055679
kernel_density,0,20,0.5,211,new,nevada,Copper,no_context,0,0,0.0,,0.0,0,0,,0.0,0,0,,0.0,0,0,
kernel_density,0,20,0.5,211,new,arizona,Gold,"[0,5)",1002,160,4008.0,0.2673109563865643,232.0,58,22,0.1375,1748.0,437,94,0.5875,2912.0,728,136,0.85
kernel_density,0,20,0.5,211,new,arizona,Gold,"[5,10)",2627,224,10508.0,0.1565557959915125,256.0,64,4,0.017857142857142856,2212.0,553,100,0.44642857142857145,4648.0,1162,162,0.7232142857142857
kernel_density,0,20,0.5,211,new,arizona,Gold,"[10,20)",8826,417,35265.72588564083,0.10586388339503602,412.0,103,5,0.011990407673860911,2708.0,677,90,0.2158273381294964,5810.09959602356,1454,200,0.47961630695443647
kernel_density,0,20,0.5,211,new,arizona,Gold,"[20,inf)",17240,344,68913.02039643517,0.05235721556070718,792.0,198,18,0.05232558139534884,1788.0,447,28,0.08139534883720931,3541.318805964198,887,47,0.13662790697674418
kernel_density,0,20,0.5,211,new,arizona,Gold,no_context,12600,27,50400.0,0.002142857142857143,0.0,0,0,0.0,0.0,0,0,0.0,0.0,0,0,0.0
kernel_density,0,20,0.5,211,new,arizona,Copper,"[0,5)",1158,176,4632.0,0.23809764276261436,304.0,76,21,0.11931818181818182,1836.0,459,106,0.6022727272727273,3104.0,776,143,0.8125
kernel_density,0,20,0.5,211,new,arizona,Copper,"[5,10)",2950,251,11800.0,0.14535223067088637,296.0,74,5,0.0199203187250996,2080.0,520,93,0.3705179282868526,4752.0,1188,176,0.701195219123506
kernel_density,0,20,0.5,211,new,arizona,Copper,"[10,20)",9546,458,38158.960252236575,0.10965234486431763,552.0,138,15,0.03275109170305677,2596.0,649,100,0.2183406113537118,5575.7114045619965,1395,193,0.42139737991266374
kernel_density,0,20,0.5,211,new,arizona,Copper,"[20,inf)",18741,395,74903.78602983942,0.04547408070272396,540.0,135,7,0.017721518987341773,1944.0,486,20,0.05063291139240506,3481.318805964198,872,40,0.10126582278481013
kernel_density,0,20,0.5,211,new,arizona,Copper,no_context,9900,30,39600.0,0.0030303030303030303,0.0,0,0,0.0,0.0,0,0,0.0,0.0,0,0,0.0
kernel_density,0,20,0.5,211,new,colorado,Gold,"[0,5)",1127,233,4508.0,0.529127233676089,452.0,113,81,0.34763948497854075,2168.0,542,172,0.7381974248927039,3676.0,919,217,0.9313304721030042
kernel_density,0,20,0.5,211,new,colorado,Gold,"[5,10)",2716,274,10864.0,0.3682769643643579,432.0,108,60,0.21897810218978103,2376.0,594,162,0.5912408759124088,5792.0,1448,234,0.8540145985401459
kernel_density,0,20,0.5,211,new,colorado,Gold,"[10,20)",8223,434,32892.0,0.31000368361152264,556.0,139,87,0.20046082949308755,2820.0,705,164,0.3778801843317972,6076.0,1519,246,0.5668202764976958
kernel_density,0,20,0.5,211,new,colorado,Gold,"[20,inf)",16634,423,66536.0,0.055498017208819174,260.0,65,7,0.016548463356973995,1136.0,284,25,0.0591016548463357,1456.0,364,34,0.08037825059101655
kernel_density,0,20,0.5,211,new,colorado,Gold,no_context,13800,11,55200.0,0.0007971014492753624,0.0,0,0,0.0,0.0,0,0,0.0,0.0,0,0,0.0
kernel_density,0,20,0.5,211,new,colorado,Copper,"[0,5)",807,138,3228.0,0.3577985506490872,588.0,147,60,0.43478260869565216,2072.0,518,108,0.782608695652174,3224.0,806,138,1.0
kernel_density,0,20,0.5,211,new,colorado,Copper,"[5,10)",2161,165,8644.0,0.19819688066377011,536.0,134,38,0.23030303030303031,2956.0,739,106,0.6424242424242425,6480.0,1620,156,0.9454545454545454
kernel_density,0,20,0.5,211,new,colorado,Copper,"[10,20)",6669,274,26676.0,0.19898249735802945,516.0,129,49,0.17883211678832117,3184.0,796,119,0.4343065693430657,6392.0,1598,173,0.6313868613138686
kernel_density,0,20,0.5,211,new,colorado,Copper,"[20,inf)",19063,227,76252.0,0.05284933835415489,60.0,15,7,0.030837004405286344,288.0,72,8,0.03524229074889868,904.0,226,16,0.07048458149779736
kernel_density,0,20,0.5,211,new,colorado,Copper,no_context,13800,35,55200.0,0.0025362318840579713,0.0,0,0,0.0,0.0,0,0,0.0,0.0,0,0,0.0
kernel_density,0,20,0.5,307,new,nevada,Gold,"[0,5)",2134,367,8536.0,0.2740197282980906,176.0,44,20,0.05449591280653951,1828.0,457,130,0.3542234332425068,3868.0,967,225,0.6130790190735694
kernel_density,0,20,0.5,307,new,nevada,Gold,"[5,10)",5419,456,21676.0,0.1371092350267577,240.0,60,10,0.021929824561403508,1868.0,467,90,0.19736842105263158,4416.0,1104,157,0.3442982456140351
kernel_density,0,20,0.5,307,new,nevada,Gold,"[10,20)",15388,848,61552.0,0.07972200106984656,496.0,124,14,0.01650943396226415,2528.0,632,46,0.054245283018867926,5136.0,1284,112,0.1320754716981132
kernel_density,0,20,0.5,307,new,nevada,Gold,"[20,inf)",17059,677,68236.0,0.05328659482479522,688.0,172,3,0.004431314623338257,1776.0,444,16,0.023633677991137372,2580.0,645,29,0.04283604135893648
kernel_density,0,20,0.5,307,new,nevada,Gold,no_context,0,0,0.0,,0.0,0,0,,0.0,0,0,,0.0,0,0,
kernel_density,0,20,0.5,307,new,nevada,Copper,"[0,5)",1284,156,5136.0,0.15172403359014172,268.0,67,10,0.0641025641025641,1648.0,412,64,0.41025641025641024,3208.0,802,108,0.6923076923076923
kernel_density,0,20,0.5,307,new,nevada,Copper,"[5,10)",3592,170,14368.0,0.06916516098949428,316.0,79,4,0.023529411764705882,2124.0,531,45,0.2647058823529412,4716.0,1179,87,0.5117647058823529
kernel_density,0,20,0.5,307,new,nevada,Copper,"[10,20)",12777,410,51108.0,0.046652020811517515,616.0,154,10,0.024390243902439025,3004.0,751,43,0.1048780487804878,5896.0,1474,82,0.2
kernel_density,0,20,0.5,307,new,nevada,Copper,"[20,inf)",22347,476,89388.0,0.0325374521360537,400.0,100,3,0.0063025210084033615,1224.0,306,7,0.014705882352941176,2180.0,545,18,0.037815126050420166
kernel_density,0,20,0.5,307,new,nevada,Copper,no_context,0,0,0.0,,0.0,0,0,,0.0,0,0,,0.0,0,0,
kernel_density,0,20,0.5,307,new,arizona,Gold,"[0,5)",991,179,3955.1729207634926,0.27514408309191085,180.0,45,13,0.07262569832402235,1644.0,411,116,0.6480446927374302,3175.1729207634926,796,162,0.9050279329608939
kernel_density,0,20,0.5,307,new,arizona,Gold,"[5,10)",2657,230,10614.117837281432,0.17749148841362772,232.0,58,8,0.034782608695652174,2027.7599748685025,509,107,0.4652173913043478,5100.126856894698,1278,177,0.7695652173913043
kernel_density,0,20,0.5,307,new,arizona,Gold,"[10,20)",9093,402,36339.63705498353,0.11264526772179698,536.0,134,20,0.04975124378109453,3040.0,760,121,0.3009950248756219,6083.40989543125,1524,203,0.5049751243781094
kernel_density,0,20,0.5,307,new,arizona,Gold,"[20,inf)",15754,347,62985.81846904755,0.04620970897695836,744.0,186,11,0.03170028818443804,1744.0,436,36,0.1037463976945245,2552.0,638,54,0.15561959654178675
kernel_density,0,20,0.5,307,new,arizona,Gold,no_context,13800,14,55200.0,0.0010144927536231885,0.0,0,0,0.0,0.0,0,0,0.0,0.0,0,0,0.0
kernel_density,0,20,0.5,307,new,arizona,Copper,"[0,5)",1220,208,4871.172920763493,0.2812281585660582,180.0,45,15,0.07211538461538461,1680.0,420,111,0.5336538461538461,3123.3603685498238,783,165,0.7932692307692307
kernel_density,0,20,0.5,307,new,arizona,Copper,"[5,10)",3094,255,12362.117837281432,0.14522325828419377,264.0,66,6,0.023529411764705882,2124.0,531,96,0.3764705882352941,4819.717074306216,1207,168,0.6588235294117647
kernel_density,0,20,0.5,307,new,arizona,Copper,"[10,20)",9959,451,39803.63705498353,0.0963287433057083,596.0,149,14,0.031042128603104215,3288.0,822,114,0.25277161862527714,6360.145887624472,1593,191,0.42350332594235035
kernel_density,0,20,0.5,307,new,arizona,Copper,"[20,inf)",15522,388,62057.81846904755,0.057419153740622626,652.0,163,11,0.028350515463917526,1364.0,341,30,0.07731958762886598,2608.0,652,62,0.15979381443298968
kernel_density,0,20,0.5,307,new,arizona,Copper,no_context,12500,8,50000.0,0.00064,0.0,0,0,0.0,0.0,0,0,0.0,0.0,0,0,0.0
kernel_density,0,20,0.5,307,new,colorado,Gold,"[0,5)",1217,296,4868.0,0.5633003329482019,528.0,132,95,0.32094594594594594,2256.0,564,227,0.7668918918918919,3880.0,970,275,0.9290540540540541
kernel_density,0,20,0.5,307,new,colorado,Gold,"[5,10)",2846,301,11384.0,0.3715601267224982,416.0,104,64,0.21262458471760798,2576.0,644,199,0.6611295681063123,5684.0,1421,260,0.8637873754152824
kernel_density,0,20,0.5,307,new,colorado,Gold,"[10,20)",8829,489,35316.0,0.29111564784083427,552.0,138,71,0.14519427402862986,3040.0,760,233,0.47648261758691207,6180.0,1545,287,0.5869120654396728
kernel_density,0,20,0.5,307,new,colorado,Gold,"[20,inf)",15908,278,63632.0,0.054060228275373004,204.0,51,6,0.02158273381294964,628.0,157,21,0.07553956834532374,1256.0,314,29,0.10431654676258993
kernel_density,0,20,0.5,307,new,colorado,Gold,no_context,13700,11,54800.0,0.000802919708029197,0.0,0,0,0.0,0.0,0,0,0.0,0.0,0,0,0.0
kernel_density,0,20,0.5,307,new,colorado,Copper,"[0,5)",848,173,3392.0,0.3752816805009944,556.0,139,62,0.3583815028901734,1884.0,471,137,0.791907514450867,3172.0,793,172,0.9942196531791907
kernel_density,0,20,0.5,307,new,colorado,Copper,"[5,10)",2173,181,8692.0,0.23790119985006755,420.0,105,38,0.20994475138121546,2492.0,623,119,0.6574585635359116,5544.0,1386,165,0.9116022099447514
kernel_density,0,20,0.5,307,new,colorado,Copper,"[10,20)",7998,288,31992.0,0.1484798013143325,472.0,118,35,0.12152777777777778,2984.0,746,116,0.4027777777777778,6488.0,1622,177,0.6145833333333334
kernel_density,0,20,0.5,307,new,colorado,Copper,"[20,inf)",21581,191,86324.0,0.025244932263360238,252.0,63,2,0.010471204188481676,1140.0,285,10,0.05235602094240838,1796.0,449,21,0.1099476439790576
kernel_density,0,20,0.5,307,new,colorado,Copper,no_context,9900,6,39600.0,0.0006060606060606061,0.0,0,0,0.0,0.0,0,0,0.0,0.0,0,0,0.0
kernel_density,0,20,1.0,0,new,nevada,Gold,"[0,5)",3988,669,15952.0,0.2706521957319753,792.0,198,71,0.10612855007473841,4096.0,1024,282,0.42152466367713004,7348.0,1837,431,0.6442451420029895
kernel_density,0,20,1.0,0,new,nevada,Gold,"[5,10)",9792,763,39168.0,0.13485145996311831,500.0,125,22,0.028833551769331587,2804.0,701,120,0.15727391874180865,6380.0,1595,245,0.3211009174311927
kernel_density,0,20,1.0,0,new,nevada,Gold,"[10,20)",19950,787,79800.0,0.07296901175556969,304.0,76,6,0.007623888182973317,1072.0,268,29,0.036848792884371026,2228.0,557,62,0.07878017789072427
kernel_density,0,20,1.0,0,new,nevada,Gold,"[20,inf)",6270,129,25080.0,0.06360528270417018,4.0,1,0,0.0,28.0,7,1,0.007751937984496124,44.0,11,1,0.007751937984496124
kernel_density,0,20,1.0,0,new,nevada,Gold,no_context,0,0,0.0,,0.0,0,0,,0.0,0,0,,0.0,0,0,
kernel_density,0,20,1.0,0,new,nevada,Copper,"[0,5)",2486,296,9944.0,0.15593336732590382,828.0,207,40,0.13513513513513514,3532.0,883,132,0.44594594594594594,6128.0,1532,211,0.7128378378378378
kernel_density,0,20,1.0,0,new,nevada,Copper,"[5,10)",7017,353,28068.0,0.07590231866376741,584.0,146,10,0.028328611898016998,3104.0,776,82,0.23229461756373937,7132.0,1783,146,0.41359773371104813
kernel_density,0,20,1.0,0,new,nevada,Copper,"[10,20)",19207,437,76828.0,0.038521256865314456,188.0,47,4,0.009153318077803204,1348.0,337,21,0.04805491990846682,2688.0,672,38,0.08695652173913043
kernel_density,0,20,1.0,0,new,nevada,Copper,"[20,inf)",11290,126,45160.0,0.023794688995854515,0.0,0,0,0.0,16.0,4,0,0.0,52.0,13,2,0.015873015873015872
kernel_density,0,20,1.0,0,new,nevada,Copper,no_context,0,0,0.0,,0.0,0,0,,0.0,0,0,,0.0,0,0,
kernel_density,0,20,1.0,0,new,arizona,Gold,"[0,5)",2014,338,8047.172920763493,0.2893586378383839,860.0,215,73,0.21597633136094674,3845.3131362199783,962,224,0.6627218934911243,6059.172920763493,1517,303,0.8964497041420119
kernel_density,0,20,1.0,0,new,arizona,Gold,"[5,10)",4939,408,19742.117837281432,0.22729417229506682,600.0,150,46,0.11274509803921569,3371.717074306216,845,174,0.4264705882352941,7724.126856894698,1934,290,0.7107843137254902
kernel_density,0,20,1.0,0,new,arizona,Gold,"[10,20)",12676,355,50653.28364360705,0.12896795308262934,232.0,58,17,0.04788732394366197,1224.0,306,63,0.17746478873239438,3088.093946158886,774,116,0.3267605633802817
kernel_density,0,20,1.0,0,new,arizona,Gold,"[20,inf)",11266,68,45052.17188042402,0.016999079032467484,0.0,0,0,0.0,16.0,4,0,0.0,40.0,10,0,0.0
kernel_density,0,20,1.0,0,new,arizona,Gold,no_context,11400,3,45600.0,0.0002631578947368421,0.0,0,0,0.0,0.0,0,0,0.0,0.0,0,0,0.0
kernel_density,0,20,1.0,0,new,arizona,Copper,"[0,5)",2307,376,9219.172920763493,0.2942874769977985,880.0,220,76,0.20212765957446807,3768.0,942,229,0.6090425531914894,6171.172920763493,1545,305,0.8111702127659575
kernel_density,0,20,1.0,0,new,arizona,Copper,"[5,10)",5590,456,22346.117837281432,0.20784083555373023,552.0,138,37,0.08114035087719298,3479.7599748685025,872,175,0.38377192982456143,7723.717074306216,1933,289,0.6337719298245614
kernel_density,0,20,1.0,0,new,arizona,Copper,"[10,20)",13381,416,53486.518010202795,0.11385323532043384,260.0,65,15,0.036057692307692304,1192.0,298,55,0.13221153846153846,2986.420044839382,748,107,0.25721153846153844
kernel_density,0,20,1.0,0,new,arizona,Copper,"[20,inf)",13517,62,54042.93751382828,0.01985468258542265,0.0,0,0,0.0,16.0,4,0,0.0,32.0,8,0,0.0
kernel_density,0,20,1.0,0,new,arizona,Copper,no_context,7500,0,30000.0,,0.0,0,0,,0.0,0,0,,0.0,0,0,
kernel_density,0,20,1.0,0,new,colorado,Gold,"[0,5)",2135,457,8540.0,0.5186283556357132,808.0,202,132,0.2888402625820569,3832.0,958,345,0.7549234135667396,6268.0,1567,417,0.912472647702407
kernel_density,0,20,1.0,0,new,colorado,Gold,"[5,10)",4942,452,19768.0,0.354394113844494,540.0,135,78,0.17256637168141592,3348.0,837,267,0.5907079646017699,7716.0,1929,354,0.7831858407079646
kernel_density,0,20,1.0,0,new,colorado,Gold,"[10,20)",12043,397,48172.0,0.2981794020142734,344.0,86,62,0.1561712846347607,1308.0,327,126,0.31738035264483627,2976.0,744,164,0.41309823677581864
kernel_density,0,20,1.0,0,new,colorado,Gold,"[20,inf)",13380,58,53520.0,0.09848564544140163,8.0,2,1,0.017241379310344827,12.0,3,2,0.034482758620689655,40.0,10,5,0.08620689655172414
kernel_density,0,20,1.0,0,new,colorado,Gold,no_context,10000,11,40000.0,0.0011,0.0,0,0,0.0,0.0,0,0,0.0,0.0,0,0,0.0
kernel_density,0,20,1.0,0,new,colorado,Copper,"[0,5)",1404,225,5616.0,0.32850971040090815,872.0,218,79,0.3511111111111111,3152.0,788,179,0.7955555555555556,4996.0,1249,222,0.9866666666666667
kernel_density,0,20,1.0,0,new,colorado,Copper,"[5,10)",3744,253,14976.0,0.21455549257600218,552.0,138,52,0.20553359683794467,3780.0,945,154,0.6086956521739131,8248.0,2062,218,0.8616600790513834
kernel_density,0,20,1.0,0,new,colorado,Copper,"[10,20)",10754,276,43016.0,0.22793208558004505,272.0,68,41,0.14855072463768115,1552.0,388,99,0.358695652173913,3716.0,929,135,0.4891304347826087
kernel_density,0,20,1.0,0,new,colorado,Copper,"[20,inf)",19198,82,76792.0,0.017416950994445384,4.0,1,0,0.0,16.0,4,1,0.012195121951219513,40.0,10,1,0.012195121951219513
kernel_density,0,20,1.0,0,new,colorado,Copper,no_context,7400,3,29600.0,0.0004054054054054054,0.0,0,0,0.0,0.0,0,0,0.0,0.0,0,0,0.0
mineral_only_zero_geo,17,10,0.0,0,new,nevada,Gold,"[0,5)",0,0,0.0,,0.0,0,0,,0.0,0,0,,0.0,0,0,
mineral_only_zero_geo,17,10,0.0,0,new,nevada,Gold,"[5,10)",0,0,0.0,,0.0,0,0,,0.0,0,0,,0.0,0,0,
mineral_only_zero_geo,17,10,0.0,0,new,nevada,Gold,"[10,20)",0,0,0.0,,0.0,0,0,,0.0,0,0,,0.0,0,0,
mineral_only_zero_geo,17,10,0.0,0,new,nevada,Gold,"[20,inf)",0,0,0.0,,0.0,0,0,,0.0,0,0,,0.0,0,0,
mineral_only_zero_geo,17,10,0.0,0,new,nevada,Gold,no_context,40000,2348,160000.0,0.061497386120996575,1600.0,400,29,0.012350936967632026,8000.0,2000,123,0.05238500851788756,16000.0,4000,252,0.10732538330494037
mineral_only_zero_geo,17,10,0.0,0,new,nevada,Copper,"[0,5)",0,0,0.0,,0.0,0,0,,0.0,0,0,,0.0,0,0,
mineral_only_zero_geo,17,10,0.0,0,new,nevada,Copper,"[5,10)",0,0,0.0,,0.0,0,0,,0.0,0,0,,0.0,0,0,
mineral_only_zero_geo,17,10,0.0,0,new,nevada,Copper,"[10,20)",0,0,0.0,,0.0,0,0,,0.0,0,0,,0.0,0,0,
mineral_only_zero_geo,17,10,0.0,0,new,nevada,Copper,"[20,inf)",0,0,0.0,,0.0,0,0,,0.0,0,0,,0.0,0,0,
mineral_only_zero_geo,17,10,0.0,0,new,nevada,Copper,no_context,40000,1212,160000.0,0.032360416597980474,1600.0,400,13,0.010726072607260726,8000.0,2000,54,0.04455445544554455,16000.0,4000,133,0.10973597359735973
mineral_only_zero_geo,17,10,0.0,0,new,arizona,Gold,"[0,5)",0,0,0.0,,0.0,0,0,,0.0,0,0,,0.0,0,0,
mineral_only_zero_geo,17,10,0.0,0,new,arizona,Gold,"[5,10)",0,0,0.0,,0.0,0,0,,0.0,0,0,,0.0,0,0,
mineral_only_zero_geo,17,10,0.0,0,new,arizona,Gold,"[10,20)",0,0,0.0,,0.0,0,0,,0.0,0,0,,0.0,0,0,
mineral_only_zero_geo,17,10,0.0,0,new,arizona,Gold,"[20,inf)",0,0,0.0,,0.0,0,0,,0.0,0,0,,0.0,0,0,
mineral_only_zero_geo,17,10,0.0,0,new,arizona,Gold,no_context,42295,1172,169094.746282076,0.030713980319724554,1692.0,423,18,0.015358361774744027,8456.0,2114,66,0.05631399317406143,16911.835164308548,4228,144,0.12286689419795221
mineral_only_zero_geo,17,10,0.0,0,new,arizona,Copper,"[0,5)",0,0,0.0,,0.0,0,0,,0.0,0,0,,0.0,0,0,
mineral_only_zero_geo,17,10,0.0,0,new,arizona,Copper,"[5,10)",0,0,0.0,,0.0,0,0,,0.0,0,0,,0.0,0,0,
mineral_only_zero_geo,17,10,0.0,0,new,arizona,Copper,"[10,20)",0,0,0.0,,0.0,0,0,,0.0,0,0,,0.0,0,0,
mineral_only_zero_geo,17,10,0.0,0,new,arizona,Copper,"[20,inf)",0,0,0.0,,0.0,0,0,,0.0,0,0,,0.0,0,0,
mineral_only_zero_geo,17,10,0.0,0,new,arizona,Copper,no_context,42295,1310,169094.746282076,0.033641299406800426,1692.0,423,17,0.012977099236641221,8456.0,2114,64,0.04885496183206107,16912.0,4228,150,0.11450381679389313
mineral_only_zero_geo,17,10,0.0,0,new,colorado,Gold,"[0,5)",0,0,0.0,,0.0,0,0,,0.0,0,0,,0.0,0,0,
mineral_only_zero_geo,17,10,0.0,0,new,colorado,Gold,"[5,10)",0,0,0.0,,0.0,0,0,,0.0,0,0,,0.0,0,0,
mineral_only_zero_geo,17,10,0.0,0,new,colorado,Gold,"[10,20)",0,0,0.0,,0.0,0,0,,0.0,0,0,,0.0,0,0,
mineral_only_zero_geo,17,10,0.0,0,new,colorado,Gold,"[20,inf)",0,0,0.0,,0.0,0,0,,0.0,0,0,,0.0,0,0,
mineral_only_zero_geo,17,10,0.0,0,new,colorado,Gold,no_context,42500,1375,170000.0,0.03748721620097153,1700.0,425,29,0.02109090909090909,8500.0,2125,82,0.05963636363636363,17000.0,4250,170,0.12363636363636364
mineral_only_zero_geo,17,10,0.0,0,new,colorado,Copper,"[0,5)",0,0,0.0,,0.0,0,0,,0.0,0,0,,0.0,0,0,
mineral_only_zero_geo,17,10,0.0,0,new,colorado,Copper,"[5,10)",0,0,0.0,,0.0,0,0,,0.0,0,0,,0.0,0,0,
mineral_only_zero_geo,17,10,0.0,0,new,colorado,Copper,"[10,20)",0,0,0.0,,0.0,0,0,,0.0,0,0,,0.0,0,0,
mineral_only_zero_geo,17,10,0.0,0,new,colorado,Copper,"[20,inf)",0,0,0.0,,0.0,0,0,,0.0,0,0,,0.0,0,0,
mineral_only_zero_geo,17,10,0.0,0,new,colorado,Copper,no_context,42500,839,170000.0,0.022359378458701076,1700.0,425,19,0.02264600715137068,8500.0,2125,52,0.06197854588796186,17000.0,4250,110,0.13110846245530394
mineral_only_zero_geo,17,10,0.25,101,new,nevada,Gold,"[0,5)",2249,390,8996.0,0.2876056508743605,1572.0,393,114,0.2923076923076923,5544.0,1386,304,0.7794871794871795,7536.0,1884,353,0.9051282051282051
mineral_only_zero_geo,17,10,0.25,101,new,nevada,Gold,"[5,10)",4947,442,19788.0,0.133328345723059,28.0,7,1,0.0022624434389140274,2164.0,541,84,0.19004524886877827,7004.0,1751,218,0.49321266968325794
mineral_only_zero_geo,17,10,0.25,101,new,nevada,Gold,"[10,20)",11505,666,46020.0,0.07458085179710709,0.0,0,0,0.0,292.0,73,8,0.012012012012012012,1416.0,354,34,0.05105105105105105
mineral_only_zero_geo,17,10,0.25,101,new,nevada,Gold,"[20,inf)",21299,850,85196.0,0.04565381967652692,0.0,0,0,0.0,0.0,0,0,0.0,44.0,11,0,0.0
mineral_only_zero_geo,17,10,0.25,101,new,nevada,Gold,no_context,0,0,0.0,,0.0,0,0,,0.0,0,0,,0.0,0,0,
mineral_only_zero_geo,17,10,0.25,101,new,nevada,Copper,"[0,5)",1427,189,5708.0,0.2135000732629244,1516.0,379,78,0.4126984126984127,4304.0,1076,161,0.8518518518518519,5148.0,1287,183,0.9682539682539683
mineral_only_zero_geo,17,10,0.25,101,new,nevada,Copper,"[5,10)",3546,171,14184.0,0.06447898673226186,64.0,16,1,0.005847953216374269,2800.0,700,43,0.25146198830409355,6976.0,1744,101,0.5906432748538012
mineral_only_zero_geo,17,10,0.25,101,new,nevada,Copper,"[10,20)",9217,327,36868.0,0.04159917911858693,12.0,3,0,0.0,560.0,140,13,0.039755351681957186,2568.0,642,25,0.0764525993883792
mineral_only_zero_geo,17,10,0.25,101,new,nevada,Copper,"[20,inf)",25810,525,103240.0,0.02698073805439335,8.0,2,0,0.0,336.0,84,7,0.013333333333333334,1308.0,327,17,0.03238095238095238
mineral_only_zero_geo,17,10,0.25,101,new,nevada,Copper,no_context,0,0,0.0,,0.0,0,0,,0.0,0,0,,0.0,0,0,
mineral_only_zero_geo,17,10,0.25,101,new,arizona,Gold,"[0,5)",1247,194,4979.172920763493,0.2610522825249988,1560.0,390,98,0.5051546391752577,4079.3603685498238,1022,177,0.9123711340206185,4723.360368549824,1183,191,0.9845360824742269
mineral_only_zero_geo,17,10,0.25,101,new,arizona,Gold,"[5,10)",2701,228,10790.117837281432,0.1482052735722526,124.0,31,9,0.039473684210526314,3644.0,911,123,0.5394736842105263,7516.169757456984,1882,193,0.8464912280701754
mineral_only_zero_geo,17,10,0.25,101,new,arizona,Gold,"[10,20)",6349,358,25371.2179623954,0.0708851601511796,8.0,2,0,0.0,644.0,161,16,0.0446927374301676,4188.0,1047,77,0.21508379888268156
mineral_only_zero_geo,17,10,0.25,101,new,arizona,Gold,"[20,inf)",18248,389,72954.23756163567,0.031638110102615635,0.0,0,0,0.0,84.0,21,2,0.005141388174807198,460.0,115,5,0.012853470437017995
mineral_only_zero_geo,17,10,0.25,101,new,arizona,Gold,no_context,13750,3,55000.0,0.0007353408546226271,0.0,0,0,0.0,4.0,1,0,0.0,24.0,6,0,0.0
mineral_only_zero_geo,17,10,0.25,101,new,arizona,Copper,"[0,5)",1415,227,5651.172920763493,0.275497432578215,1612.0,403,100,0.44052863436123346,4603.360368549824,1153,207,0.9118942731277533,5323.360368549824,1333,224,0.986784140969163
mineral_only_zero_geo,17,10,0.25,101,new,arizona,Copper,"[5,10)",3067,253,12250.350196869578,0.11382138494596074,76.0,19,0,0.0,3399.010070235934,851,102,0.4031620553359684,7996.126856894698,2002,199,0.7865612648221344
mineral_only_zero_geo,17,10,0.25,101,new,arizona,Copper,"[10,20)",6964,402,27834.985602807254,0.08479598086310228,4.0,1,0,0.0,448.0,112,17,0.04228855721393035,3460.0,865,83,0.2064676616915423
mineral_only_zero_geo,17,10,0.25,101,new,arizona,Copper,"[20,inf)",18349,420,73358.23756163567,0.03497539204993419,0.0,0,0,0.0,8.0,2,0,0.0,132.0,33,1,0.002380952380952381
mineral_only_zero_geo,17,10,0.25,101,new,arizona,Copper,no_context,12500,8,50000.0,0.0008350077011126482,0.0,0,0,0.0,0.0,0,0,0.0,0.0,0,0,0.0
mineral_only_zero_geo,17,10,0.25,101,new,colorado,Gold,"[0,5)",1220,284,4880.0,0.5155930322971664,1500.0,375,166,0.5845070422535211,3888.0,972,265,0.9330985915492958,4580.0,1145,277,0.9753521126760564
mineral_only_zero_geo,17,10,0.25,101,new,colorado,Gold,"[5,10)",2569,235,10276.0,0.2385726809748057,196.0,49,17,0.07234042553191489,3728.0,932,162,0.6893617021276596,7204.0,1801,208,0.8851063829787233
mineral_only_zero_geo,17,10,0.25,101,new,colorado,Gold,"[10,20)",6178,378,24712.0,0.12686719508730984,4.0,1,0,0.0,788.0,197,39,0.10317460317460317,4768.0,1192,157,0.41534391534391535
mineral_only_zero_geo,17,10,0.25,101,new,colorado,Gold,"[20,inf)",17533,444,70132.0,0.029013635689403263,0.0,0,0,0.0,96.0,24,0,0.0,444.0,111,1,0.0022522522522522522
mineral_only_zero_geo,17,10,0.25,101,new,colorado,Gold,no_context,15000,34,60000.0,0.0031368999865501864,0.0,0,0,0.0,0.0,0,0,0.0,4.0,1,0,0.0
mineral_only_zero_geo,17,10,0.25,101,new,colorado,Copper,"[0,5)",763,130,3052.0,0.3018806468670329,1420.0,355,90,0.6923076923076923,2724.0,681,126,0.9692307692307692,2944.0,736,130,1.0
mineral_only_zero_geo,17,10,0.25,101,new,colorado,Copper,"[5,10)",1778,101,7112.0,0.11342009594775013,224.0,56,9,0.0891089108910891,3352.0,838,68,0.6732673267326733,5556.0,1389,92,0.9108910891089109
mineral_only_zero_geo,17,10,0.25,101,new,colorado,Copper,"[10,20)",4506,230,18024.0,0.06598043635279278,16.0,4,0,0.0,1308.0,327,21,0.09130434782608696,4924.0,1231,87,0.3782608695652174
mineral_only_zero_geo,17,10,0.25,101,new,colorado,Copper,"[20,inf)",21703,351,86812.0,0.02653517898003457,36.0,9,1,0.002849002849002849,1056.0,264,10,0.02849002849002849,3420.0,855,33,0.09401709401709402
mineral_only_zero_geo,17,10,0.25,101,new,colorado,Copper,no_context,13750,27,55000.0,0.003631159180724464,4.0,1,0,0.0,60.0,15,0,0.0,156.0,39,0,0.0
mineral_only_zero_geo,17,10,0.25,211,new,nevada,Gold,"[0,5)",2219,364,8876.0,0.2717906136551484,1576.0,394,113,0.31043956043956045,5432.0,1358,283,0.7774725274725275,7492.0,1873,344,0.945054945054945
mineral_only_zero_geo,17,10,0.25,211,new,nevada,Gold,"[5,10)",4898,407,19592.0,0.11528708167665776,24.0,6,0,0.0,2200.0,550,68,0.16707616707616707,6724.0,1681,209,0.5135135135135135
mineral_only_zero_geo,17,10,0.25,211,new,nevada,Gold,"[10,20)",11000,659,44000.0,0.08140634937150854,0.0,0,0,0.0,352.0,88,11,0.01669195751138088,1608.0,402,38,0.057663125948406675
mineral_only_zero_geo,17,10,0.25,211,new,nevada,Gold,"[20,inf)",20633,862,82532.0,0.04887183271341475,0.0,0,0,0.0,16.0,4,1,0.001160092807424594,172.0,43,4,0.004640371229698376
mineral_only_zero_geo,17,10,0.25,211,new,nevada,Gold,no_context,1250,56,5000.0,0.03672377210806172,0.0,0,0,0.0,0.0,0,0,0.0,4.0,1,0,0.0
mineral_only_zero_geo,17,10,0.25,211,new,nevada,Copper,"[0,5)",1389,158,5556.0,0.19528803458887375,1472.0,368,68,0.43037974683544306,4244.0,1061,144,0.9113924050632911,4996.0,1249,152,0.9620253164556962
mineral_only_zero_geo,17,10,0.25,211,new,nevada,Copper,"[5,10)",3498,172,13992.0,0.08154778666752632,60.0,15,2,0.011627906976744186,2644.0,661,58,0.3372093023255814,6848.0,1712,118,0.686046511627907
mineral_only_zero_geo,17,10,0.25,211,new,nevada,Copper,"[10,20)",8696,333,34784.0,0.0460465937519396,16.0,4,1,0.003003003003003003,576.0,144,11,0.03303303303303303,2444.0,611,33,0.0990990990990991
mineral_only_zero_geo,17,10,0.25,211,new,nevada,Copper,"[20,inf)",25167,526,100668.0,0.022965142694951438,52.0,13,0,0.0,476.0,119,1,0.0019011406844106464,1576.0,394,9,0.017110266159695818
mineral_only_zero_geo,17,10,0.25,211,new,nevada,Copper,no_context,1250,23,5000.0,0.025174955090259715,0.0,0,0,0.0,60.0,15,1,0.043478260869565216,136.0,34,1,0.043478260869565216
mineral_only_zero_geo,17,10,0.25,211,new,arizona,Gold,"[0,5)",1161,188,4644.0,0.3153030038047356,1540.0,385,100,0.5319148936170213,3840.0,960,176,0.9361702127659575,4384.0,1096,184,0.9787234042553191
mineral_only_zero_geo,17,10,0.25,211,new,arizona,Gold,"[5,10)",2485,190,9940.0,0.12273258133266639,152.0,38,8,0.042105263157894736,3704.0,926,100,0.5263157894736842,7256.0,1814,153,0.8052631578947368
mineral_only_zero_geo,17,10,0.25,211,new,arizona,Gold,"[10,20)",5948,328,23777.063062746078,0.07044838511842423,0.0,0,0,0.0,732.0,183,16,0.04878048780487805,4332.0,1083,93,0.28353658536585363
mineral_only_zero_geo,17,10,0.25,211,new,arizona,Gold,"[20,inf)",20201,463,80733.68321932992,0.03194771847467116,0.0,0,0,0.0,156.0,39,1,0.0021598272138228943,848.0,212,11,0.023758099352051837
mineral_only_zero_geo,17,10,0.25,211,new,arizona,Gold,no_context,12500,3,50000.0,0.001015782746782507,0.0,0,0,0.0,24.0,6,0,0.0,92.0,23,0,0.0
mineral_only_zero_geo,17,10,0.25,211,new,arizona,Copper,"[0,5)",1242,197,4968.0,0.2784430481342593,1600.0,400,92,0.467005076142132,4160.0,1040,181,0.9187817258883249,4728.0,1182,193,0.9796954314720813
mineral_only_zero_geo,17,10,0.25,211,new,arizona,Copper,"[5,10)",2807,227,11228.0,0.09618715946860103,80.0,20,2,0.00881057268722467,3636.0,909,92,0.4052863436123348,7724.0,1931,171,0.7533039647577092
mineral_only_zero_geo,17,10,0.25,211,new,arizona,Copper,"[10,20)",6925,360,27685.063062746078,0.06513157081753256,12.0,3,0,0.0,568.0,142,9,0.025,3972.0,993,74,0.20555555555555555
mineral_only_zero_geo,17,10,0.25,211,new,arizona,Copper,"[20,inf)",20071,519,80213.68321932992,0.04126050454849123,0.0,0,0,0.0,92.0,23,2,0.0038535645472061657,488.0,122,11,0.02119460500963391
mineral_only_zero_geo,17,10,0.25,211,new,arizona,Copper,no_context,11250,7,45000.0,0.004271251776466487,0.0,0,0,0.0,0.0,0,0,0.0,0.0,0,0,0.0
mineral_only_zero_geo,17,10,0.25,211,new,colorado,Gold,"[0,5)",1238,315,4952.0,0.5728055238761143,1536.0,384,199,0.6317460317460317,4176.0,1044,301,0.9555555555555556,4760.0,1190,314,0.9968253968253968
mineral_only_zero_geo,17,10,0.25,211,new,colorado,Gold,"[5,10)",2406,297,9624.0,0.3278140626105648,164.0,41,23,0.07744107744107744,3508.0,877,189,0.6363636363636364,7268.0,1817,276,0.9292929292929293
mineral_only_zero_geo,17,10,0.25,211,new,colorado,Gold,"[10,20)",5517,414,22068.0,0.14279880202707307,0.0,0,0,0.0,760.0,190,34,0.0821256038647343,4592.0,1148,164,0.3961352657004831
mineral_only_zero_geo,17,10,0.25,211,new,colorado,Gold,"[20,inf)",15839,309,63356.0,0.05154626184854634,0.0,0,0,0.0,52.0,13,0,0.0,280.0,70,2,0.006472491909385114
mineral_only_zero_geo,17,10,0.25,211,new,colorado,Gold,no_context,17500,40,70000.0,0.005411988496574726,0.0,0,0,0.0,4.0,1,0,0.0,100.0,25,0,0.0
mineral_only_zero_geo,17,10,0.25,211,new,colorado,Copper,"[0,5)",824,168,3296.0,0.32802457001573543,1488.0,372,110,0.6547619047619048,2920.0,730,160,0.9523809523809523,3160.0,790,166,0.9880952380952381
mineral_only_zero_geo,17,10,0.25,211,new,colorado,Copper,"[5,10)",1877,143,7508.0,0.15852177502542814,176.0,44,12,0.08391608391608392,3492.0,873,94,0.6573426573426573,5984.0,1496,134,0.9370629370629371
mineral_only_zero_geo,17,10,0.25,211,new,colorado,Copper,"[10,20)",4738,237,18952.0,0.06628027319399175,20.0,5,0,0.0,1336.0,334,21,0.08860759493670886,5396.0,1349,96,0.4050632911392405
mineral_only_zero_geo,17,10,0.25,211,new,colorado,Copper,"[20,inf)",18811,274,75244.0,0.025781667022905762,16.0,4,0,0.0,684.0,171,2,0.0072992700729927005,2260.0,565,9,0.032846715328467155
mineral_only_zero_geo,17,10,0.25,211,new,colorado,Copper,no_context,16250,17,65000.0,0.0019736795445254706,0.0,0,0,0.0,68.0,17,0,0.0,200.0,50,0,0.0
mineral_only_zero_geo,17,10,0.25,307,new,nevada,Gold,"[0,5)",2225,391,8900.0,0.29422225580537475,1576.0,394,122,0.31202046035805625,5596.0,1399,319,0.8158567774936062,7624.0,1906,366,0.9360613810741688
mineral_only_zero_geo,17,10,0.25,307,new,nevada,Gold,"[5,10)",5003,409,20012.0,0.13371065140747587,24.0,6,1,0.0024449877750611247,2172.0,543,77,0.1882640586797066,7032.0,1758,208,0.508557457212714
mineral_only_zero_geo,17,10,0.25,307,new,nevada,Gold,"[10,20)",10999,594,43996.0,0.0719512746036094,0.0,0,0,0.0,228.0,57,6,0.010101010101010102,1268.0,317,21,0.03535353535353535
mineral_only_zero_geo,17,10,0.25,307,new,nevada,Gold,"[20,inf)",21773,954,87092.0,0.052199542189349184,0.0,0,0,0.0,4.0,1,0,0.0,76.0,19,0,0.0
mineral_only_zero_geo,17,10,0.25,307,new,nevada,Gold,no_context,0,0,0.0,,0.0,0,0,,0.0,0,0,,0.0,0,0,
mineral_only_zero_geo,17,10,0.25,307,new,nevada,Copper,"[0,5)",1336,189,5344.0,0.22897884751192807,1436.0,359,84,0.4444444444444444,3916.0,979,157,0.8306878306878307,4664.0,1166,179,0.9470899470899471
mineral_only_zero_geo,17,10,0.25,307,new,nevada,Copper,"[5,10)",3588,192,14352.0,0.08169036277693459,124.0,31,5,0.026041666666666668,2816.0,704,57,0.296875,6908.0,1727,128,0.6666666666666666
mineral_only_zero_geo,17,10,0.25,307,new,nevada,Copper,"[10,20)",8860,255,35440.0,0.03471598205239337,12.0,3,0,0.0,640.0,160,6,0.023529411764705882,2608.0,652,24,0.09411764705882353
mineral_only_zero_geo,17,10,0.25,307,new,nevada,Copper,"[20,inf)",23716,531,94864.0,0.02480799444288131,28.0,7,0,0.0,544.0,136,6,0.011299435028248588,1648.0,412,9,0.01694915254237288
mineral_only_zero_geo,17,10,0.25,307,new,nevada,Copper,no_context,2500,45,10000.0,0.03790381059269628,0.0,0,0,0.0,84.0,21,2,0.044444444444444446,172.0,43,2,0.044444444444444446
mineral_only_zero_geo,17,10,0.25,307,new,arizona,Gold,"[0,5)",1084,163,4336.0,0.3279120892931556,1460.0,365,93,0.5705521472392638,3556.0,889,156,0.9570552147239264,4044.0,1011,161,0.9877300613496932
mineral_only_zero_geo,17,10,0.25,307,new,arizona,Gold,"[5,10)",2448,229,9791.488238811493,0.1728796524109586,208.0,52,18,0.07860262008733625,3640.0,910,128,0.5589519650655022,7244.0,1811,199,0.868995633187773
mineral_only_zero_geo,17,10,0.25,307,new,arizona,Gold,"[10,20)",5751,363,22993.076178561896,0.11034684809735622,24.0,6,1,0.0027548209366391185,1036.0,259,37,0.10192837465564739,4656.0,1164,134,0.3691460055096419
mineral_only_zero_geo,17,10,0.25,307,new,arizona,Gold,"[20,inf)",19262,414,76974.18186470261,0.04374432138837569,0.0,0,0,0.0,208.0,52,3,0.007246376811594203,928.0,232,17,0.04106280193236715
mineral_only_zero_geo,17,10,0.25,307,new,arizona,Gold,no_context,13750,3,55000.0,0.0017312783009012572,0.0,0,0,0.0,16.0,4,0,0.0,40.0,10,0,0.0
mineral_only_zero_geo,17,10,0.25,307,new,arizona,Copper,"[0,5)",1196,192,4784.0,0.2892389739259284,1560.0,390,96,0.5,3992.0,998,176,0.9166666666666666,4532.0,1133,189,0.984375
mineral_only_zero_geo,17,10,0.25,307,new,arizona,Copper,"[5,10)",2727,241,10907.488238811493,0.12243954829053198,116.0,29,2,0.008298755186721992,3588.0,897,104,0.4315352697095436,7752.0,1938,192,0.7966804979253111
mineral_only_zero_geo,17,10,0.25,307,new,arizona,Copper,"[10,20)",6238,370,24941.076178561896,0.09018016444641451,8.0,2,0,0.0,624.0,156,19,0.051351351351351354,3620.0,905,94,0.25405405405405407
mineral_only_zero_geo,17,10,0.25,307,new,arizona,Copper,"[20,inf)",18384,474,73462.18186470261,0.047623062851834666,0.0,0,0,0.0,160.0,40,3,0.006329113924050633,808.0,202,11,0.023206751054852322
mineral_only_zero_geo,17,10,0.25,307,new,arizona,Copper,no_context,13750,33,55000.0,0.010365409299615297,8.0,2,0,0.0,92.0,23,0,0.0,200.0,50,0,0.0
mineral_only_zero_geo,17,10,0.25,307,new,colorado,Gold,"[0,5)",1143,232,4572.0,0.4352436843073616,1532.0,383,139,0.5991379310344828,3780.0,945,216,0.9310344827586207,4368.0,1092,229,0.9870689655172413
mineral_only_zero_geo,17,10,0.25,307,new,colorado,Gold,"[5,10)",2493,231,9972.0,0.23169853903753282,168.0,42,15,0.06493506493506493,3696.0,924,155,0.670995670995671,7440.0,1860,208,0.9004329004329005
mineral_only_zero_geo,17,10,0.25,307,new,colorado,Gold,"[10,20)",5817,369,23268.0,0.10346012913939996,0.0,0,0,0.0,988.0,247,45,0.12195121951219512,4836.0,1209,109,0.2953929539295393
mineral_only_zero_geo,17,10,0.25,307,new,colorado,Gold,"[20,inf)",18047,518,72188.0,0.0450370993084109,0.0,0,0,0.0,36.0,9,0,0.0,320.0,80,9,0.017374517374517374
mineral_only_zero_geo,17,10,0.25,307,new,colorado,Gold,no_context,15000,25,60000.0,0.0026735413476821463,0.0,0,0,0.0,0.0,0,0,0.0,36.0,9,0,0.0
mineral_only_zero_geo,17,10,0.25,307,new,colorado,Copper,"[0,5)",708,103,2832.0,0.2594742091621811,1308.0,327,66,0.6407766990291263,2460.0,615,92,0.8932038834951457,2696.0,674,102,0.9902912621359223
mineral_only_zero_geo,17,10,0.25,307,new,colorado,Copper,"[5,10)",1885,94,7540.0,0.09131050393529354,332.0,83,11,0.11702127659574468,3352.0,838,60,0.6382978723404256,5816.0,1454,81,0.8617021276595744
mineral_only_zero_geo,17,10,0.25,307,new,colorado,Copper,"[10,20)",4809,190,19236.0,0.046762440745870625,16.0,4,0,0.0,1380.0,345,16,0.08421052631578947,5208.0,1302,65,0.34210526315789475
mineral_only_zero_geo,17,10,0.25,307,new,colorado,Copper,"[20,inf)",20098,417,80392.0,0.02850910247488325,24.0,6,0,0.0,1084.0,271,9,0.02158273381294964,2848.0,712,21,0.050359712230215826
mineral_only_zero_geo,17,10,0.25,307,new,colorado,Copper,no_context,15000,35,60000.0,0.021095296834120633,20.0,5,0,0.0,224.0,56,1,0.02857142857142857,432.0,108,1,0.02857142857142857
mineral_only_zero_geo,17,10,0.5,101,new,nevada,Gold,"[0,5)",4348,735,17392.0,0.32762544410801725,1584.0,396,150,0.20408163265306123,6820.0,1705,463,0.6299319727891156,11140.0,2785,609,0.8285714285714286
mineral_only_zero_geo,17,10,0.5,101,new,nevada,Gold,"[5,10)",8665,670,34660.0,0.13484075479359367,16.0,4,1,0.0014925373134328358,1108.0,277,59,0.0880597014925373,4308.0,1077,158,0.23582089552238805
mineral_only_zero_geo,17,10,0.5,101,new,nevada,Gold,"[10,20)",13910,574,55640.0,0.06251776024949982,0.0,0,0,0.0,72.0,18,4,0.006968641114982578,552.0,138,18,0.0313588850174216
mineral_only_zero_geo,17,10,0.5,101,new,nevada,Gold,"[20,inf)",13077,369,52308.0,0.03718009250841913,0.0,0,0,0.0,0.0,0,0,0.0,0.0,0,0,0.0
mineral_only_zero_geo,17,10,0.5,101,new,nevada,Gold,no_context,0,0,0.0,,0.0,0,0,,0.0,0,0,,0.0,0,0,
mineral_only_zero_geo,17,10,0.5,101,new,nevada,Copper,"[0,5)",2597,330,10388.0,0.24324380883350946,1548.0,387,102,0.3090909090909091,5584.0,1396,244,0.7393939393939394,7936.0,1984,295,0.8939393939393939
mineral_only_zero_geo,17,10,0.5,101,new,nevada,Copper,"[5,10)",6039,268,24156.0,0.06615903619258089,28.0,7,1,0.0037313432835820895,1764.0,441,35,0.13059701492537312,5588.0,1397,93,0.34701492537313433
mineral_only_zero_geo,17,10,0.5,101,new,nevada,Copper,"[10,20)",12469,340,49876.0,0.033321918595384685,4.0,1,0,0.0,388.0,97,0,0.0,1648.0,412,18,0.052941176470588235
mineral_only_zero_geo,17,10,0.5,101,new,nevada,Copper,"[20,inf)",18895,274,75580.0,0.01805044405882013,20.0,5,0,0.0,264.0,66,0,0.0,828.0,207,4,0.014598540145985401
mineral_only_zero_geo,17,10,0.5,101,new,nevada,Copper,no_context,0,0,0.0,,0.0,0,0,,0.0,0,0,,0.0,0,0,
mineral_only_zero_geo,17,10,0.5,101,new,arizona,Gold,"[0,5)",2307,367,9215.194419384003,0.29462926819410395,1632.0,408,134,0.3651226158038147,5664.0,1416,299,0.8147138964577657,7791.081336081028,1950,347,0.9455040871934605
mineral_only_zero_geo,17,10,0.5,101,new,arizona,Gold,"[5,10)",4721,369,18863.386983962264,0.18324845420836788,60.0,15,7,0.018970189701897018,2532.0,633,126,0.34146341463414637,7288.0,1822,233,0.6314363143631436
mineral_only_zero_geo,17,10,0.5,101,new,arizona,Gold,"[10,20)",8635,298,34525.92731709406,0.09406368626426664,0.0,0,0,0.0,260.0,65,13,0.0436241610738255,1656.0,414,46,0.15436241610738255
mineral_only_zero_geo,17,10,0.5,101,new,arizona,Gold,"[20,inf)",12882,135,51490.23756163567,0.024383369827789183,0.0,0,0,0.0,0.0,0,0,0.0,168.0,42,2,0.014814814814814815
mineral_only_zero_geo,17,10,0.5,101,new,arizona,Gold,no_context,13750,3,55000.0,0.0013390479429407534,0.0,0,0,0.0,0.0,0,0,0.0,8.0,2,0,0.0
mineral_only_zero_geo,17,10,0.5,101,new,arizona,Copper,"[0,5)",2798,457,11183.172920763493,0.29238174841793113,1672.0,418,135,0.29540481400437635,6425.4410999417305,1608,357,0.7811816192560175,9151.360368549824,2290,422,0.9234135667396062
mineral_only_zero_geo,17,10,0.5,101,new,arizona,Copper,"[5,10)",5407,399,21610.35019686958,0.14095766877540322,20.0,5,2,0.005012531328320802,1908.0,477,84,0.21052631578947367,6751.010070235934,1689,205,0.5137844611528822
mineral_only_zero_geo,17,10,0.5,101,new,arizona,Copper,"[10,20)",9299,288,37174.98560280725,0.07714148188417427,0.0,0,0,0.0,124.0,31,8,0.027777777777777776,964.0,241,32,0.1111111111111111
mineral_only_zero_geo,17,10,0.5,101,new,arizona,Copper,"[20,inf)",14791,159,59126.23756163567,0.02640155414287841,0.0,0,0,0.0,0.0,0,0,0.0,44.0,11,0,0.0
mineral_only_zero_geo,17,10,0.5,101,new,arizona,Copper,no_context,10000,7,40000.0,0.0020446512874041684,0.0,0,0,0.0,0.0,0,0,0.0,0.0,0,0,0.0
mineral_only_zero_geo,17,10,0.5,101,new,colorado,Gold,"[0,5)",2313,497,9252.0,0.47181154321302354,1612.0,403,206,0.41448692152917505,5760.0,1440,431,0.8672032193158954,7804.0,1951,476,0.9577464788732394
mineral_only_zero_geo,17,10,0.5,101,new,colorado,Gold,"[5,10)",4568,382,18272.0,0.27698375084001553,88.0,22,15,0.03926701570680628,2476.0,619,160,0.418848167539267,7284.0,1821,294,0.7696335078534031
mineral_only_zero_geo,17,10,0.5,101,new,colorado,Gold,"[10,20)",8245,341,32980.0,0.10442017854048749,0.0,0,0,0.0,264.0,66,15,0.04398826979472141,1716.0,429,55,0.16129032258064516
mineral_only_zero_geo,17,10,0.5,101,new,colorado,Gold,"[20,inf)",14874,150,59496.0,0.015876452911431596,0.0,0,0,0.0,0.0,0,0,0.0,196.0,49,0,0.0
mineral_only_zero_geo,17,10,0.5,101,new,colorado,Gold,no_context,12500,5,50000.0,0.0006407636138312141,0.0,0,0,0.0,0.0,0,0,0.0,0.0,0,0,0.0
mineral_only_zero_geo,17,10,0.5,101,new,colorado,Copper,"[0,5)",1577,252,6308.0,0.2803518902505224,1504.0,376,115,0.45634920634920634,4648.0,1162,218,0.8650793650793651,5640.0,1410,238,0.9444444444444444
mineral_only_zero_geo,17,10,0.5,101,new,colorado,Copper,"[5,10)",3375,215,13500.0,0.14794195261454912,180.0,45,11,0.05116279069767442,2868.0,717,107,0.49767441860465117,6916.0,1729,164,0.7627906976744186
mineral_only_zero_geo,17,10,0.5,101,new,colorado,Copper,"[10,20)",6588,224,26352.0,0.05433254368660839,16.0,4,0,0.0,776.0,194,15,0.06696428571428571,3144.0,786,47,0.20982142857142858
mineral_only_zero_geo,17,10,0.5,101,new,colorado,Copper,"[20,inf)",19710,140,78840.0,0.01315969730249306,0.0,0,0,0.0,204.0,51,2,0.014285714285714285,1276.0,319,6,0.04285714285714286
mineral_only_zero_geo,17,10,0.5,101,new,colorado,Copper,no_context,11250,8,45000.0,0.0031729786386994314,0.0,0,0,0.0,4.0,1,0,0.0,24.0,6,0,0.0
mineral_only_zero_geo,17,10,0.5,211,new,nevada,Gold,"[0,5)",4236,729,16944.0,0.30989888662900206,1580.0,395,158,0.2167352537722908,6732.0,1683,431,0.5912208504801097,10860.0,2715,584,0.8010973936899863
mineral_only_zero_geo,17,10,0.5,211,new,nevada,Gold,"[5,10)",8480,673,33920.0,0.1260183201370096,20.0,5,3,0.004457652303120356,1232.0,308,47,0.06983655274888559,4664.0,1166,165,0.2451708766716196
mineral_only_zero_geo,17,10,0.5,211,new,nevada,Gold,"[10,20)",13930,568,55720.0,0.07136748665104488,0.0,0,0,0.0,36.0,9,3,0.00528169014084507,468.0,117,16,0.028169014084507043
mineral_only_zero_geo,17,10,0.5,211,new,nevada,Gold,"[20,inf)",13354,378,53416.0,0.035018369105100505,0.0,0,0,0.0,0.0,0,0,0.0,8.0,2,0,0.0
mineral_only_zero_geo,17,10,0.5,211,new,nevada,Gold,no_context,0,0,0.0,,0.0,0,0,,0.0,0,0,,0.0,0,0,
mineral_only_zero_geo,17,10,0.5,211,new,nevada,Copper,"[0,5)",2663,316,10652.0,0.22759106967931025,1548.0,387,107,0.33860759493670883,5612.0,1403,236,0.7468354430379747,8064.0,2016,291,0.9208860759493671
mineral_only_zero_geo,17,10,0.5,211,new,nevada,Copper,"[5,10)",6235,294,24940.0,0.08283109195743099,32.0,8,2,0.006802721088435374,1768.0,442,48,0.16326530612244897,5668.0,1417,119,0.40476190476190477
mineral_only_zero_geo,17,10,0.5,211,new,nevada,Copper,"[10,20)",12087,317,48348.0,0.031678954690629965,12.0,3,0,0.0,448.0,112,3,0.00946372239747634,1664.0,416,17,0.05362776025236593
mineral_only_zero_geo,17,10,0.5,211,new,nevada,Copper,"[20,inf)",17765,262,71060.0,0.02546558517945724,8.0,2,0,0.0,160.0,40,4,0.015267175572519083,552.0,138,9,0.03435114503816794
mineral_only_zero_geo,17,10,0.5,211,new,nevada,Copper,no_context,1250,23,5000.0,0.027425567743463112,0.0,0,0,0.0,12.0,3,0,0.0,52.0,13,1,0.043478260869565216
mineral_only_zero_geo,17,10,0.5,211,new,arizona,Gold,"[0,5)",2144,378,8563.194419384003,0.3539867916153091,1608.0,402,149,0.3941798941798942,5536.0,1384,312,0.8253968253968254,7523.081336081028,1883,362,0.9576719576719577
mineral_only_zero_geo,17,10,0.5,211,new,arizona,Gold,"[5,10)",4303,338,17191.386983962264,0.1703344172728627,76.0,19,6,0.01775147928994083,2584.0,646,119,0.3520710059171598,7135.835164308548,1784,238,0.7041420118343196
mineral_only_zero_geo,17,10,0.5,211,new,arizona,Gold,"[10,20)",8121,271,32456.280509967357,0.0720290276670486,8.0,2,0,0.0,328.0,82,6,0.02214022140221402,1912.0,478,48,0.17712177121771217
mineral_only_zero_geo,17,10,0.5,211,new,arizona,Gold,"[20,inf)",16477,182,65883.88436876237,0.022070477308107562,0.0,0,0,0.0,4.0,1,0,0.0,288.0,72,3,0.016483516483516484
mineral_only_zero_geo,17,10,0.5,211,new,arizona,Gold,no_context,11250,3,45000.0,0.002040682587643362,0.0,0,0,0.0,4.0,1,0,0.0,52.0,13,0,0.0
mineral_only_zero_geo,17,10,0.5,211,new,arizona,Copper,"[0,5)",2485,446,9931.172920763493,0.329738337069726,1656.0,414,150,0.336322869955157,5981.4410999417305,1497,351,0.7869955156950673,8307.360368549824,2079,414,0.9282511210762332
mineral_only_zero_geo,17,10,0.5,211,new,arizona,Copper,"[5,10)",5068,371,20258.117837281432,0.12050898686618414,36.0,9,0,0.0,2204.0,551,79,0.21293800539083557,6891.0044004917145,1723,198,0.5336927223719676
mineral_only_zero_geo,17,10,0.5,211,new,arizona,Copper,"[10,20)",9280,314,37093.80400433019,0.07450556785029236,0.0,0,0,0.0,260.0,65,10,0.03184713375796178,1543.7209675312042,386,38,0.12101910828025478
mineral_only_zero_geo,17,10,0.5,211,new,arizona,Copper,"[20,inf)",16712,173,66811.65151970088,0.02800679694768751,0.0,0,0,0.0,0.0,0,0,0.0,140.0,35,5,0.028901734104046242
mineral_only_zero_geo,17,10,0.5,211,new,arizona,Copper,no_context,8750,6,35000.0,0.04596183134689913,0.0,0,0,0.0,12.0,3,0,0.0,28.0,7,0,0.0
mineral_only_zero_geo,17,10,0.5,211,new,colorado,Gold,"[0,5)",2134,483,8536.0,0.5562860132704243,1588.0,397,229,0.474120082815735,5428.0,1357,430,0.8902691511387164,7292.0,1823,458,0.94824016563147
mineral_only_zero_geo,17,10,0.5,211,new,colorado,Gold,"[5,10)",4363,423,17452.0,0.29823753315254276,112.0,28,17,0.04018912529550828,2668.0,667,182,0.4302600472813239,7656.0,1914,317,0.7494089834515366
mineral_only_zero_geo,17,10,0.5,211,new,colorado,Gold,"[10,20)",8458,338,33832.0,0.11434347923151701,0.0,0,0,0.0,376.0,94,24,0.07100591715976332,1848.0,462,66,0.1952662721893491
mineral_only_zero_geo,17,10,0.5,211,new,colorado,Gold,"[20,inf)",16295,128,65180.0,0.016736412659511063,0.0,0,0,0.0,28.0,7,0,0.0,204.0,51,1,0.0078125
mineral_only_zero_geo,17,10,0.5,211,new,colorado,Gold,no_context,11250,3,45000.0,0.0007582033978189863,0.0,0,0,0.0,0.0,0,0,0.0,0.0,0,0,0.0
mineral_only_zero_geo,17,10,0.5,211,new,colorado,Copper,"[0,5)",1448,261,5792.0,0.3290993558157134,1552.0,388,130,0.49808429118773945,4212.0,1053,238,0.9118773946360154,5076.0,1269,250,0.9578544061302682
mineral_only_zero_geo,17,10,0.5,211,new,colorado,Copper,"[5,10)",3387,224,13548.0,0.16228029752862524,112.0,28,9,0.04017857142857143,2768.0,692,100,0.44642857142857145,6616.0,1654,161,0.71875
mineral_only_zero_geo,17,10,0.5,211,new,colorado,Copper,"[10,20)",7468,235,29872.0,0.04748046209304668,36.0,9,0,0.0,956.0,239,9,0.03829787234042553,3512.0,878,52,0.22127659574468084
mineral_only_zero_geo,17,10,0.5,211,new,colorado,Copper,"[20,inf)",20197,112,80788.0,0.023477290772949657,0.0,0,0,0.0,528.0,132,7,0.0625,1708.0,427,14,0.125
mineral_only_zero_geo,17,10,0.5,211,new,colorado,Copper,no_context,10000,7,40000.0,0.004327877013538969,0.0,0,0,0.0,36.0,9,0,0.0,88.0,22,0,0.0
mineral_only_zero_geo,17,10,0.5,307,new,nevada,Gold,"[0,5)",4609,738,18436.0,0.30275444611668906,1548.0,387,143,0.1937669376693767,6936.0,1734,457,0.6192411924119241,11548.0,2887,590,0.7994579945799458
mineral_only_zero_geo,17,10,0.5,307,new,nevada,Gold,"[5,10)",8840,623,35360.0,0.11343822081423387,52.0,13,1,0.0016051364365971107,1056.0,264,42,0.06741573033707865,4136.0,1034,139,0.2231139646869984
mineral_only_zero_geo,17,10,0.5,307,new,nevada,Gold,"[10,20)",14077,634,56308.0,0.0637541426739991,0.0,0,0,0.0,8.0,2,1,0.0015772870662460567,316.0,79,5,0.007886435331230283
mineral_only_zero_geo,17,10,0.5,307,new,nevada,Gold,"[20,inf)",12474,353,49896.0,0.04028040653724387,0.0,0,0,0.0,0.0,0,0,0.0,0.0,0,0,0.0
mineral_only_zero_geo,17,10,0.5,307,new,nevada,Gold,no_context,0,0,0.0,,0.0,0,0,,0.0,0,0,,0.0,0,0,
mineral_only_zero_geo,17,10,0.5,307,new,nevada,Copper,"[0,5)",2752,346,11008.0,0.20847884892853055,1520.0,380,93,0.26878612716763006,5532.0,1383,241,0.6965317919075145,8192.0,2048,299,0.8641618497109826
mineral_only_zero_geo,17,10,0.5,307,new,nevada,Copper,"[5,10)",6513,281,26052.0,0.06729338103330376,56.0,14,2,0.0071174377224199285,1820.0,455,32,0.11387900355871886,5532.0,1383,87,0.3096085409252669
mineral_only_zero_geo,17,10,0.5,307,new,nevada,Copper,"[10,20)",12719,328,50876.0,0.032167668046477395,16.0,4,0,0.0,456.0,114,4,0.012195121951219513,1552.0,388,14,0.042682926829268296
mineral_only_zero_geo,17,10,0.5,307,new,nevada,Copper,"[20,inf)",18016,257,72064.0,0.022078319760664454,8.0,2,1,0.0038910505836575876,192.0,48,3,0.011673151750972763,724.0,181,3,0.011673151750972763
mineral_only_zero_geo,17,10,0.5,307,new,nevada,Copper,no_context,0,0,0.0,,0.0,0,0,,0.0,0,0,,0.0,0,0,
mineral_only_zero_geo,17,10,0.5,307,new,arizona,Gold,"[0,5)",2183,373,8723.172920763493,0.3225167155498988,1624.0,406,143,0.38337801608579086,5508.0,1377,305,0.8176943699731903,7543.360368549824,1888,348,0.9329758713136729
mineral_only_zero_geo,17,10,0.5,307,new,arizona,Gold,"[5,10)",4464,355,17842.117837281432,0.18955527523788832,64.0,16,3,0.008450704225352112,2588.0,647,129,0.36338028169014086,7336.0,1834,249,0.7014084507042253
mineral_only_zero_geo,17,10,0.5,307,new,arizona,Gold,"[10,20)",7990,276,31933.804004330188,0.08653660268868685,4.0,1,1,0.0036231884057971015,348.0,87,9,0.03260869565217391,1824.0,456,55,0.19927536231884058
mineral_only_zero_geo,17,10,0.5,307,new,arizona,Gold,"[20,inf)",13908,165,55595.651519700885,0.02656778006685785,0.0,0,0,0.0,12.0,3,0,0.0,180.0,45,1,0.006060606060606061
mineral_only_zero_geo,17,10,0.5,307,new,arizona,Gold,no_context,13750,3,55000.0,0.001871877837404731,0.0,0,0,0.0,0.0,0,0,0.0,28.0,7,0,0.0
mineral_only_zero_geo,17,10,0.5,307,new,arizona,Copper,"[0,5)",2438,434,9743.172920763493,0.3255604588339201,1676.0,419,151,0.347926267281106,5893.4410999417305,1475,333,0.7672811059907834,8195.360368549824,2051,405,0.9331797235023042
mineral_only_zero_geo,17,10,0.5,307,new,arizona,Copper,"[5,10)",5034,394,20122.117837281432,0.13382675860368415,16.0,4,1,0.0025380710659898475,2296.0,574,88,0.2233502538071066,7056.0,1764,221,0.5609137055837563
mineral_only_zero_geo,17,10,0.5,307,new,arizona,Copper,"[10,20)",8856,296,35397.80400433019,0.0741405362710628,0.0,0,0,0.0,200.0,50,7,0.02364864864864865,1360.0,340,40,0.13513513513513514
mineral_only_zero_geo,17,10,0.5,307,new,arizona,Copper,"[20,inf)",14717,174,58831.651519700885,0.02332317813722217,0.0,0,0,0.0,48.0,12,0,0.0,264.0,66,5,0.028735632183908046
mineral_only_zero_geo,17,10,0.5,307,new,arizona,Copper,no_context,11250,12,45000.0,0.009265585002802279,0.0,0,0,0.0,20.0,5,0,0.0,36.0,9,0,0.0
mineral_only_zero_geo,17,10,0.5,307,new,colorado,Gold,"[0,5)",2273,523,9092.0,0.5316078602992176,1616.0,404,229,0.4378585086042065,5660.0,1415,455,0.869980879541109,7856.0,1964,505,0.9655831739961759
mineral_only_zero_geo,17,10,0.5,307,new,colorado,Gold,"[5,10)",4345,396,17380.0,0.34544656641135385,84.0,21,15,0.03787878787878788,2500.0,625,192,0.48484848484848486,7368.0,1842,320,0.8080808080808081
mineral_only_zero_geo,17,10,0.5,307,new,colorado,Gold,"[10,20)",7788,309,31152.0,0.14342464511158004,0.0,0,0,0.0,340.0,85,20,0.06472491909385113,1704.0,426,83,0.2686084142394822
mineral_only_zero_geo,17,10,0.5,307,new,colorado,Gold,"[20,inf)",16844,139,67376.0,0.015851416698939705,0.0,0,0,0.0,0.0,0,0,0.0,64.0,16,0,0.0
mineral_only_zero_geo,17,10,0.5,307,new,colorado,Gold,no_context,11250,8,45000.0,0.0013234547363673364,0.0,0,0,0.0,0.0,0,0,0.0,8.0,2,0,0.0
mineral_only_zero_geo,17,10,0.5,307,new,colorado,Copper,"[0,5)",1572,294,6288.0,0.34333589602615333,1584.0,396,143,0.48639455782312924,4604.0,1151,264,0.8979591836734694,5620.0,1405,285,0.9693877551020408
mineral_only_zero_geo,17,10,0.5,307,new,colorado,Copper,"[5,10)",3330,239,13320.0,0.19361349260406177,116.0,29,5,0.02092050209205021,2940.0,735,139,0.5815899581589958,6812.0,1703,191,0.799163179916318
mineral_only_zero_geo,17,10,0.5,307,new,colorado,Copper,"[10,20)",6708,170,26832.0,0.060016652096249526,0.0,0,0,0.0,664.0,166,16,0.09411764705882353,3236.0,809,62,0.36470588235294116
mineral_only_zero_geo,17,10,0.5,307,new,colorado,Copper,"[20,inf)",20890,133,83560.0,0.014194054548555064,0.0,0,0,0.0,240.0,60,2,0.015037593984962405,1212.0,303,9,0.06766917293233082
mineral_only_zero_geo,17,10,0.5,307,new,colorado,Copper,no_context,10000,3,40000.0,0.00041188514083848065,0.0,0,0,0.0,52.0,13,0,0.0,120.0,30,0,0.0
mineral_only_zero_geo,17,10,1.0,0,inherited,nevada,Gold,"[0,5)",8325,1353,33300.0,0.32083959328687545,1568.0,392,174,0.1286031042128603,7264.0,1816,571,0.4220251293422025,13444.0,3361,888,0.656319290465632
mineral_only_zero_geo,17,10,1.0,0,inherited,nevada,Gold,"[5,10)",13302,705,53208.0,0.10725509362717159,32.0,8,1,0.0014184397163120568,716.0,179,37,0.0524822695035461,2444.0,611,93,0.13191489361702127
mineral_only_zero_geo,17,10,1.0,0,inherited,nevada,Gold,"[10,20)",12897,231,51588.0,0.04267710652597799,0.0,0,0,0.0,20.0,5,0,0.0,112.0,28,1,0.004329004329004329
mineral_only_zero_geo,17,10,1.0,0,inherited,nevada,Gold,"[20,inf)",5476,59,21904.0,0.040615462779378816,0.0,0,0,0.0,0.0,0,0,0.0,0.0,0,0,0.0
mineral_only_zero_geo,17,10,1.0,0,inherited,nevada,Gold,no_context,0,0,0.0,,0.0,0,0,,0.0,0,0,,0.0,0,0,
mineral_only_zero_geo,17,10,1.0,0,inherited,nevada,Copper,"[0,5)",5074,582,20296.0,0.21760381895180458,1524.0,381,98,0.16838487972508592,6144.0,1536,320,0.5498281786941581,10340.0,2585,432,0.7422680412371134
mineral_only_zero_geo,17,10,1.0,0,inherited,nevada,Copper,"[5,10)",10390,363,41560.0,0.0739424207680706,52.0,13,1,0.0027548209366391185,1420.0,355,39,0.10743801652892562,4052.0,1013,84,0.23140495867768596
mineral_only_zero_geo,17,10,1.0,0,inherited,nevada,Copper,"[10,20)",14278,207,57112.0,0.024155066578507814,20.0,5,0,0.0,356.0,89,2,0.00966183574879227,1196.0,299,9,0.043478260869565216
mineral_only_zero_geo,17,10,1.0,0,inherited,nevada,Copper,"[20,inf)",10258,60,41032.0,0.021750589405702476,4.0,1,0,0.0,80.0,20,2,0.03333333333333333,412.0,103,5,0.08333333333333333
mineral_only_zero_geo,17,10,1.0,0,inherited,nevada,Copper,no_context,0,0,0.0,,0.0,0,0,,0.0,0,0,,0.0,0,0,
mineral_only_zero_geo,17,10,1.0,0,inherited,arizona,Gold,"[0,5)",3924,650,15683.194419384003,0.35192988707056333,1652.0,413,184,0.28307692307692306,6900.0,1725,464,0.7138461538461538,11120.0,2780,570,0.8769230769230769
mineral_only_zero_geo,17,10,1.0,0,inherited,arizona,Gold,"[5,10)",6869,359,27455.386983962264,0.16008907132284372,40.0,10,5,0.013927576601671309,1496.0,374,69,0.19220055710306408,5052.0,1263,173,0.4818941504178273
mineral_only_zero_geo,17,10,1.0,0,inherited,arizona,Gold,"[10,20)",9022,114,36060.28050996736,0.03136421724763053,0.0,0,0,0.0,60.0,15,0,0.0,740.0,185,8,0.07017543859649122
mineral_only_zero_geo,17,10,1.0,0,inherited,arizona,Gold,"[20,inf)",11230,46,44895.884368762374,0.021628954074107663,0.0,0,0,0.0,0.0,0,0,0.0,0.0,0,0,0.0
mineral_only_zero_geo,17,10,1.0,0,inherited,arizona,Gold,no_context,11250,3,45000.0,0.0018974901460393565,0.0,0,0,0.0,0.0,0,0,0.0,0.0,0,0,0.0
mineral_only_zero_geo,17,10,1.0,0,inherited,arizona,Copper,"[0,5)",4594,755,18367.172920763493,0.33857724116920146,1676.0,419,187,0.247682119205298,7172.0,1793,487,0.6450331125827815,11961.44109994173,2992,647,0.856953642384106
mineral_only_zero_geo,17,10,1.0,0,inherited,arizona,Copper,"[5,10)",7706,379,30806.35019686958,0.1236052441378198,16.0,4,1,0.002638522427440633,1208.0,302,51,0.1345646437994723,4544.0,1136,135,0.3562005277044855
mineral_only_zero_geo,17,10,1.0,0,inherited,arizona,Copper,"[10,20)",9118,118,36444.45259996131,0.04391751862264469,0.0,0,0,0.0,76.0,19,1,0.00847457627118644,392.0,98,14,0.11864406779661017
mineral_only_zero_geo,17,10,1.0,0,inherited,arizona,Copper,"[20,inf)",12127,52,48476.770564481616,0.041120000361863335,0.0,0,0,0.0,0.0,0,0,0.0,4.0,1,1,0.019230769230769232
mineral_only_zero_geo,17,10,1.0,0,inherited,arizona,Copper,no_context,8750,6,35000.0,0.039162474137221355,0.0,0,0,0.0,0.0,0,0,0.0,12.0,3,0,0.0
mineral_only_zero_geo,17,10,1.0,0,inherited,colorado,Gold,"[0,5)",4225,906,16900.0,0.5467593191957228,1664.0,416,274,0.30242825607064017,7268.0,1817,702,0.7748344370860927,11964.0,2991,828,0.9139072847682119
mineral_only_zero_geo,17,10,1.0,0,inherited,colorado,Gold,"[5,10)",6572,326,26288.0,0.2447097846609755,36.0,9,7,0.02147239263803681,1204.0,301,90,0.27607361963190186,4576.0,1144,162,0.49693251533742333
mineral_only_zero_geo,17,10,1.0,0,inherited,colorado,Gold,"[10,20)",8806,114,35224.0,0.055220540832814,0.0,0,0,0.0,28.0,7,1,0.008771929824561403,428.0,107,10,0.08771929824561403
mineral_only_zero_geo,17,10,1.0,0,inherited,colorado,Gold,"[20,inf)",15397,27,61588.0,0.0029776460756404687,0.0,0,0,0.0,0.0,0,0,0.0,32.0,8,0,0.0
mineral_only_zero_geo,17,10,1.0,0,inherited,colorado,Gold,no_context,7500,2,30000.0,0.0006401308728523562,0.0,0,0,0.0,0.0,0,0,0.0,0.0,0,0,0.0
mineral_only_zero_geo,17,10,1.0,0,inherited,colorado,Copper,"[0,5)",2875,482,11500.0,0.3645695123627797,1640.0,410,174,0.36099585062240663,6012.0,1503,389,0.8070539419087137,8848.0,2212,451,0.9356846473029046
mineral_only_zero_geo,17,10,1.0,0,inherited,colorado,Copper,"[5,10)",5168,220,20672.0,0.1409472974360064,60.0,15,2,0.00909090909090909,2044.0,511,82,0.37272727272727274,5820.0,1455,141,0.6409090909090909
mineral_only_zero_geo,17,10,1.0,0,inherited,colorado,Copper,"[10,20)",8194,84,32776.0,0.025452340200581777,0.0,0,0,0.0,360.0,90,6,0.07142857142857142,1776.0,444,13,0.15476190476190477
mineral_only_zero_geo,17,10,1.0,0,inherited,colorado,Copper,"[20,inf)",20013,52,80052.0,0.006472274283482732,0.0,0,0,0.0,68.0,17,0,0.0,524.0,131,2,0.038461538461538464
mineral_only_zero_geo,17,10,1.0,0,inherited,colorado,Copper,no_context,6250,1,25000.0,0.0027247956403269754,0.0,0,0,0.0,16.0,4,0,0.0,32.0,8,0,0.0
mineral_only_zero_geo,17,20,0.0,0,new,nevada,Gold,"[0,5)",0,0,0.0,,0.0,0,0,,0.0,0,0,,0.0,0,0,
mineral_only_zero_geo,17,20,0.0,0,new,nevada,Gold,"[5,10)",0,0,0.0,,0.0,0,0,,0.0,0,0,,0.0,0,0,
mineral_only_zero_geo,17,20,0.0,0,new,nevada,Gold,"[10,20)",0,0,0.0,,0.0,0,0,,0.0,0,0,,0.0,0,0,
mineral_only_zero_geo,17,20,0.0,0,new,nevada,Gold,"[20,inf)",0,0,0.0,,0.0,0,0,,0.0,0,0,,0.0,0,0,
mineral_only_zero_geo,17,20,0.0,0,new,nevada,Gold,no_context,40000,2348,160000.0,0.061497386120996575,1600.0,400,29,0.012350936967632026,8000.0,2000,123,0.05238500851788756,16000.0,4000,252,0.10732538330494037
mineral_only_zero_geo,17,20,0.0,0,new,nevada,Copper,"[0,5)",0,0,0.0,,0.0,0,0,,0.0,0,0,,0.0,0,0,
mineral_only_zero_geo,17,20,0.0,0,new,nevada,Copper,"[5,10)",0,0,0.0,,0.0,0,0,,0.0,0,0,,0.0,0,0,
mineral_only_zero_geo,17,20,0.0,0,new,nevada,Copper,"[10,20)",0,0,0.0,,0.0,0,0,,0.0,0,0,,0.0,0,0,
mineral_only_zero_geo,17,20,0.0,0,new,nevada,Copper,"[20,inf)",0,0,0.0,,0.0,0,0,,0.0,0,0,,0.0,0,0,
mineral_only_zero_geo,17,20,0.0,0,new,nevada,Copper,no_context,40000,1212,160000.0,0.032360416597980474,1600.0,400,13,0.010726072607260726,8000.0,2000,54,0.04455445544554455,16000.0,4000,133,0.10973597359735973
mineral_only_zero_geo,17,20,0.0,0,new,arizona,Gold,"[0,5)",0,0,0.0,,0.0,0,0,,0.0,0,0,,0.0,0,0,
mineral_only_zero_geo,17,20,0.0,0,new,arizona,Gold,"[5,10)",0,0,0.0,,0.0,0,0,,0.0,0,0,,0.0,0,0,
mineral_only_zero_geo,17,20,0.0,0,new,arizona,Gold,"[10,20)",0,0,0.0,,0.0,0,0,,0.0,0,0,,0.0,0,0,
mineral_only_zero_geo,17,20,0.0,0,new,arizona,Gold,"[20,inf)",0,0,0.0,,0.0,0,0,,0.0,0,0,,0.0,0,0,
mineral_only_zero_geo,17,20,0.0,0,new,arizona,Gold,no_context,42295,1172,169094.746282076,0.030713980319724554,1692.0,423,18,0.015358361774744027,8456.0,2114,66,0.05631399317406143,16911.835164308548,4228,144,0.12286689419795221
mineral_only_zero_geo,17,20,0.0,0,new,arizona,Copper,"[0,5)",0,0,0.0,,0.0,0,0,,0.0,0,0,,0.0,0,0,
mineral_only_zero_geo,17,20,0.0,0,new,arizona,Copper,"[5,10)",0,0,0.0,,0.0,0,0,,0.0,0,0,,0.0,0,0,
mineral_only_zero_geo,17,20,0.0,0,new,arizona,Copper,"[10,20)",0,0,0.0,,0.0,0,0,,0.0,0,0,,0.0,0,0,
mineral_only_zero_geo,17,20,0.0,0,new,arizona,Copper,"[20,inf)",0,0,0.0,,0.0,0,0,,0.0,0,0,,0.0,0,0,
mineral_only_zero_geo,17,20,0.0,0,new,arizona,Copper,no_context,42295,1310,169094.746282076,0.033641299406800426,1692.0,423,17,0.012977099236641221,8456.0,2114,64,0.04885496183206107,16912.0,4228,150,0.11450381679389313
mineral_only_zero_geo,17,20,0.0,0,new,colorado,Gold,"[0,5)",0,0,0.0,,0.0,0,0,,0.0,0,0,,0.0,0,0,
mineral_only_zero_geo,17,20,0.0,0,new,colorado,Gold,"[5,10)",0,0,0.0,,0.0,0,0,,0.0,0,0,,0.0,0,0,
mineral_only_zero_geo,17,20,0.0,0,new,colorado,Gold,"[10,20)",0,0,0.0,,0.0,0,0,,0.0,0,0,,0.0,0,0,
mineral_only_zero_geo,17,20,0.0,0,new,colorado,Gold,"[20,inf)",0,0,0.0,,0.0,0,0,,0.0,0,0,,0.0,0,0,
mineral_only_zero_geo,17,20,0.0,0,new,colorado,Gold,no_context,42500,1375,170000.0,0.03748721620097153,1700.0,425,29,0.02109090909090909,8500.0,2125,82,0.05963636363636363,17000.0,4250,170,0.12363636363636364
mineral_only_zero_geo,17,20,0.0,0,new,colorado,Copper,"[0,5)",0,0,0.0,,0.0,0,0,,0.0,0,0,,0.0,0,0,
mineral_only_zero_geo,17,20,0.0,0,new,colorado,Copper,"[5,10)",0,0,0.0,,0.0,0,0,,0.0,0,0,,0.0,0,0,
mineral_only_zero_geo,17,20,0.0,0,new,colorado,Copper,"[10,20)",0,0,0.0,,0.0,0,0,,0.0,0,0,,0.0,0,0,
mineral_only_zero_geo,17,20,0.0,0,new,colorado,Copper,"[20,inf)",0,0,0.0,,0.0,0,0,,0.0,0,0,,0.0,0,0,
mineral_only_zero_geo,17,20,0.0,0,new,colorado,Copper,no_context,42500,839,170000.0,0.022359378458701076,1700.0,425,19,0.02264600715137068,8500.0,2125,52,0.06197854588796186,17000.0,4250,110,0.13110846245530394
mineral_only_zero_geo,17,20,0.25,101,new,nevada,Gold,"[0,5)",901,149,3604.0,0.30508351750502916,1396.0,349,82,0.5503355704697986,3060.0,765,134,0.8993288590604027,3380.0,845,146,0.9798657718120806
mineral_only_zero_geo,17,20,0.25,101,new,nevada,Gold,"[5,10)",2571,207,10284.0,0.11761069431973128,204.0,51,9,0.043478260869565216,3808.0,952,107,0.5169082125603864,6872.0,1718,165,0.7971014492753623
mineral_only_zero_geo,17,20,0.25,101,new,nevada,Gold,"[10,20)",9517,565,38068.0,0.07451369286110199,0.0,0,0,0.0,1104.0,276,28,0.049557522123893805,5648.0,1412,117,0.20707964601769913
mineral_only_zero_geo,17,20,0.25,101,new,nevada,Gold,"[20,inf)",25811,1390,103244.0,0.06640765143431153,0.0,0,0,0.0,28.0,7,0,0.0,100.0,25,3,0.002158273381294964
mineral_only_zero_geo,17,20,0.25,101,new,nevada,Gold,no_context,1200,37,4800.0,0.06412021384213112,0.0,0,0,0.0,0.0,0,0,0.0,0.0,0,0,0.0
mineral_only_zero_geo,17,20,0.25,101,new,nevada,Copper,"[0,5)",597,64,2388.0,0.16353167384205142,1204.0,301,45,0.703125,2088.0,522,60,0.9375,2264.0,566,63,0.984375
mineral_only_zero_geo,17,20,0.25,101,new,nevada,Copper,"[5,10)",1815,89,7260.0,0.07604464055133137,276.0,69,6,0.06741573033707865,3540.0,885,59,0.6629213483146067,5636.0,1409,80,0.898876404494382
mineral_only_zero_geo,17,20,0.25,101,new,nevada,Copper,"[10,20)",7945,292,31780.0,0.04127977083803233,72.0,18,1,0.003424657534246575,1832.0,458,15,0.05136986301369863,6828.0,1707,81,0.2773972602739726
mineral_only_zero_geo,17,20,0.25,101,new,nevada,Copper,"[20,inf)",27243,705,108972.0,0.027902999325508816,48.0,12,0,0.0,540.0,135,1,0.0014184397163120568,1272.0,318,3,0.00425531914893617
mineral_only_zero_geo,17,20,0.25,101,new,nevada,Copper,no_context,2400,62,9600.0,0.04857576486189626,0.0,0,0,0.0,0.0,0,0,0.0,0.0,0,0,0.0
mineral_only_zero_geo,17,20,0.25,101,new,arizona,Gold,"[0,5)",546,98,2184.0,0.274518527181484,1304.0,326,73,0.7448979591836735,2000.0,500,95,0.9693877551020408,2152.0,538,98,1.0
mineral_only_zero_geo,17,20,0.25,101,new,arizona,Gold,"[5,10)",1385,132,5540.0,0.1220468048487067,376.0,94,7,0.05303030303030303,3384.0,846,101,0.7651515151515151,4924.0,1231,126,0.9545454545454546
mineral_only_zero_geo,17,20,0.25,101,new,arizona,Gold,"[10,20)",5289,313,21130.960252236575,0.09014365580841471,12.0,3,0,0.0,2924.0,731,72,0.23003194888178913,9031.835164308548,2258,197,0.6293929712460063
mineral_only_zero_geo,17,20,0.25,101,new,arizona,Gold,"[20,inf)",16375,508,65439.78602983942,0.04090754850581509,0.0,0,0,0.0,144.0,36,4,0.007874015748031496,788.0,197,8,0.015748031496062992
mineral_only_zero_geo,17,20,0.25,101,new,arizona,Gold,no_context,18700,121,74800.0,0.013534746726685814,0.0,0,0,0.0,4.0,1,0,0.0,16.0,4,0,0.0
mineral_only_zero_geo,17,20,0.25,101,new,arizona,Copper,"[0,5)",676,111,2704.0,0.31733364913332945,1408.0,352,85,0.7657657657657657,2504.0,626,109,0.9819819819819819,2648.0,662,111,1.0
mineral_only_zero_geo,17,20,0.25,101,new,arizona,Copper,"[5,10)",1597,150,6388.0,0.131725845676488,236.0,59,10,0.06666666666666667,3688.0,922,108,0.72,5616.0,1404,140,0.9333333333333333
mineral_only_zero_geo,17,20,0.25,101,new,arizona,Copper,"[10,20)",5751,333,22978.960252236575,0.08853452069800084,36.0,9,2,0.006006006006006006,2208.0,552,58,0.17417417417417416,8339.835164308548,2085,175,0.5255255255255256
mineral_only_zero_geo,17,20,0.25,101,new,arizona,Copper,"[20,inf)",14371,596,57423.78602983942,0.04745225027749199,0.0,0,0,0.0,4.0,1,0,0.0,216.0,54,4,0.006711409395973154
mineral_only_zero_geo,17,20,0.25,101,new,arizona,Copper,no_context,19900,120,79600.0,0.008645348012353832,12.0,3,0,0.0,52.0,13,0,0.0,92.0,23,0,0.0
mineral_only_zero_geo,17,20,0.25,101,new,colorado,Gold,"[0,5)",644,166,2576.0,0.5633856005812841,1260.0,315,131,0.7891566265060241,2328.0,582,161,0.9698795180722891,2500.0,625,164,0.9879518072289156
mineral_only_zero_geo,17,20,0.25,101,new,colorado,Gold,"[5,10)",1444,157,5776.0,0.3106173590765536,420.0,105,42,0.267515923566879,3504.0,876,129,0.821656050955414,5076.0,1269,150,0.9554140127388535
mineral_only_zero_geo,17,20,0.25,101,new,colorado,Gold,"[10,20)",5452,353,21808.0,0.17221643041708226,20.0,5,1,0.0028328611898017,2644.0,661,120,0.33994334277620397,8828.0,2207,225,0.6373937677053825
mineral_only_zero_geo,17,20,0.25,101,new,colorado,Gold,"[20,inf)",15160,548,60640.0,0.04574433206921569,0.0,0,0,0.0,16.0,4,1,0.0018248175182481751,556.0,139,15,0.02737226277372263
mineral_only_zero_geo,17,20,0.25,101,new,colorado,Gold,no_context,19800,151,79200.0,0.017583615134104773,0.0,0,0,0.0,8.0,2,0,0.0,40.0,10,0,0.0
mineral_only_zero_geo,17,20,0.25,101,new,colorado,Copper,"[0,5)",453,104,1812.0,0.3466962786843472,1104.0,276,77,0.7403846153846154,1688.0,422,100,0.9615384615384616,1784.0,446,104,1.0
mineral_only_zero_geo,17,20,0.25,101,new,colorado,Copper,"[5,10)",1195,95,4780.0,0.17046637490014557,468.0,117,21,0.22105263157894736,3088.0,772,81,0.8526315789473684,4156.0,1039,93,0.9789473684210527
mineral_only_zero_geo,17,20,0.25,101,new,colorado,Copper,"[10,20)",4772,218,19088.0,0.10622966709483352,76.0,19,0,0.0,3036.0,759,89,0.40825688073394495,8564.0,2141,158,0.7247706422018348
mineral_only_zero_geo,17,20,0.25,101,new,colorado,Copper,"[20,inf)",16380,323,65520.0,0.02516175326617156,8.0,2,0,0.0,476.0,119,2,0.006191950464396285,1920.0,480,18,0.05572755417956656
mineral_only_zero_geo,17,20,0.25,101,new,colorado,Copper,no_context,19700,99,78800.0,0.018546763648211263,44.0,11,1,0.010101010101010102,212.0,53,5,0.050505050505050504,576.0,144,8,0.08080808080808081
mineral_only_zero_geo,17,20,0.25,211,new,nevada,Gold,"[0,5)",1109,213,4436.0,0.35080623641798003,1428.0,357,105,0.49295774647887325,3644.0,911,192,0.9014084507042254,4168.0,1042,208,0.9765258215962441
mineral_only_zero_geo,17,20,0.25,211,new,nevada,Gold,"[5,10)",2854,267,11416.0,0.14990915595687446,168.0,42,6,0.02247191011235955,3548.0,887,131,0.49063670411985016,7044.0,1761,209,0.7827715355805244
mineral_only_zero_geo,17,20,0.25,211,new,nevada,Gold,"[10,20)",9585,564,38340.0,0.0819410590264839,4.0,1,1,0.0017730496453900709,800.0,200,23,0.040780141843971635,4716.0,1179,108,0.19148936170212766
mineral_only_zero_geo,17,20,0.25,211,new,nevada,Gold,"[20,inf)",25252,1259,101008.0,0.0572462472754754,0.0,0,0,0.0,8.0,2,0,0.0,72.0,18,1,0.0007942811755361397
mineral_only_zero_geo,17,20,0.25,211,new,nevada,Gold,no_context,1200,45,4800.0,0.08421714292418547,0.0,0,0,0.0,0.0,0,0,0.0,0.0,0,0,0.0
mineral_only_zero_geo,17,20,0.25,211,new,nevada,Copper,"[0,5)",723,95,2892.0,0.2995228877821881,1372.0,343,56,0.5894736842105263,2584.0,646,87,0.9157894736842105,2784.0,696,91,0.9578947368421052
mineral_only_zero_geo,17,20,0.25,211,new,nevada,Copper,"[5,10)",2116,113,8464.0,0.08787014352589267,164.0,41,2,0.017699115044247787,3648.0,912,69,0.6106194690265486,6080.0,1520,100,0.8849557522123894
mineral_only_zero_geo,17,20,0.25,211,new,nevada,Copper,"[10,20)",8317,270,33268.0,0.04193310980787788,36.0,9,1,0.003703703703703704,1464.0,366,17,0.06296296296296296,6280.0,1570,65,0.24074074074074073
mineral_only_zero_geo,17,20,0.25,211,new,nevada,Copper,"[20,inf)",26344,670,105376.0,0.026132869726280195,20.0,5,0,0.0,284.0,71,1,0.0014925373134328358,812.0,203,1,0.0014925373134328358
mineral_only_zero_geo,17,20,0.25,211,new,nevada,Copper,no_context,2500,64,10000.0,0.040673311143869545,8.0,2,0,0.0,20.0,5,0,0.0,44.0,11,0,0.0
mineral_only_zero_geo,17,20,0.25,211,new,arizona,Gold,"[0,5)",562,85,2248.0,0.26009357603469996,1260.0,315,65,0.7647058823529411,2088.0,522,84,0.9882352941176471,2176.0,544,85,1.0
mineral_only_zero_geo,17,20,0.25,211,new,arizona,Gold,"[5,10)",1373,111,5492.0,0.14565348290523197,424.0,106,17,0.15315315315315314,3524.0,881,100,0.9009009009009009,4840.0,1210,111,1.0
mineral_only_zero_geo,17,20,0.25,211,new,arizona,Gold,"[10,20)",4884,236,19510.960252236575,0.0904860319604653,8.0,2,0,0.0,2740.0,685,69,0.2923728813559322,8964.280910253525,2242,170,0.7203389830508474
mineral_only_zero_geo,17,20,0.25,211,new,arizona,Gold,"[20,inf)",21576,696,86243.78602983942,0.034923214441801756,0.0,0,0,0.0,104.0,26,1,0.0014367816091954023,920.0,230,8,0.011494252873563218
mineral_only_zero_geo,17,20,0.25,211,new,arizona,Gold,no_context,13900,44,55600.0,0.005922343360248063,0.0,0,0,0.0,0.0,0,0,0.0,12.0,3,0,0.0
mineral_only_zero_geo,17,20,0.25,211,new,arizona,Copper,"[0,5)",618,95,2472.0,0.27291955935289736,1356.0,339,71,0.7473684210526316,2280.0,570,92,0.968421052631579,2412.0,603,95,1.0
mineral_only_zero_geo,17,20,0.25,211,new,arizona,Copper,"[5,10)",1465,130,5860.0,0.12619135018295738,272.0,68,9,0.06923076923076923,3580.0,895,105,0.8076923076923077,5308.0,1327,130,1.0
mineral_only_zero_geo,17,20,0.25,211,new,arizona,Copper,"[10,20)",5440,268,21734.960252236575,0.09116770104209063,16.0,4,0,0.0,2400.0,600,62,0.23134328358208955,8531.835164308548,2133,176,0.6567164179104478
mineral_only_zero_geo,17,20,0.25,211,new,arizona,Copper,"[20,inf)",21072,755,84227.78602983942,0.04568642604688626,8.0,2,0,0.0,64.0,16,0,0.0,352.0,88,4,0.005298013245033113
mineral_only_zero_geo,17,20,0.25,211,new,arizona,Copper,no_context,13700,62,54800.0,0.006822005546148798,40.0,10,0,0.0,132.0,33,0,0.0,308.0,77,0,0.0
mineral_only_zero_geo,17,20,0.25,211,new,colorado,Gold,"[0,5)",587,134,2348.0,0.47244308265959994,1152.0,288,103,0.7686567164179104,2140.0,535,128,0.9552238805970149,2300.0,575,132,0.9850746268656716
mineral_only_zero_geo,17,20,0.25,211,new,colorado,Gold,"[5,10)",1407,163,5628.0,0.31554631413329554,452.0,113,46,0.2822085889570552,3520.0,880,143,0.8773006134969326,5132.0,1283,160,0.9815950920245399
mineral_only_zero_geo,17,20,0.25,211,new,colorado,Gold,"[10,20)",4880,291,19520.0,0.1581627400130436,96.0,24,11,0.037800687285223365,2764.0,691,88,0.3024054982817869,8720.0,2180,192,0.6597938144329897
mineral_only_zero_geo,17,20,0.25,211,new,colorado,Gold,"[20,inf)",16726,547,66904.0,0.041164060521222776,0.0,0,0,0.0,52.0,13,1,0.0018281535648994515,744.0,186,6,0.010968921389396709
mineral_only_zero_geo,17,20,0.25,211,new,colorado,Gold,no_context,18900,240,75600.0,0.018176308902934642,0.0,0,0,0.0,24.0,6,0,0.0,104.0,26,0,0.0
mineral_only_zero_geo,17,20,0.25,211,new,colorado,Copper,"[0,5)",373,69,1492.0,0.28647263859078403,952.0,238,58,0.8405797101449275,1364.0,341,68,0.9855072463768116,1444.0,361,69,1.0
mineral_only_zero_geo,17,20,0.25,211,new,colorado,Copper,"[5,10)",1109,89,4436.0,0.1590680101584941,524.0,131,21,0.23595505617977527,2916.0,729,77,0.8651685393258427,3864.0,966,88,0.9887640449438202
mineral_only_zero_geo,17,20,0.25,211,new,colorado,Copper,"[10,20)",4436,192,17744.0,0.07894601581833999,120.0,30,0,0.0,3456.0,864,66,0.34375,8748.0,2187,134,0.6979166666666666
mineral_only_zero_geo,17,20,0.25,211,new,colorado,Copper,"[20,inf)",17782,312,71128.0,0.019244375334943806,76.0,19,0,0.0,580.0,145,1,0.003205128205128205,2492.0,623,4,0.01282051282051282
mineral_only_zero_geo,17,20,0.25,211,new,colorado,Copper,no_context,18800,177,75200.0,0.014570857956388836,28.0,7,0,0.0,184.0,46,1,0.005649717514124294,452.0,113,1,0.005649717514124294
mineral_only_zero_geo,17,20,0.25,307,new,nevada,Gold,"[0,5)",1071,173,4284.0,0.28380675883205086,1436.0,359,78,0.4508670520231214,3424.0,856,151,0.8728323699421965,3996.0,999,165,0.953757225433526
mineral_only_zero_geo,17,20,0.25,307,new,nevada,Gold,"[5,10)",2840,253,11360.0,0.11673649244169661,160.0,40,2,0.007905138339920948,3584.0,896,103,0.40711462450592883,6968.0,1742,198,0.782608695652174
mineral_only_zero_geo,17,20,0.25,307,new,nevada,Gold,"[10,20)",10002,572,40008.0,0.0819335241119069,4.0,1,1,0.0017482517482517483,988.0,247,19,0.033216783216783216,5020.0,1255,122,0.21328671328671328
mineral_only_zero_geo,17,20,0.25,307,new,nevada,Gold,"[20,inf)",26087,1350,104348.0,0.06164474736320301,0.0,0,0,0.0,4.0,1,0,0.0,16.0,4,0,0.0
mineral_only_zero_geo,17,20,0.25,307,new,nevada,Gold,no_context,0,0,0.0,,0.0,0,0,,0.0,0,0,,0.0,0,0,
mineral_only_zero_geo,17,20,0.25,307,new,nevada,Copper,"[0,5)",624,71,2496.0,0.20360565537313535,1256.0,314,49,0.6901408450704225,2196.0,549,62,0.8732394366197183,2404.0,601,71,1.0
mineral_only_zero_geo,17,20,0.25,307,new,nevada,Copper,"[5,10)",1727,73,6908.0,0.06080969853217874,192.0,48,3,0.0410958904109589,3272.0,818,47,0.6438356164383562,5236.0,1309,65,0.8904109589041096
mineral_only_zero_geo,17,20,0.25,307,new,nevada,Copper,"[10,20)",7235,260,28940.0,0.05546204110011343,36.0,9,3,0.011538461538461539,1604.0,401,23,0.08846153846153847,6276.0,1569,80,0.3076923076923077
mineral_only_zero_geo,17,20,0.25,307,new,nevada,Copper,"[20,inf)",26614,720,106456.0,0.03276167166290824,76.0,19,0,0.0,668.0,167,11,0.015277777777777777,1552.0,388,25,0.034722222222222224
mineral_only_zero_geo,17,20,0.25,307,new,nevada,Copper,no_context,3800,88,15200.0,0.02009346101165743,40.0,10,0,0.0,260.0,65,0,0.0,532.0,133,0,0.0
mineral_only_zero_geo,17,20,0.25,307,new,arizona,Gold,"[0,5)",447,81,1779.1729207634926,0.41696415706526413,1069.3131362199783,268,66,0.8148148148148148,1563.3603685498238,393,80,0.9876543209876543,1691.1729207634926,425,81,1.0
mineral_only_zero_geo,17,20,0.25,307,new,arizona,Gold,"[5,10)",1390,107,5546.629598469939,0.12384254931893703,560.0,140,17,0.1588785046728972,3351.419852824416,840,86,0.8037383177570093,4838.652257771697,1213,102,0.9532710280373832
mineral_only_zero_geo,17,20,0.25,307,new,arizona,Gold,"[10,20)",5436,224,21711.637054983526,0.05153879545869256,52.0,13,1,0.004464285714285714,3388.0,847,54,0.24107142857142858,9448.0,2362,118,0.5267857142857143
mineral_only_zero_geo,17,20,0.25,307,new,arizona,Gold,"[20,inf)",18822,722,75257.30670785904,0.05083400185791133,4.0,1,0,0.0,96.0,24,1,0.0013850415512465374,768.0,192,5,0.006925207756232687
mineral_only_zero_geo,17,20,0.25,307,new,arizona,Gold,no_context,16200,38,64800.0,0.0036938712189695574,8.0,2,0,0.0,56.0,14,0,0.0,164.0,41,0,0.0
mineral_only_zero_geo,17,20,0.25,307,new,arizona,Copper,"[0,5)",540,94,2151.1729207634926,0.37072571025139106,1245.4410999417305,313,73,0.776595744680851,1995.3603685498238,501,93,0.9893617021276596,2099.1729207634926,527,94,1.0
mineral_only_zero_geo,17,20,0.25,307,new,arizona,Copper,"[5,10)",1543,100,6158.629598469939,0.1103669332176918,364.0,91,15,0.15,3604.1697574569844,904,73,0.73,5430.652257771697,1361,96,0.96
mineral_only_zero_geo,17,20,0.25,307,new,arizona,Copper,"[10,20)",6198,247,24759.637054983526,0.06067437349508161,60.0,15,0,0.0,2660.0,665,54,0.21862348178137653,8680.0,2170,118,0.4777327935222672
mineral_only_zero_geo,17,20,0.25,307,new,arizona,Copper,"[20,inf)",19114,809,76425.30670785904,0.05729545499762152,8.0,2,0,0.0,124.0,31,0,0.0,580.0,145,2,0.002472187886279357
mineral_only_zero_geo,17,20,0.25,307,new,arizona,Copper,no_context,14900,60,59600.0,0.005970277909031994,16.0,4,0,0.0,72.0,18,0,0.0,120.0,30,0,0.0
mineral_only_zero_geo,17,20,0.25,307,new,colorado,Gold,"[0,5)",702,171,2808.0,0.5358243323049756,1300.0,325,126,0.7368421052631579,2452.0,613,162,0.9473684210526315,2684.0,671,171,1.0
mineral_only_zero_geo,17,20,0.25,307,new,colorado,Gold,"[5,10)",1740,198,6960.0,0.31770830992587057,380.0,95,31,0.15656565656565657,3724.0,931,169,0.8535353535353535,5760.0,1440,197,0.9949494949494949
mineral_only_zero_geo,17,20,0.25,307,new,colorado,Gold,"[10,20)",6233,353,24932.0,0.17228793398636522,20.0,5,1,0.0028328611898017,2312.0,578,108,0.3059490084985836,8340.0,2085,196,0.5552407932011332
mineral_only_zero_geo,17,20,0.25,307,new,colorado,Gold,"[20,inf)",17625,629,70500.0,0.04120481910606491,0.0,0,0,0.0,12.0,3,0,0.0,212.0,53,5,0.00794912559618442
mineral_only_zero_geo,17,20,0.25,307,new,colorado,Gold,no_context,16200,24,64800.0,0.016711192804877654,0.0,0,0,0.0,0.0,0,0,0.0,4.0,1,0,0.0
mineral_only_zero_geo,17,20,0.25,307,new,colorado,Copper,"[0,5)",433,99,1732.0,0.3657888947874776,1080.0,270,78,0.7878787878787878,1568.0,392,98,0.98989898989899,1636.0,409,99,1.0
mineral_only_zero_geo,17,20,0.25,307,new,colorado,Copper,"[5,10)",1152,123,4608.0,0.2082491523958933,448.0,112,21,0.17073170731707318,3048.0,762,112,0.9105691056910569,4000.0,1000,120,0.975609756097561
mineral_only_zero_geo,17,20,0.25,307,new,colorado,Copper,"[10,20)",4738,198,18952.0,0.0853917961306723,76.0,19,2,0.010101010101010102,3020.0,755,79,0.398989898989899,8172.0,2043,132,0.6666666666666666
mineral_only_zero_geo,17,20,0.25,307,new,colorado,Copper,"[20,inf)",19977,385,79908.0,0.018361688047122852,80.0,20,1,0.0025974025974025974,588.0,147,3,0.007792207792207792,2212.0,553,5,0.012987012987012988
mineral_only_zero_geo,17,20,0.25,307,new,colorado,Copper,no_context,16200,34,64800.0,0.01163395755833032,16.0,4,0,0.0,276.0,69,1,0.029411764705882353,980.0,245,2,0.058823529411764705
mineral_only_zero_geo,17,20,0.5,101,new,nevada,Gold,"[0,5)",2025,326,8100.0,0.3272266838907138,1504.0,376,129,0.39570552147239263,5168.0,1292,267,0.8190184049079755,6868.0,1717,305,0.9355828220858896
mineral_only_zero_geo,17,20,0.5,101,new,nevada,Gold,"[5,10)",5326,402,21304.0,0.12812870177300412,92.0,23,4,0.009950248756218905,2428.0,607,92,0.22885572139303484,7180.0,1795,204,0.5074626865671642
mineral_only_zero_geo,17,20,0.5,101,new,nevada,Gold,"[10,20)",15798,847,63192.0,0.07831982311880809,4.0,1,0,0.0,404.0,101,19,0.02243211334120425,1892.0,473,52,0.06139315230224321
mineral_only_zero_geo,17,20,0.5,101,new,nevada,Gold,"[20,inf)",15651,736,62604.0,0.06105258876073049,0.0,0,0,0.0,0.0,0,0,0.0,60.0,15,1,0.001358695652173913
mineral_only_zero_geo,17,20,0.5,101,new,nevada,Gold,no_context,1200,37,4800.0,0.07256851102388039,0.0,0,0,0.0,0.0,0,0,0.0,0.0,0,0,0.0
mineral_only_zero_geo,17,20,0.5,101,new,nevada,Copper,"[0,5)",1270,152,5080.0,0.20482895875565568,1380.0,345,59,0.3881578947368421,3624.0,906,125,0.8223684210526315,4428.0,1107,142,0.9342105263157895
mineral_only_zero_geo,17,20,0.5,101,new,nevada,Copper,"[5,10)",3813,182,15252.0,0.08376423446876995,140.0,35,7,0.038461538461538464,3036.0,759,54,0.2967032967032967,6836.0,1709,110,0.6043956043956044
mineral_only_zero_geo,17,20,0.5,101,new,nevada,Copper,"[10,20)",13688,408,54752.0,0.03826751495373821,56.0,14,0,0.0,1012.0,253,16,0.0392156862745098,3888.0,972,44,0.10784313725490197
mineral_only_zero_geo,17,20,0.5,101,new,nevada,Copper,"[20,inf)",20029,446,80116.0,0.026105336150701257,24.0,6,0,0.0,328.0,82,2,0.004484304932735426,848.0,212,4,0.008968609865470852
mineral_only_zero_geo,17,20,0.5,101,new,nevada,Copper,no_context,1200,24,4800.0,0.03798769690219634,0.0,0,0,0.0,0.0,0,0,0.0,0.0,0,0,0.0
mineral_only_zero_geo,17,20,0.5,101,new,arizona,Gold,"[0,5)",1055,188,4220.0,0.29320649871314386,1496.0,374,104,0.5531914893617021,3536.0,884,179,0.9521276595744681,3992.0,998,185,0.9840425531914894
mineral_only_zero_geo,17,20,0.5,101,new,arizona,Gold,"[5,10)",2663,249,10652.0,0.15742665209720536,196.0,49,7,0.028112449799196786,3580.0,895,142,0.570281124497992,7004.0,1751,215,0.8634538152610441
mineral_only_zero_geo,17,20,0.5,101,new,arizona,Gold,"[10,20)",8580,401,34281.72588564083,0.08911977849991569,0.0,0,0,0.0,1328.0,332,46,0.11471321695760599,5764.0,1441,133,0.3316708229426434
mineral_only_zero_geo,17,20,0.5,101,new,arizona,Gold,"[20,inf)",14997,302,59941.02039643517,0.028642160688544208,0.0,0,0,0.0,12.0,3,1,0.0033112582781456954,148.0,37,2,0.006622516556291391
mineral_only_zero_geo,17,20,0.5,101,new,arizona,Gold,no_context,15000,32,60000.0,0.004538074481890467,0.0,0,0,0.0,0.0,0,0,0.0,4.0,1,0,0.0
mineral_only_zero_geo,17,20,0.5,101,new,arizona,Copper,"[0,5)",1276,234,5104.0,0.3138915417409471,1588.0,397,112,0.47863247863247865,4032.0,1008,216,0.9230769230769231,4764.0,1191,231,0.9871794871794872
mineral_only_zero_geo,17,20,0.5,101,new,arizona,Copper,"[5,10)",2993,276,11972.0,0.16311514763979107,84.0,21,3,0.010869565217391304,3612.0,903,149,0.5398550724637681,7604.0,1901,238,0.8623188405797102
mineral_only_zero_geo,17,20,0.5,101,new,arizona,Copper,"[10,20)",8869,420,35450.960252236575,0.0817607084945172,12.0,3,1,0.002380952380952381,788.0,197,32,0.0761904761904762,4476.0,1119,109,0.25952380952380955
mineral_only_zero_geo,17,20,0.5,101,new,arizona,Copper,"[20,inf)",12957,329,51767.78602983942,0.03310172973395381,0.0,0,0,0.0,0.0,0,0,0.0,16.0,4,0,0.0
mineral_only_zero_geo,17,20,0.5,101,new,arizona,Copper,no_context,16200,51,64800.0,0.004328938435842773,8.0,2,0,0.0,24.0,6,0,0.0,52.0,13,0,0.0
mineral_only_zero_geo,17,20,0.5,101,new,colorado,Gold,"[0,5)",1287,302,5148.0,0.48323434558854944,1508.0,377,169,0.5596026490066225,4036.0,1009,281,0.9304635761589404,4820.0,1205,297,0.9834437086092715
mineral_only_zero_geo,17,20,0.5,101,new,colorado,Gold,"[5,10)",2942,298,11768.0,0.29929131534534514,192.0,48,19,0.06375838926174497,3376.0,844,186,0.6241610738255033,7276.0,1819,252,0.8456375838926175
mineral_only_zero_geo,17,20,0.5,101,new,colorado,Gold,"[10,20)",8823,479,35292.0,0.14842235291394476,0.0,0,0,0.0,1076.0,269,67,0.13987473903966596,4788.0,1197,178,0.37160751565762007
mineral_only_zero_geo,17,20,0.5,101,new,colorado,Gold,"[20,inf)",18148,285,72592.0,0.031586510588535406,0.0,0,0,0.0,12.0,3,0,0.0,104.0,26,1,0.0035087719298245615
mineral_only_zero_geo,17,20,0.5,101,new,colorado,Gold,no_context,11300,11,45200.0,0.001988124510609354,0.0,0,0,0.0,0.0,0,0,0.0,12.0,3,0,0.0
mineral_only_zero_geo,17,20,0.5,101,new,colorado,Copper,"[0,5)",754,146,3016.0,0.3213206338561033,1200.0,300,76,0.5205479452054794,2568.0,642,136,0.9315068493150684,2816.0,704,142,0.9726027397260274
mineral_only_zero_geo,17,20,0.5,101,new,colorado,Copper,"[5,10)",2013,153,8052.0,0.16196803266774046,376.0,94,17,0.1111111111111111,3288.0,822,106,0.6928104575163399,5580.0,1395,133,0.869281045751634
mineral_only_zero_geo,17,20,0.5,101,new,colorado,Copper,"[10,20)",7006,284,28024.0,0.07987294226132795,96.0,24,1,0.0035211267605633804,1992.0,498,63,0.22183098591549297,6436.0,1609,129,0.45422535211267606
mineral_only_zero_geo,17,20,0.5,101,new,colorado,Copper,"[20,inf)",20327,223,81308.0,0.017412002916033096,8.0,2,0,0.0,520.0,130,1,0.004484304932735426,1524.0,381,7,0.03139013452914798
mineral_only_zero_geo,17,20,0.5,101,new,colorado,Copper,no_context,12400,33,49600.0,0.006684512868999033,20.0,5,0,0.0,132.0,33,0,0.0,644.0,161,0,0.0
mineral_only_zero_geo,17,20,0.5,211,new,nevada,Gold,"[0,5)",2133,375,8532.0,0.3275692799085933,1532.0,383,121,0.32266666666666666,5276.0,1319,287,0.7653333333333333,7196.0,1799,347,0.9253333333333333
mineral_only_zero_geo,17,20,0.5,211,new,nevada,Gold,"[5,10)",5340,484,21360.0,0.1399888204016305,68.0,17,5,0.010330578512396695,2428.0,607,99,0.20454545454545456,7076.0,1769,233,0.48140495867768596
mineral_only_zero_geo,17,20,0.5,211,new,nevada,Gold,"[10,20)",14808,824,59232.0,0.08076038260954374,0.0,0,0,0.0,296.0,74,6,0.007281553398058253,1696.0,424,47,0.05703883495145631
mineral_only_zero_geo,17,20,0.5,211,new,nevada,Gold,"[20,inf)",17719,665,70876.0,0.044886084234342274,0.0,0,0,0.0,0.0,0,0,0.0,32.0,8,0,0.0
mineral_only_zero_geo,17,20,0.5,211,new,nevada,Gold,no_context,0,0,0.0,,0.0,0,0,,0.0,0,0,,0.0,0,0,
mineral_only_zero_geo,17,20,0.5,211,new,nevada,Copper,"[0,5)",1297,147,5188.0,0.21793633197779458,1356.0,339,61,0.41496598639455784,3860.0,965,126,0.8571428571428571,4696.0,1174,138,0.9387755102040817
mineral_only_zero_geo,17,20,0.5,211,new,nevada,Copper,"[5,10)",3771,194,15084.0,0.07405761513589243,176.0,44,5,0.02577319587628866,3040.0,760,60,0.30927835051546393,7088.0,1772,128,0.6597938144329897
mineral_only_zero_geo,17,20,0.5,211,new,nevada,Copper,"[10,20)",12918,422,51672.0,0.04178354749961748,52.0,13,0,0.0,864.0,216,11,0.026066350710900472,3464.0,866,42,0.0995260663507109
mineral_only_zero_geo,17,20,0.5,211,new,nevada,Copper,"[20,inf)",22014,449,88056.0,0.021545373249061136,16.0,4,0,0.0,236.0,59,1,0.0022271714922048997,752.0,188,3,0.0066815144766146995
mineral_only_zero_geo,17,20,0.5,211,new,nevada,Copper,no_context,0,0,0.0,,0.0,0,0,,0.0,0,0,,0.0,0,0,
mineral_only_zero_geo,17,20,0.5,211,new,arizona,Gold,"[0,5)",1002,160,4008.0,0.29099642478363735,1392.0,348,81,0.50625,3344.0,836,151,0.94375,3768.0,942,157,0.98125
mineral_only_zero_geo,17,20,0.5,211,new,arizona,Gold,"[5,10)",2627,224,10508.0,0.15699706669832084,300.0,75,20,0.08928571428571429,3804.0,951,126,0.5625,7068.0,1767,185,0.8258928571428571
mineral_only_zero_geo,17,20,0.5,211,new,arizona,Gold,"[10,20)",8826,417,35265.72588564083,0.07842159107228529,0.0,0,0,0.0,1300.0,325,37,0.08872901678657075,5960.0,1490,130,0.3117505995203837
mineral_only_zero_geo,17,20,0.5,211,new,arizona,Gold,"[20,inf)",17240,344,68913.02039643517,0.03484261031176891,0.0,0,0,0.0,8.0,2,0,0.0,104.0,26,1,0.0029069767441860465
mineral_only_zero_geo,17,20,0.5,211,new,arizona,Gold,no_context,12600,27,50400.0,0.0037409990859584544,0.0,0,0,0.0,0.0,0,0,0.0,12.0,3,0,0.0
mineral_only_zero_geo,17,20,0.5,211,new,arizona,Copper,"[0,5)",1158,176,4632.0,0.2697771328537282,1528.0,382,85,0.48295454545454547,3720.0,930,161,0.9147727272727273,4296.0,1074,171,0.9715909090909091
mineral_only_zero_geo,17,20,0.5,211,new,arizona,Copper,"[5,10)",2950,251,11800.0,0.12536890715524138,136.0,34,5,0.0199203187250996,3676.0,919,117,0.46613545816733065,7528.0,1882,200,0.796812749003984
mineral_only_zero_geo,17,20,0.5,211,new,arizona,Copper,"[10,20)",9546,458,38158.960252236575,0.08328969964220678,8.0,2,0,0.0,968.0,242,26,0.056768558951965066,4880.0,1220,116,0.25327510917030566
mineral_only_zero_geo,17,20,0.5,211,new,arizona,Copper,"[20,inf)",18741,395,74903.78602983942,0.03732885563285111,12.0,3,0,0.0,64.0,16,0,0.0,148.0,37,0,0.0
mineral_only_zero_geo,17,20,0.5,211,new,arizona,Copper,no_context,9900,30,39600.0,0.004540163944053501,8.0,2,0,0.0,28.0,7,0,0.0,60.0,15,0,0.0
mineral_only_zero_geo,17,20,0.5,211,new,colorado,Gold,"[0,5)",1127,233,4508.0,0.40841320255473196,1500.0,375,141,0.6051502145922747,3764.0,941,216,0.927038626609442,4264.0,1066,229,0.9828326180257511
mineral_only_zero_geo,17,20,0.5,211,new,colorado,Gold,"[5,10)",2716,274,10864.0,0.263022332528227,200.0,50,23,0.08394160583941605,3808.0,952,186,0.6788321167883211,7200.0,1800,242,0.8832116788321168
mineral_only_zero_geo,17,20,0.5,211,new,colorado,Gold,"[10,20)",8223,434,32892.0,0.12078999075914187,0.0,0,0,0.0,920.0,230,39,0.08986175115207373,5436.0,1359,149,0.3433179723502304
mineral_only_zero_geo,17,20,0.5,211,new,colorado,Gold,"[20,inf)",16634,423,66536.0,0.03372197653140076,0.0,0,0,0.0,0.0,0,0,0.0,76.0,19,1,0.002364066193853428
mineral_only_zero_geo,17,20,0.5,211,new,colorado,Gold,no_context,13800,11,55200.0,0.0010243274419856243,0.0,0,0,0.0,8.0,2,0,0.0,24.0,6,0,0.0
mineral_only_zero_geo,17,20,0.5,211,new,colorado,Copper,"[0,5)",807,138,3228.0,0.24779610413995973,1348.0,337,82,0.5942028985507246,2732.0,683,128,0.927536231884058,3052.0,763,137,0.9927536231884058
mineral_only_zero_geo,17,20,0.5,211,new,colorado,Copper,"[5,10)",2161,165,8644.0,0.13270312326306663,280.0,70,10,0.06060606060606061,3604.0,901,110,0.6666666666666666,6136.0,1534,147,0.8909090909090909
mineral_only_zero_geo,17,20,0.5,211,new,colorado,Copper,"[10,20)",6669,274,26676.0,0.07608017136226426,48.0,12,0,0.0,1620.0,405,41,0.14963503649635038,6220.0,1555,123,0.4489051094890511
mineral_only_zero_geo,17,20,0.5,211,new,colorado,Copper,"[20,inf)",19063,227,76252.0,0.014621782228027522,20.0,5,0,0.0,448.0,112,1,0.004405286343612335,1192.0,298,5,0.022026431718061675
mineral_only_zero_geo,17,20,0.5,211,new,colorado,Copper,no_context,13800,35,55200.0,0.006689224955687186,4.0,1,0,0.0,96.0,24,0,0.0,400.0,100,0,0.0
mineral_only_zero_geo,17,20,0.5,307,new,nevada,Gold,"[0,5)",2134,367,8536.0,0.315674206156273,1512.0,378,114,0.3106267029972752,5128.0,1282,276,0.7520435967302452,7064.0,1766,339,0.9237057220708447
mineral_only_zero_geo,17,20,0.5,307,new,nevada,Gold,"[5,10)",5419,456,21676.0,0.12257176813985596,84.0,21,3,0.006578947368421052,2496.0,624,81,0.17763157894736842,7052.0,1763,213,0.46710526315789475
mineral_only_zero_geo,17,20,0.5,307,new,nevada,Gold,"[10,20)",15388,848,61552.0,0.07998266690670804,4.0,1,0,0.0,376.0,94,14,0.01650943396226415,1864.0,466,52,0.06132075471698113
mineral_only_zero_geo,17,20,0.5,307,new,nevada,Gold,"[20,inf)",17059,677,68236.0,0.05257721621377511,0.0,0,0,0.0,0.0,0,0,0.0,20.0,5,0,0.0
mineral_only_zero_geo,17,20,0.5,307,new,nevada,Gold,no_context,0,0,0.0,,0.0,0,0,,0.0,0,0,,0.0,0,0,
mineral_only_zero_geo,17,20,0.5,307,new,nevada,Copper,"[0,5)",1284,156,5136.0,0.21176062626830577,1432.0,358,62,0.3974358974358974,3792.0,948,129,0.8269230769230769,4540.0,1135,143,0.9166666666666666
mineral_only_zero_geo,17,20,0.5,307,new,nevada,Copper,"[5,10)",3592,170,14368.0,0.06071992637568109,108.0,27,3,0.01764705882352941,2840.0,710,47,0.27647058823529413,6700.0,1675,106,0.6235294117647059
mineral_only_zero_geo,17,20,0.5,307,new,nevada,Copper,"[10,20)",12777,410,51108.0,0.04402396963814263,20.0,5,0,0.0,904.0,226,19,0.046341463414634146,3464.0,866,46,0.11219512195121951
mineral_only_zero_geo,17,20,0.5,307,new,nevada,Copper,"[20,inf)",22347,476,89388.0,0.026160182786601996,40.0,10,1,0.0021008403361344537,464.0,116,4,0.008403361344537815,1296.0,324,10,0.02100840336134454
mineral_only_zero_geo,17,20,0.5,307,new,nevada,Copper,no_context,0,0,0.0,,0.0,0,0,,0.0,0,0,,0.0,0,0,
mineral_only_zero_geo,17,20,0.5,307,new,arizona,Gold,"[0,5)",991,179,3955.1729207634926,0.3322346355862223,1448.0,362,97,0.5418994413407822,3291.3603685498238,825,168,0.9385474860335196,3671.3603685498238,920,174,0.9720670391061452
mineral_only_zero_geo,17,20,0.5,307,new,arizona,Gold,"[5,10)",2657,230,10614.117837281432,0.15980781674298625,232.0,58,13,0.05652173913043478,3772.0,943,142,0.6173913043478261,6815.419852824416,1706,192,0.8347826086956521
mineral_only_zero_geo,17,20,0.5,307,new,arizona,Gold,"[10,20)",9093,402,36339.63705498353,0.07949737921980093,12.0,3,0,0.0,1376.0,344,40,0.09950248756218906,6276.0,1569,140,0.3482587064676617
mineral_only_zero_geo,17,20,0.5,307,new,arizona,Gold,"[20,inf)",15754,347,62985.81846904755,0.03558379226490382,0.0,0,0,0.0,16.0,4,0,0.0,132.0,33,3,0.008645533141210375
mineral_only_zero_geo,17,20,0.5,307,new,arizona,Gold,no_context,13800,14,55200.0,0.004101257444715455,0.0,0,0,0.0,0.0,0,0,0.0,16.0,4,0,0.0
mineral_only_zero_geo,17,20,0.5,307,new,arizona,Copper,"[0,5)",1220,208,4871.172920763493,0.29810000274914195,1541.3131362199783,386,97,0.46634615384615385,3795.3603685498238,951,186,0.8942307692307693,4463.360368549824,1118,204,0.9807692307692307
mineral_only_zero_geo,17,20,0.5,307,new,arizona,Copper,"[5,10)",3094,255,12362.117837281432,0.13295314436388952,132.0,33,4,0.01568627450980392,3635.010070235934,910,113,0.44313725490196076,7268.126856894698,1820,199,0.7803921568627451
mineral_only_zero_geo,17,20,0.5,307,new,arizona,Copper,"[10,20)",9959,451,39803.63705498353,0.07288177909597904,12.0,3,1,0.0022172949002217295,952.0,238,21,0.04656319290465632,4972.0,1243,113,0.25055432372505543
mineral_only_zero_geo,17,20,0.5,307,new,arizona,Copper,"[20,inf)",15522,388,62057.81846904755,0.03715835955241881,0.0,0,0,0.0,40.0,10,0,0.0,140.0,35,0,0.0
mineral_only_zero_geo,17,20,0.5,307,new,arizona,Copper,no_context,12500,8,50000.0,0.0012982995784143144,8.0,2,0,0.0,36.0,9,0,0.0,68.0,17,0,0.0
mineral_only_zero_geo,17,20,0.5,307,new,colorado,Gold,"[0,5)",1217,296,4868.0,0.5043855347355132,1524.0,381,171,0.5777027027027027,3820.0,955,276,0.9324324324324325,4500.0,1125,288,0.972972972972973
mineral_only_zero_geo,17,20,0.5,307,new,colorado,Gold,"[5,10)",2846,301,11384.0,0.330525780231723,176.0,44,24,0.07973421926910298,3608.0,902,212,0.7043189368770764,7128.0,1782,274,0.9102990033222591
mineral_only_zero_geo,17,20,0.5,307,new,colorado,Gold,"[10,20)",8829,489,35316.0,0.1946519763016374,0.0,0,0,0.0,1056.0,264,81,0.1656441717791411,5272.0,1318,234,0.4785276073619632
mineral_only_zero_geo,17,20,0.5,307,new,colorado,Gold,"[20,inf)",15908,278,63632.0,0.03088538883685279,0.0,0,0,0.0,16.0,4,0,0.0,100.0,25,1,0.0035971223021582736
mineral_only_zero_geo,17,20,0.5,307,new,colorado,Gold,no_context,13700,11,54800.0,0.0020635126641546093,0.0,0,0,0.0,0.0,0,0,0.0,0.0,0,0,0.0
mineral_only_zero_geo,17,20,0.5,307,new,colorado,Copper,"[0,5)",848,173,3392.0,0.3941361549449899,1344.0,336,107,0.6184971098265896,2868.0,717,163,0.9421965317919075,3176.0,794,170,0.9826589595375722
mineral_only_zero_geo,17,20,0.5,307,new,colorado,Copper,"[5,10)",2173,181,8692.0,0.18576623071324957,280.0,70,15,0.08287292817679558,3376.0,844,132,0.7292817679558011,5960.0,1490,168,0.9281767955801105
mineral_only_zero_geo,17,20,0.5,307,new,colorado,Copper,"[10,20)",7998,288,31992.0,0.08912033740458458,48.0,12,1,0.003472222222222222,1880.0,470,64,0.2222222222222222,6756.0,1689,144,0.5
mineral_only_zero_geo,17,20,0.5,307,new,colorado,Copper,"[20,inf)",21581,191,86324.0,0.012179211494457621,28.0,7,0,0.0,376.0,94,1,0.005235602094240838,1108.0,277,2,0.010471204188481676
mineral_only_zero_geo,17,20,0.5,307,new,colorado,Copper,no_context,9900,6,39600.0,0.0006340375730551838,0.0,0,0,0.0,0.0,0,0,0.0,0.0,0,0,0.0
mineral_only_zero_geo,17,20,1.0,0,inherited,nevada,Gold,"[0,5)",3988,669,15952.0,0.31912334589643593,1584.0,396,145,0.21674140508221226,6628.0,1657,418,0.624813153961136,10352.0,2588,549,0.820627802690583
mineral_only_zero_geo,17,20,1.0,0,inherited,nevada,Gold,"[5,10)",9792,763,39168.0,0.1390876422343035,16.0,4,2,0.002621231979030144,1252.0,313,60,0.07863695937090433,4880.0,1220,186,0.2437745740498034
mineral_only_zero_geo,17,20,1.0,0,inherited,nevada,Gold,"[10,20)",19950,787,79800.0,0.07920721120138709,0.0,0,0,0.0,120.0,30,4,0.005082592121982211,768.0,192,25,0.03176620076238882
mineral_only_zero_geo,17,20,1.0,0,inherited,nevada,Gold,"[20,inf)",6270,129,25080.0,0.045386741332001726,0.0,0,0,0.0,0.0,0,0,0.0,0.0,0,0,0.0
mineral_only_zero_geo,17,20,1.0,0,inherited,nevada,Gold,no_context,0,0,0.0,,0.0,0,0,,0.0,0,0,,0.0,0,0,
mineral_only_zero_geo,17,20,1.0,0,inherited,nevada,Copper,"[0,5)",2486,296,9944.0,0.1946071907986638,1468.0,367,80,0.2702702702702703,5132.0,1283,198,0.668918918918919,7176.0,1794,243,0.8209459459459459
mineral_only_zero_geo,17,20,1.0,0,inherited,nevada,Copper,"[5,10)",7017,353,28068.0,0.0794015113048716,68.0,17,3,0.0084985835694051,1896.0,474,40,0.11331444759206799,5936.0,1484,128,0.3626062322946176
mineral_only_zero_geo,17,20,1.0,0,inherited,nevada,Copper,"[10,20)",19207,437,76828.0,0.03763141055859828,40.0,10,1,0.002288329519450801,832.0,208,10,0.02288329519450801,2512.0,628,33,0.07551487414187644
mineral_only_zero_geo,17,20,1.0,0,inherited,nevada,Copper,"[20,inf)",11290,126,45160.0,0.019418254888340217,24.0,6,0,0.0,140.0,35,3,0.023809523809523808,376.0,94,4,0.031746031746031744
mineral_only_zero_geo,17,20,1.0,0,inherited,nevada,Copper,no_context,0,0,0.0,,0.0,0,0,,0.0,0,0,,0.0,0,0,
mineral_only_zero_geo,17,20,1.0,0,inherited,arizona,Gold,"[0,5)",2014,338,8047.172920763493,0.31887298203180525,1624.0,406,135,0.3994082840236686,5076.0,1269,273,0.8076923076923077,6849.313136219978,1713,316,0.9349112426035503
mineral_only_zero_geo,17,20,1.0,0,inherited,arizona,Gold,"[5,10)",4939,408,19742.117837281432,0.1723540034579947,68.0,17,3,0.007352941176470588,2884.0,721,147,0.3602941176470588,7340.0,1835,271,0.6642156862745098
mineral_only_zero_geo,17,20,1.0,0,inherited,arizona,Gold,"[10,20)",12676,355,50653.28364360705,0.08205105673494784,0.0,0,0,0.0,496.0,124,10,0.028169014084507043,2708.0,677,89,0.2507042253521127
mineral_only_zero_geo,17,20,1.0,0,inherited,arizona,Gold,"[20,inf)",11266,68,45052.17188042402,0.01823653232257632,0.0,0,0,0.0,0.0,0,0,0.0,16.0,4,0,0.0
mineral_only_zero_geo,17,20,1.0,0,inherited,arizona,Gold,no_context,11400,3,45600.0,0.0005708750901290406,0.0,0,0,0.0,0.0,0,0,0.0,0.0,0,0,0.0
mineral_only_zero_geo,17,20,1.0,0,inherited,arizona,Copper,"[0,5)",2307,376,9219.172920763493,0.3115806843125289,1628.0,407,130,0.34574468085106386,5173.313136219978,1294,279,0.7420212765957447,7031.360368549824,1760,335,0.8909574468085106
mineral_only_zero_geo,17,20,1.0,0,inherited,arizona,Copper,"[5,10)",5590,456,22346.117837281432,0.14827605832995652,60.0,15,2,0.0043859649122807015,2820.0,705,124,0.2719298245614035,7396.0,1849,272,0.5964912280701754
mineral_only_zero_geo,17,20,1.0,0,inherited,arizona,Copper,"[10,20)",13381,416,53486.518010202795,0.0795513598563378,4.0,1,0,0.0,452.0,113,14,0.03365384615384615,2428.0,607,76,0.18269230769230768
mineral_only_zero_geo,17,20,1.0,0,inherited,arizona,Copper,"[20,inf)",13517,62,54042.93751382828,0.014522585348283976,0.0,0,0,0.0,12.0,3,0,0.0,56.0,14,0,0.0
mineral_only_zero_geo,17,20,1.0,0,inherited,arizona,Copper,no_context,7500,0,30000.0,,0.0,0,0,,0.0,0,0,,0.0,0,0,
mineral_only_zero_geo,17,20,1.0,0,inherited,colorado,Gold,"[0,5)",2135,457,8540.0,0.4466929479075358,1652.0,413,192,0.4201312910284464,5328.0,1332,397,0.8687089715536105,7196.0,1799,434,0.949671772428884
mineral_only_zero_geo,17,20,1.0,0,inherited,colorado,Gold,"[5,10)",4942,452,19768.0,0.3096592832591555,48.0,12,6,0.01327433628318584,2772.0,693,228,0.504424778761062,7284.0,1821,357,0.7898230088495575
mineral_only_zero_geo,17,20,1.0,0,inherited,colorado,Gold,"[10,20)",12043,397,48172.0,0.13040796614384678,0.0,0,0,0.0,400.0,100,23,0.05793450881612091,2484.0,621,121,0.3047858942065491
mineral_only_zero_geo,17,20,1.0,0,inherited,colorado,Gold,"[20,inf)",13380,58,53520.0,0.02898401250545332,0.0,0,0,0.0,0.0,0,0,0.0,36.0,9,1,0.017241379310344827
mineral_only_zero_geo,17,20,1.0,0,inherited,colorado,Gold,no_context,10000,11,40000.0,0.0027871271084815236,0.0,0,0,0.0,0.0,0,0,0.0,0.0,0,0,0.0
mineral_only_zero_geo,17,20,1.0,0,inherited,colorado,Copper,"[0,5)",1404,225,5616.0,0.32380531316750844,1512.0,378,112,0.49777777777777776,3788.0,947,191,0.8488888888888889,4788.0,1197,214,0.9511111111111111
mineral_only_zero_geo,17,20,1.0,0,inherited,colorado,Copper,"[5,10)",3744,253,14976.0,0.16081136998416176,168.0,42,12,0.04743083003952569,3216.0,804,135,0.5335968379446641,6924.0,1731,202,0.7984189723320159
mineral_only_zero_geo,17,20,1.0,0,inherited,colorado,Copper,"[10,20)",10754,276,43016.0,0.07781840578701564,20.0,5,0,0.0,1308.0,327,28,0.10144927536231885,4604.0,1151,120,0.43478260869565216
mineral_only_zero_geo,17,20,1.0,0,inherited,colorado,Copper,"[20,inf)",19198,82,76792.0,0.007613671038073537,0.0,0,0,0.0,188.0,47,0,0.0,672.0,168,1,0.012195121951219513
mineral_only_zero_geo,17,20,1.0,0,inherited,colorado,Copper,no_context,7400,3,29600.0,0.0012591740071904052,0.0,0,0,0.0,0.0,0,0,0.0,12.0,3,0,0.0
mineral_only_zero_geo,29,10,0.0,0,new,nevada,Gold,"[0,5)",0,0,0.0,,0.0,0,0,,0.0,0,0,,0.0,0,0,
mineral_only_zero_geo,29,10,0.0,0,new,nevada,Gold,"[5,10)",0,0,0.0,,0.0,0,0,,0.0,0,0,,0.0,0,0,
mineral_only_zero_geo,29,10,0.0,0,new,nevada,Gold,"[10,20)",0,0,0.0,,0.0,0,0,,0.0,0,0,,0.0,0,0,
mineral_only_zero_geo,29,10,0.0,0,new,nevada,Gold,"[20,inf)",0,0,0.0,,0.0,0,0,,0.0,0,0,,0.0,0,0,
mineral_only_zero_geo,29,10,0.0,0,new,nevada,Gold,no_context,40000,2348,160000.0,0.06368261229533478,1600.0,400,23,0.009795570698466781,8000.0,2000,137,0.05834752981260647,16000.0,4000,267,0.1137137989778535
mineral_only_zero_geo,29,10,0.0,0,new,nevada,Copper,"[0,5)",0,0,0.0,,0.0,0,0,,0.0,0,0,,0.0,0,0,
mineral_only_zero_geo,29,10,0.0,0,new,nevada,Copper,"[5,10)",0,0,0.0,,0.0,0,0,,0.0,0,0,,0.0,0,0,
mineral_only_zero_geo,29,10,0.0,0,new,nevada,Copper,"[10,20)",0,0,0.0,,0.0,0,0,,0.0,0,0,,0.0,0,0,
mineral_only_zero_geo,29,10,0.0,0,new,nevada,Copper,"[20,inf)",0,0,0.0,,0.0,0,0,,0.0,0,0,,0.0,0,0,
mineral_only_zero_geo,29,10,0.0,0,new,nevada,Copper,no_context,40000,1212,160000.0,0.03265401122797333,1600.0,400,9,0.007425742574257425,8000.0,2000,61,0.05033003300330033,16000.0,4000,129,0.10643564356435643
mineral_only_zero_geo,29,10,0.0,0,new,arizona,Gold,"[0,5)",0,0,0.0,,0.0,0,0,,0.0,0,0,,0.0,0,0,
mineral_only_zero_geo,29,10,0.0,0,new,arizona,Gold,"[5,10)",0,0,0.0,,0.0,0,0,,0.0,0,0,,0.0,0,0,
mineral_only_zero_geo,29,10,0.0,0,new,arizona,Gold,"[10,20)",0,0,0.0,,0.0,0,0,,0.0,0,0,,0.0,0,0,
mineral_only_zero_geo,29,10,0.0,0,new,arizona,Gold,"[20,inf)",0,0,0.0,,0.0,0,0,,0.0,0,0,,0.0,0,0,
mineral_only_zero_geo,29,10,0.0,0,new,arizona,Gold,no_context,42295,1172,169094.746282076,0.03348475700951799,1692.0,423,20,0.017064846416382253,8456.0,2114,64,0.05460750853242321,16910.35588878393,4233,147,0.12542662116040956
mineral_only_zero_geo,29,10,0.0,0,new,arizona,Copper,"[0,5)",0,0,0.0,,0.0,0,0,,0.0,0,0,,0.0,0,0,
mineral_only_zero_geo,29,10,0.0,0,new,arizona,Copper,"[5,10)",0,0,0.0,,0.0,0,0,,0.0,0,0,,0.0,0,0,
mineral_only_zero_geo,29,10,0.0,0,new,arizona,Copper,"[10,20)",0,0,0.0,,0.0,0,0,,0.0,0,0,,0.0,0,0,
mineral_only_zero_geo,29,10,0.0,0,new,arizona,Copper,"[20,inf)",0,0,0.0,,0.0,0,0,,0.0,0,0,,0.0,0,0,
mineral_only_zero_geo,29,10,0.0,0,new,arizona,Copper,no_context,42295,1310,169094.746282076,0.03646561219874076,1692.0,423,17,0.012977099236641221,8456.0,2114,72,0.0549618320610687,16910.591704547405,4233,154,0.11755725190839694
mineral_only_zero_geo,29,10,0.0,0,new,colorado,Gold,"[0,5)",0,0,0.0,,0.0,0,0,,0.0,0,0,,0.0,0,0,
mineral_only_zero_geo,29,10,0.0,0,new,colorado,Gold,"[5,10)",0,0,0.0,,0.0,0,0,,0.0,0,0,,0.0,0,0,
mineral_only_zero_geo,29,10,0.0,0,new,colorado,Gold,"[10,20)",0,0,0.0,,0.0,0,0,,0.0,0,0,,0.0,0,0,
mineral_only_zero_geo,29,10,0.0,0,new,colorado,Gold,"[20,inf)",0,0,0.0,,0.0,0,0,,0.0,0,0,,0.0,0,0,
mineral_only_zero_geo,29,10,0.0,0,new,colorado,Gold,no_context,42500,1375,170000.0,0.03332414483151465,1700.0,425,22,0.016,8500.0,2125,70,0.05090909090909091,17000.0,4250,147,0.10690909090909091
mineral_only_zero_geo,29,10,0.0,0,new,colorado,Copper,"[0,5)",0,0,0.0,,0.0,0,0,,0.0,0,0,,0.0,0,0,
mineral_only_zero_geo,29,10,0.0,0,new,colorado,Copper,"[5,10)",0,0,0.0,,0.0,0,0,,0.0,0,0,,0.0,0,0,
mineral_only_zero_geo,29,10,0.0,0,new,colorado,Copper,"[10,20)",0,0,0.0,,0.0,0,0,,0.0,0,0,,0.0,0,0,
mineral_only_zero_geo,29,10,0.0,0,new,colorado,Copper,"[20,inf)",0,0,0.0,,0.0,0,0,,0.0,0,0,,0.0,0,0,
mineral_only_zero_geo,29,10,0.0,0,new,colorado,Copper,no_context,42500,839,170000.0,0.018788819636526875,1700.0,425,10,0.011918951132300357,8500.0,2125,37,0.04410011918951132,17000.0,4250,80,0.09535160905840286
mineral_only_zero_geo,29,10,0.25,101,new,nevada,Gold,"[0,5)",2249,390,8996.0,0.2977015943142417,1564.0,391,123,0.3153846153846154,5712.0,1428,310,0.7948717948717948,7456.0,1864,355,0.9102564102564102
mineral_only_zero_geo,29,10,0.25,101,new,nevada,Gold,"[5,10)",4947,442,19788.0,0.12624481640976296,36.0,9,2,0.004524886877828055,2224.0,556,77,0.17420814479638008,7000.0,1750,201,0.45475113122171945
mineral_only_zero_geo,29,10,0.25,101,new,nevada,Gold,"[10,20)",11505,666,46020.0,0.07735286769980904,0.0,0,0,0.0,64.0,16,4,0.006006006006006006,1392.0,348,38,0.057057057057057055
mineral_only_zero_geo,29,10,0.25,101,new,nevada,Gold,"[20,inf)",21299,850,85196.0,0.04323715843578818,0.0,0,0,0.0,0.0,0,0,0.0,152.0,38,2,0.002352941176470588
mineral_only_zero_geo,29,10,0.25,101,new,nevada,Gold,no_context,0,0,0.0,,0.0,0,0,,0.0,0,0,,0.0,0,0,
mineral_only_zero_geo,29,10,0.25,101,new,nevada,Copper,"[0,5)",1427,189,5708.0,0.24764505514259438,1572.0,393,84,0.4444444444444444,4388.0,1097,166,0.8783068783068783,5064.0,1266,178,0.9417989417989417
mineral_only_zero_geo,29,10,0.25,101,new,nevada,Copper,"[5,10)",3546,171,14184.0,0.0704717268772748,20.0,5,1,0.005847953216374269,2916.0,729,52,0.30409356725146197,6704.0,1676,104,0.6081871345029239
mineral_only_zero_geo,29,10,0.25,101,new,nevada,Copper,"[10,20)",9217,327,36868.0,0.043017451263129475,0.0,0,0,0.0,348.0,87,6,0.01834862385321101,2564.0,641,34,0.10397553516819572
mineral_only_zero_geo,29,10,0.25,101,new,nevada,Copper,"[20,inf)",25810,525,103240.0,0.023182294266166442,8.0,2,0,0.0,348.0,87,4,0.007619047619047619,1668.0,417,18,0.03428571428571429
mineral_only_zero_geo,29,10,0.25,101,new,nevada,Copper,no_context,0,0,0.0,,0.0,0,0,,0.0,0,0,,0.0,0,0,
mineral_only_zero_geo,29,10,0.25,101,new,arizona,Gold,"[0,5)",1247,194,4979.172920763493,0.24736664196390146,1548.0,387,91,0.4690721649484536,3763.3603685498238,943,174,0.8969072164948454,4327.360368549824,1084,185,0.9536082474226805
mineral_only_zero_geo,29,10,0.25,101,new,arizona,Gold,"[5,10)",2701,228,10790.117837281432,0.13385584377898352,144.0,36,6,0.02631578947368421,3588.1640877127647,899,110,0.4824561403508772,6847.615095706191,1715,175,0.7675438596491229
mineral_only_zero_geo,29,10,0.25,101,new,arizona,Gold,"[10,20)",6349,358,25371.2179623954,0.06977453724703286,0.0,0,0,0.0,924.0,231,20,0.055865921787709494,4860.799477875233,1219,88,0.24581005586592178
mineral_only_zero_geo,29,10,0.25,101,new,arizona,Gold,"[20,inf)",18248,389,72954.23756163567,0.028732513162002263,0.0,0,0,0.0,176.0,44,2,0.005141388174807198,856.0,214,8,0.02056555269922879
mineral_only_zero_geo,29,10,0.25,101,new,arizona,Gold,no_context,13750,3,55000.0,0.0007225013823292619,0.0,0,0,0.0,4.0,1,0,0.0,20.0,5,0,0.0
mineral_only_zero_geo,29,10,0.25,101,new,arizona,Copper,"[0,5)",1415,227,5651.172920763493,0.2845046513709473,1644.0,411,107,0.4713656387665198,4519.360368549824,1132,203,0.8942731277533039,5207.360368549824,1304,221,0.973568281938326
mineral_only_zero_geo,29,10,0.25,101,new,arizona,Copper,"[5,10)",3067,253,12250.350196869578,0.11109299301004408,48.0,12,2,0.007905138339920948,3476.1211871504784,871,98,0.38735177865612647,7627.108848364558,1911,182,0.7193675889328063
mineral_only_zero_geo,29,10,0.25,101,new,arizona,Copper,"[10,20)",6964,402,27834.985602807254,0.07564213969693052,0.0,0,0,0.0,384.0,96,11,0.02736318407960199,3489.7218045704067,877,75,0.1865671641791045
mineral_only_zero_geo,29,10,0.25,101,new,arizona,Copper,"[20,inf)",18349,420,73358.23756163567,0.029115936031698916,0.0,0,0,0.0,72.0,18,2,0.004761904761904762,496.0,124,6,0.014285714285714285
mineral_only_zero_geo,29,10,0.25,101,new,arizona,Copper,no_context,12500,8,50000.0,0.0005939541970985615,0.0,0,0,0.0,4.0,1,0,0.0,92.0,23,0,0.0
mineral_only_zero_geo,29,10,0.25,101,new,colorado,Gold,"[0,5)",1220,284,4880.0,0.5528992423477826,1424.0,356,170,0.5985915492957746,3840.0,960,261,0.9190140845070423,4408.0,1102,275,0.9683098591549296
mineral_only_zero_geo,29,10,0.25,101,new,colorado,Gold,"[5,10)",2569,235,10276.0,0.24359618372330255,264.0,66,24,0.10212765957446808,3348.0,837,152,0.6468085106382979,6148.0,1537,189,0.8042553191489362
mineral_only_zero_geo,29,10,0.25,101,new,colorado,Gold,"[10,20)",6178,378,24712.0,0.13146881474114505,12.0,3,0,0.0,1176.0,294,59,0.15608465608465608,5088.0,1272,161,0.42592592592592593
mineral_only_zero_geo,29,10,0.25,101,new,colorado,Gold,"[20,inf)",17533,444,70132.0,0.026181632086020003,0.0,0,0,0.0,136.0,34,0,0.0,1344.0,336,14,0.03153153153153153
mineral_only_zero_geo,29,10,0.25,101,new,colorado,Gold,no_context,15000,34,60000.0,0.0025227207521382423,0.0,0,0,0.0,0.0,0,0,0.0,12.0,3,0,0.0
mineral_only_zero_geo,29,10,0.25,101,new,colorado,Copper,"[0,5)",763,130,3052.0,0.3473949340975666,1480.0,370,99,0.7615384615384615,2644.0,661,128,0.9846153846153847,2884.0,721,128,0.9846153846153847
mineral_only_zero_geo,29,10,0.25,101,new,colorado,Copper,"[5,10)",1778,101,7112.0,0.11581288078150288,184.0,46,7,0.06930693069306931,3200.0,800,72,0.7128712871287128,4836.0,1209,92,0.9108910891089109
mineral_only_zero_geo,29,10,0.25,101,new,colorado,Copper,"[10,20)",4506,230,18024.0,0.07246109319191929,12.0,3,1,0.004347826086956522,1540.0,385,28,0.12173913043478261,4744.0,1186,91,0.39565217391304347
mineral_only_zero_geo,29,10,0.25,101,new,colorado,Copper,"[20,inf)",21703,351,86812.0,0.0281861185123862,24.0,6,2,0.005698005698005698,1108.0,277,12,0.03418803418803419,4256.0,1064,31,0.08831908831908832
mineral_only_zero_geo,29,10,0.25,101,new,colorado,Copper,no_context,13750,27,55000.0,0.002584000404774997,0.0,0,0,0.0,8.0,2,0,0.0,280.0,70,0,0.0
mineral_only_zero_geo,29,10,0.25,211,new,nevada,Gold,"[0,5)",2219,364,8876.0,0.27114303295370407,1548.0,387,110,0.3021978021978022,5496.0,1374,270,0.7417582417582418,7180.0,1795,317,0.8708791208791209
mineral_only_zero_geo,29,10,0.25,211,new,nevada,Gold,"[5,10)",4898,407,19592.0,0.10534028949715682,52.0,13,2,0.004914004914004914,2356.0,589,62,0.15233415233415235,6756.0,1689,194,0.47665847665847666
mineral_only_zero_geo,29,10,0.25,211,new,nevada,Gold,"[10,20)",11000,659,44000.0,0.07893327242005221,0.0,0,0,0.0,136.0,34,4,0.006069802731411229,1752.0,438,41,0.0622154779969651
mineral_only_zero_geo,29,10,0.25,211,new,nevada,Gold,"[20,inf)",20633,862,82532.0,0.04720514662996032,0.0,0,0,0.0,12.0,3,0,0.0,292.0,73,5,0.00580046403712297
mineral_only_zero_geo,29,10,0.25,211,new,nevada,Gold,no_context,1250,56,5000.0,0.03175233562662493,0.0,0,0,0.0,0.0,0,0,0.0,20.0,5,0,0.0
mineral_only_zero_geo,29,10,0.25,211,new,nevada,Copper,"[0,5)",1389,158,5556.0,0.20805432122341053,1552.0,388,69,0.43670886075949367,4260.0,1065,137,0.8670886075949367,4944.0,1236,147,0.930379746835443
mineral_only_zero_geo,29,10,0.25,211,new,nevada,Copper,"[5,10)",3498,172,13992.0,0.07303002437452323,28.0,7,2,0.011627906976744186,2892.0,723,47,0.27325581395348836,6752.0,1688,101,0.5872093023255814
mineral_only_zero_geo,29,10,0.25,211,new,nevada,Copper,"[10,20)",8696,333,34784.0,0.04424780253051151,8.0,2,1,0.003003003003003003,412.0,103,9,0.02702702702702703,2708.0,677,33,0.0990990990990991
mineral_only_zero_geo,29,10,0.25,211,new,nevada,Copper,"[20,inf)",25167,526,100668.0,0.022086508822954057,12.0,3,0,0.0,412.0,103,2,0.0038022813688212928,1532.0,383,12,0.022813688212927757
mineral_only_zero_geo,29,10,0.25,211,new,nevada,Copper,no_context,1250,23,5000.0,0.024087230710559106,0.0,0,0,0.0,24.0,6,0,0.0,64.0,16,0,0.0
mineral_only_zero_geo,29,10,0.25,211,new,arizona,Gold,"[0,5)",1161,188,4644.0,0.2924273102507098,1504.0,376,93,0.4946808510638298,3692.0,923,163,0.8670212765957447,4156.0,1039,174,0.925531914893617
mineral_only_zero_geo,29,10,0.25,211,new,arizona,Gold,"[5,10)",2485,190,9940.0,0.11908647880842196,180.0,45,10,0.05263157894736842,3604.0,901,96,0.5052631578947369,6392.0,1598,140,0.7368421052631579
mineral_only_zero_geo,29,10,0.25,211,new,arizona,Gold,"[10,20)",5948,328,23777.063062746078,0.07190664625915255,8.0,2,1,0.003048780487804878,968.0,242,24,0.07317073170731707,5040.0,1260,94,0.2865853658536585
mineral_only_zero_geo,29,10,0.25,211,new,arizona,Gold,"[20,inf)",20201,463,80733.68321932992,0.027519268297875425,0.0,0,0,0.0,172.0,43,2,0.004319654427645789,1256.0,314,7,0.01511879049676026
mineral_only_zero_geo,29,10,0.25,211,new,arizona,Gold,no_context,12500,3,50000.0,0.0003674094703709724,0.0,0,0,0.0,20.0,5,0,0.0,68.0,17,0,0.0
mineral_only_zero_geo,29,10,0.25,211,new,arizona,Copper,"[0,5)",1242,197,4968.0,0.26469855326341996,1620.0,405,97,0.49238578680203043,4028.0,1007,177,0.8984771573604061,4544.0,1136,190,0.9644670050761421
mineral_only_zero_geo,29,10,0.25,211,new,arizona,Copper,"[5,10)",2807,227,11228.0,0.09855712329703593,72.0,18,0,0.0,3620.0,905,89,0.3920704845814978,6976.0,1744,151,0.6651982378854625
mineral_only_zero_geo,29,10,0.25,211,new,arizona,Copper,"[10,20)",6925,360,27685.063062746078,0.06058072028890435,0.0,0,0,0.0,628.0,157,12,0.03333333333333333,4416.0,1104,75,0.20833333333333334
mineral_only_zero_geo,29,10,0.25,211,new,arizona,Copper,"[20,inf)",20071,519,80213.68321932992,0.030556785170616697,0.0,0,0,0.0,168.0,42,6,0.011560693641618497,904.0,226,14,0.02697495183044316
mineral_only_zero_geo,29,10,0.25,211,new,arizona,Copper,no_context,11250,7,45000.0,0.000516744444358877,0.0,0,0,0.0,12.0,3,0,0.0,72.0,18,0,0.0
mineral_only_zero_geo,29,10,0.25,211,new,colorado,Gold,"[0,5)",1238,315,4952.0,0.57673862049493,1488.0,372,190,0.6031746031746031,4024.0,1006,296,0.9396825396825397,4508.0,1127,307,0.9746031746031746
mineral_only_zero_geo,29,10,0.25,211,new,colorado,Gold,"[5,10)",2406,297,9624.0,0.26812022762987403,192.0,48,26,0.08754208754208755,3356.0,839,162,0.5454545454545454,6040.0,1510,237,0.797979797979798
mineral_only_zero_geo,29,10,0.25,211,new,colorado,Gold,"[10,20)",5517,414,22068.0,0.14257832231518228,20.0,5,4,0.00966183574879227,932.0,233,41,0.09903381642512077,4976.0,1244,163,0.39371980676328505
mineral_only_zero_geo,29,10,0.25,211,new,colorado,Gold,"[20,inf)",15839,309,63356.0,0.035271665137507534,0.0,0,0,0.0,176.0,44,3,0.009708737864077669,1392.0,348,9,0.02912621359223301
mineral_only_zero_geo,29,10,0.25,211,new,colorado,Gold,no_context,17500,40,70000.0,0.003975892219710455,0.0,0,0,0.0,12.0,3,0,0.0,84.0,21,0,0.0
mineral_only_zero_geo,29,10,0.25,211,new,colorado,Copper,"[0,5)",824,168,3296.0,0.38184366258566677,1508.0,377,117,0.6964285714285714,2908.0,727,158,0.9404761904761905,3072.0,768,164,0.9761904761904762
mineral_only_zero_geo,29,10,0.25,211,new,colorado,Copper,"[5,10)",1877,143,7508.0,0.14279508234793947,176.0,44,9,0.06293706293706294,3356.0,839,89,0.6223776223776224,5144.0,1286,119,0.8321678321678322
mineral_only_zero_geo,29,10,0.25,211,new,colorado,Copper,"[10,20)",4738,237,18952.0,0.06437827077950678,16.0,4,0,0.0,1580.0,395,26,0.10970464135021098,5672.0,1418,84,0.35443037974683544
mineral_only_zero_geo,29,10,0.25,211,new,colorado,Copper,"[20,inf)",18811,274,75244.0,0.020037986369603324,0.0,0,0,0.0,624.0,156,4,0.014598540145985401,2780.0,695,14,0.051094890510948905
mineral_only_zero_geo,29,10,0.25,211,new,colorado,Copper,no_context,16250,17,65000.0,0.0011035568623309294,0.0,0,0,0.0,32.0,8,0,0.0,332.0,83,0,0.0
mineral_only_zero_geo,29,10,0.25,307,new,nevada,Gold,"[0,5)",2225,391,8900.0,0.2875941246404881,1560.0,390,115,0.29411764705882354,5540.0,1385,294,0.7519181585677749,7348.0,1837,351,0.8976982097186701
mineral_only_zero_geo,29,10,0.25,307,new,nevada,Gold,"[5,10)",5003,409,20012.0,0.11958820769167695,40.0,10,1,0.0024449877750611247,2268.0,567,78,0.19070904645476772,6968.0,1742,188,0.45965770171149145
mineral_only_zero_geo,29,10,0.25,307,new,nevada,Gold,"[10,20)",10999,594,43996.0,0.07275223575835232,0.0,0,0,0.0,168.0,42,7,0.011784511784511785,1420.0,355,25,0.04208754208754209
mineral_only_zero_geo,29,10,0.25,307,new,nevada,Gold,"[20,inf)",21773,954,87092.0,0.04749768071733882,0.0,0,0,0.0,24.0,6,0,0.0,264.0,66,2,0.0020964360587002098
mineral_only_zero_geo,29,10,0.25,307,new,nevada,Gold,no_context,0,0,0.0,,0.0,0,0,,0.0,0,0,,0.0,0,0,
mineral_only_zero_geo,29,10,0.25,307,new,nevada,Copper,"[0,5)",1336,189,5344.0,0.25292365889116014,1556.0,389,88,0.4656084656084656,4008.0,1002,162,0.8571428571428571,4708.0,1177,181,0.9576719576719577
mineral_only_zero_geo,29,10,0.25,307,new,nevada,Copper,"[5,10)",3588,192,14352.0,0.10187897828555259,44.0,11,4,0.020833333333333332,3132.0,783,66,0.34375,6880.0,1720,114,0.59375
mineral_only_zero_geo,29,10,0.25,307,new,nevada,Copper,"[10,20)",8860,255,35440.0,0.03315436682094472,0.0,0,0,0.0,504.0,126,6,0.023529411764705882,2876.0,719,24,0.09411764705882353
mineral_only_zero_geo,29,10,0.25,307,new,nevada,Copper,"[20,inf)",23716,531,94864.0,0.02224501342323653,0.0,0,0,0.0,336.0,84,3,0.005649717514124294,1476.0,369,3,0.005649717514124294
mineral_only_zero_geo,29,10,0.25,307,new,nevada,Copper,no_context,2500,45,10000.0,0.022573600250125076,0.0,0,0,0.0,20.0,5,0,0.0,60.0,15,0,0.0
mineral_only_zero_geo,29,10,0.25,307,new,arizona,Gold,"[0,5)",1084,163,4336.0,0.2933256418918252,1480.0,370,93,0.5705521472392638,3276.0,819,143,0.8773006134969326,3784.0,946,150,0.9202453987730062
mineral_only_zero_geo,29,10,0.25,307,new,arizona,Gold,"[5,10)",2448,229,9791.488238811493,0.157988860500548,212.0,53,12,0.05240174672489083,3628.0,907,119,0.519650655021834,6268.0,1567,182,0.7947598253275109
mineral_only_zero_geo,29,10,0.25,307,new,arizona,Gold,"[10,20)",5751,363,22993.076178561896,0.10921655594015922,0.0,0,0,0.0,1272.0,318,49,0.1349862258953168,5308.0,1327,137,0.3774104683195592
mineral_only_zero_geo,29,10,0.25,307,new,arizona,Gold,"[20,inf)",19262,414,76974.18186470261,0.03762366555626295,0.0,0,0,0.0,272.0,68,4,0.00966183574879227,1508.0,377,26,0.06280193236714976
mineral_only_zero_geo,29,10,0.25,307,new,arizona,Gold,no_context,13750,3,55000.0,0.0003960392963707317,0.0,0,0,0.0,8.0,2,0,0.0,44.0,11,0,0.0
mineral_only_zero_geo,29,10,0.25,307,new,arizona,Copper,"[0,5)",1196,192,4784.0,0.24048023135490512,1596.0,399,91,0.4739583333333333,3844.0,961,164,0.8541666666666666,4424.0,1106,180,0.9375
mineral_only_zero_geo,29,10,0.25,307,new,arizona,Copper,"[5,10)",2727,241,10907.488238811493,0.11270346384793505,96.0,24,4,0.016597510373443983,3836.0,959,99,0.4107883817427386,7231.488238811493,1808,172,0.7136929460580913
mineral_only_zero_geo,29,10,0.25,307,new,arizona,Copper,"[10,20)",6238,370,24941.076178561896,0.08197112732576177,0.0,0,0,0.0,664.0,166,22,0.05945945945945946,4061.72584278509,1017,90,0.24324324324324326
mineral_only_zero_geo,29,10,0.25,307,new,arizona,Copper,"[20,inf)",18384,474,73462.18186470261,0.037716589295679816,0.0,0,0,0.0,72.0,18,2,0.004219409282700422,980.0,245,15,0.03164556962025317
mineral_only_zero_geo,29,10,0.25,307,new,arizona,Copper,no_context,13750,33,55000.0,0.002843533366465296,0.0,0,0,0.0,40.0,10,0,0.0,216.0,54,0,0.0
mineral_only_zero_geo,29,10,0.25,307,new,colorado,Gold,"[0,5)",1143,232,4572.0,0.4101139758023039,1540.0,385,136,0.5862068965517241,3792.0,948,213,0.9181034482758621,4184.0,1046,224,0.9655172413793104
mineral_only_zero_geo,29,10,0.25,307,new,colorado,Gold,"[5,10)",2493,231,9972.0,0.17732140669244928,148.0,37,7,0.030303030303030304,3588.0,897,136,0.5887445887445888,6256.0,1564,174,0.7532467532467533
mineral_only_zero_geo,29,10,0.25,307,new,colorado,Gold,"[10,20)",5817,369,23268.0,0.0920742172640541,12.0,3,0,0.0,1036.0,259,41,0.1111111111111111,5396.0,1349,119,0.3224932249322493
mineral_only_zero_geo,29,10,0.25,307,new,colorado,Gold,"[20,inf)",18047,518,72188.0,0.0247156240370076,0.0,0,0,0.0,84.0,21,0,0.0,1156.0,289,5,0.009652509652509652
mineral_only_zero_geo,29,10,0.25,307,new,colorado,Gold,no_context,15000,25,60000.0,0.001928376764244884,0.0,0,0,0.0,0.0,0,0,0.0,8.0,2,0,0.0
mineral_only_zero_geo,29,10,0.25,307,new,colorado,Copper,"[0,5)",708,103,2832.0,0.23686878289846572,1468.0,367,72,0.6990291262135923,2472.0,618,97,0.941747572815534,2624.0,656,99,0.9611650485436893
mineral_only_zero_geo,29,10,0.25,307,new,colorado,Copper,"[5,10)",1885,94,7540.0,0.10573868706845117,208.0,52,11,0.11702127659574468,3332.0,833,51,0.5425531914893617,5212.0,1303,69,0.7340425531914894
mineral_only_zero_geo,29,10,0.25,307,new,colorado,Copper,"[10,20)",4809,190,19236.0,0.046649556143925804,4.0,1,0,0.0,1636.0,409,16,0.08421052631578947,5176.0,1294,54,0.28421052631578947
mineral_only_zero_geo,29,10,0.25,307,new,colorado,Copper,"[20,inf)",20098,417,80392.0,0.020789245416199083,20.0,5,1,0.002398081534772182,1008.0,252,5,0.011990407673860911,3628.0,907,19,0.045563549160671464
mineral_only_zero_geo,29,10,0.25,307,new,colorado,Copper,no_context,15000,35,60000.0,0.0038884588379703125,0.0,0,0,0.0,52.0,13,0,0.0,360.0,90,0,0.0
mineral_only_zero_geo,29,10,0.5,101,new,nevada,Gold,"[0,5)",4348,735,17392.0,0.31900671816411397,1580.0,395,146,0.19863945578231293,7152.0,1788,455,0.6190476190476191,11596.0,2899,611,0.8312925170068027
mineral_only_zero_geo,29,10,0.5,101,new,nevada,Gold,"[5,10)",8665,670,34660.0,0.12984474677122895,20.0,5,3,0.004477611940298508,812.0,203,34,0.050746268656716415,4116.0,1029,156,0.23283582089552238
mineral_only_zero_geo,29,10,0.5,101,new,nevada,Gold,"[10,20)",13910,574,55640.0,0.062230962923670315,0.0,0,0,0.0,32.0,8,1,0.0017421602787456446,260.0,65,10,0.017421602787456445
mineral_only_zero_geo,29,10,0.5,101,new,nevada,Gold,"[20,inf)",13077,369,52308.0,0.03116915738297643,0.0,0,0,0.0,4.0,1,1,0.0027100271002710027,28.0,7,1,0.0027100271002710027
mineral_only_zero_geo,29,10,0.5,101,new,nevada,Gold,no_context,0,0,0.0,,0.0,0,0,,0.0,0,0,,0.0,0,0,
mineral_only_zero_geo,29,10,0.5,101,new,nevada,Copper,"[0,5)",2597,330,10388.0,0.24549893072073292,1596.0,399,100,0.30303030303030304,6172.0,1543,255,0.7727272727272727,8284.0,2071,297,0.9
mineral_only_zero_geo,29,10,0.5,101,new,nevada,Copper,"[5,10)",6039,268,24156.0,0.06779770472497224,4.0,1,1,0.0037313432835820895,1500.0,375,25,0.09328358208955224,5680.0,1420,88,0.3283582089552239
mineral_only_zero_geo,29,10,0.5,101,new,nevada,Copper,"[10,20)",12469,340,49876.0,0.032786658660452606,0.0,0,0,0.0,168.0,42,1,0.0029411764705882353,1288.0,322,13,0.03823529411764706
mineral_only_zero_geo,29,10,0.5,101,new,nevada,Copper,"[20,inf)",18895,274,75580.0,0.016414661443852473,0.0,0,0,0.0,160.0,40,1,0.0036496350364963502,748.0,187,5,0.01824817518248175
mineral_only_zero_geo,29,10,0.5,101,new,nevada,Copper,no_context,0,0,0.0,,0.0,0,0,,0.0,0,0,,0.0,0,0,
mineral_only_zero_geo,29,10,0.5,101,new,arizona,Gold,"[0,5)",2307,367,9215.194419384003,0.30379255932261245,1616.0,404,128,0.34877384196185285,5585.034103751183,1397,281,0.7656675749318801,7495.392221927643,1877,343,0.9346049046321526
mineral_only_zero_geo,29,10,0.5,101,new,arizona,Gold,"[5,10)",4721,369,18863.386983962264,0.18338907538362056,76.0,19,6,0.016260162601626018,2664.0,666,129,0.34959349593495936,7466.515048356261,1870,237,0.6422764227642277
mineral_only_zero_geo,29,10,0.5,101,new,arizona,Gold,"[10,20)",8635,298,34525.92731709406,0.0868695265233477,0.0,0,0,0.0,192.0,48,9,0.030201342281879196,1680.0,420,46,0.15436241610738255
mineral_only_zero_geo,29,10,0.5,101,new,arizona,Gold,"[20,inf)",12882,135,51490.23756163567,0.020988072250562036,0.0,0,0,0.0,16.0,4,0,0.0,244.0,61,4,0.02962962962962963
mineral_only_zero_geo,29,10,0.5,101,new,arizona,Gold,no_context,13750,3,55000.0,0.0006276953286117929,0.0,0,0,0.0,0.0,0,0,0.0,24.0,6,0,0.0
mineral_only_zero_geo,29,10,0.5,101,new,arizona,Copper,"[0,5)",2798,457,11183.172920763493,0.3033209794535453,1672.0,418,133,0.2910284463894967,6651.360368549824,1665,355,0.7768052516411379,9151.360368549824,2290,421,0.9212253829321663
mineral_only_zero_geo,29,10,0.5,101,new,arizona,Copper,"[5,10)",5407,399,21610.35019686958,0.14444706498886634,20.0,5,2,0.005012531328320802,1756.0,439,75,0.18796992481203006,6888.121187150478,1724,203,0.5087719298245614
mineral_only_zero_geo,29,10,0.5,101,new,arizona,Copper,"[10,20)",9299,288,37174.98560280725,0.07326300470096872,0.0,0,0,0.0,40.0,10,2,0.006944444444444444,736.0,184,24,0.08333333333333333
mineral_only_zero_geo,29,10,0.5,101,new,arizona,Copper,"[20,inf)",14791,159,59126.23756163567,0.02407652792721687,0.0,0,0,0.0,8.0,2,0,0.0,136.0,34,2,0.012578616352201259
mineral_only_zero_geo,29,10,0.5,101,new,arizona,Copper,no_context,10000,7,40000.0,0.0005803299127179049,0.0,0,0,0.0,0.0,0,0,0.0,0.0,0,0,0.0
mineral_only_zero_geo,29,10,0.5,101,new,colorado,Gold,"[0,5)",2313,497,9252.0,0.4869428825657637,1600.0,400,205,0.4124748490945674,5756.0,1439,427,0.8591549295774648,7812.0,1953,474,0.9537223340040242
mineral_only_zero_geo,29,10,0.5,101,new,colorado,Gold,"[5,10)",4568,382,18272.0,0.2465998485059806,100.0,25,14,0.03664921465968586,2472.0,618,154,0.4031413612565445,7144.0,1786,276,0.7225130890052356
mineral_only_zero_geo,29,10,0.5,101,new,colorado,Gold,"[10,20)",8245,341,32980.0,0.09646138829975613,0.0,0,0,0.0,260.0,65,11,0.03225806451612903,1864.0,466,72,0.21114369501466276
mineral_only_zero_geo,29,10,0.5,101,new,colorado,Gold,"[20,inf)",14874,150,59496.0,0.012852945205750576,0.0,0,0,0.0,12.0,3,0,0.0,180.0,45,2,0.013333333333333334
mineral_only_zero_geo,29,10,0.5,101,new,colorado,Gold,no_context,12500,5,50000.0,0.0003326104847891516,0.0,0,0,0.0,0.0,0,0,0.0,0.0,0,0,0.0
mineral_only_zero_geo,29,10,0.5,101,new,colorado,Copper,"[0,5)",1577,252,6308.0,0.3125739609928831,1608.0,402,125,0.49603174603174605,4820.0,1205,228,0.9047619047619048,5668.0,1417,243,0.9642857142857143
mineral_only_zero_geo,29,10,0.5,101,new,colorado,Copper,"[5,10)",3375,215,13500.0,0.14621868764352824,92.0,23,7,0.03255813953488372,2864.0,716,104,0.48372093023255813,6876.0,1719,167,0.7767441860465116
mineral_only_zero_geo,29,10,0.5,101,new,colorado,Copper,"[10,20)",6588,224,26352.0,0.060984027878397344,0.0,0,0,0.0,684.0,171,13,0.05803571428571429,3276.0,819,57,0.2544642857142857
mineral_only_zero_geo,29,10,0.5,101,new,colorado,Copper,"[20,inf)",19710,140,78840.0,0.014436673839450338,0.0,0,0,0.0,132.0,33,2,0.014285714285714285,1172.0,293,4,0.02857142857142857
mineral_only_zero_geo,29,10,0.5,101,new,colorado,Copper,no_context,11250,8,45000.0,0.0015742567876982096,0.0,0,0,0.0,0.0,0,0,0.0,8.0,2,0,0.0
mineral_only_zero_geo,29,10,0.5,211,new,nevada,Gold,"[0,5)",4236,729,16944.0,0.2890632750446155,1592.0,398,139,0.1906721536351166,6916.0,1729,440,0.6035665294924554,11132.0,2783,576,0.7901234567901234
mineral_only_zero_geo,29,10,0.5,211,new,nevada,Gold,"[5,10)",8480,673,33920.0,0.12051649369650204,8.0,2,0,0.0,1052.0,263,41,0.06092124814264487,4620.0,1155,156,0.23179791976225855
mineral_only_zero_geo,29,10,0.5,211,new,nevada,Gold,"[10,20)",13930,568,55720.0,0.06898854258782425,0.0,0,0,0.0,32.0,8,0,0.0,224.0,56,8,0.014084507042253521
mineral_only_zero_geo,29,10,0.5,211,new,nevada,Gold,"[20,inf)",13354,378,53416.0,0.03571864545145942,0.0,0,0,0.0,0.0,0,0,0.0,24.0,6,2,0.005291005291005291
mineral_only_zero_geo,29,10,0.5,211,new,nevada,Gold,no_context,0,0,0.0,,0.0,0,0,,0.0,0,0,,0.0,0,0,
mineral_only_zero_geo,29,10,0.5,211,new,nevada,Copper,"[0,5)",2663,316,10652.0,0.20358042848621768,1596.0,399,89,0.28164556962025317,6140.0,1535,240,0.759493670886076,8336.0,2084,282,0.8924050632911392
mineral_only_zero_geo,29,10,0.5,211,new,nevada,Copper,"[5,10)",6235,294,24940.0,0.07675277682211028,4.0,1,0,0.0,1564.0,391,36,0.12244897959183673,5856.0,1464,109,0.3707482993197279
mineral_only_zero_geo,29,10,0.5,211,new,nevada,Copper,"[10,20)",12087,317,48348.0,0.034822062999699165,0.0,0,0,0.0,168.0,42,3,0.00946372239747634,1364.0,341,16,0.050473186119873815
mineral_only_zero_geo,29,10,0.5,211,new,nevada,Copper,"[20,inf)",17765,262,71060.0,0.02295341624485308,0.0,0,0,0.0,120.0,30,2,0.007633587786259542,412.0,103,7,0.026717557251908396
mineral_only_zero_geo,29,10,0.5,211,new,nevada,Copper,no_context,1250,23,5000.0,0.021795466644771964,0.0,0,0,0.0,8.0,2,0,0.0,32.0,8,0,0.0
mineral_only_zero_geo,29,10,0.5,211,new,arizona,Gold,"[0,5)",2144,378,8563.194419384003,0.34636587100768457,1608.0,402,148,0.3915343915343915,5471.720967531204,1368,294,0.7777777777777778,7203.392221927643,1804,347,0.917989417989418
mineral_only_zero_geo,29,10,0.5,211,new,arizona,Gold,"[5,10)",4303,338,17191.386983962264,0.17783990254056234,84.0,21,7,0.020710059171597635,2692.0,673,137,0.40532544378698226,7359.547878682613,1842,240,0.7100591715976331
mineral_only_zero_geo,29,10,0.5,211,new,arizona,Gold,"[10,20)",8121,271,32456.280509967357,0.07167424377934459,0.0,0,0,0.0,256.0,64,7,0.025830258302583026,1952.0,488,50,0.18450184501845018
mineral_only_zero_geo,29,10,0.5,211,new,arizona,Gold,"[20,inf)",16477,182,65883.88436876237,0.019080829804590686,0.0,0,0,0.0,36.0,9,0,0.0,372.0,93,4,0.02197802197802198
mineral_only_zero_geo,29,10,0.5,211,new,arizona,Gold,no_context,11250,3,45000.0,0.0005191981917828545,0.0,0,0,0.0,0.0,0,0,0.0,24.0,6,0,0.0
mineral_only_zero_geo,29,10,0.5,211,new,arizona,Copper,"[0,5)",2485,446,9931.172920763493,0.3418023460149409,1672.0,418,140,0.31390134529147984,6115.360368549824,1531,342,0.7668161434977578,8175.360368549824,2046,414,0.9282511210762332
mineral_only_zero_geo,29,10,0.5,211,new,arizona,Copper,"[5,10)",5068,371,20258.117837281432,0.12027091746090388,20.0,5,2,0.005390835579514825,2084.0,521,78,0.21024258760107817,7371.414183080196,1844,205,0.5525606469002695
mineral_only_zero_geo,29,10,0.5,211,new,arizona,Copper,"[10,20)",9280,314,37093.80400433019,0.06858171444993788,0.0,0,0,0.0,240.0,60,8,0.025477707006369428,1264.0,316,36,0.11464968152866242
mineral_only_zero_geo,29,10,0.5,211,new,arizona,Copper,"[20,inf)",16712,173,66811.65151970088,0.03417538689324214,0.0,0,0,0.0,12.0,3,1,0.005780346820809248,88.0,22,7,0.04046242774566474
mineral_only_zero_geo,29,10,0.5,211,new,arizona,Copper,no_context,8750,6,35000.0,0.004217957226836282,0.0,0,0,0.0,4.0,1,0,0.0,12.0,3,0,0.0
mineral_only_zero_geo,29,10,0.5,211,new,colorado,Gold,"[0,5)",2134,483,8536.0,0.5720142415554363,1576.0,394,234,0.484472049689441,5528.0,1382,421,0.8716356107660456,7276.0,1819,456,0.9440993788819876
mineral_only_zero_geo,29,10,0.5,211,new,colorado,Gold,"[5,10)",4363,423,17452.0,0.2749394876222878,124.0,31,20,0.04728132387706856,2600.0,650,161,0.3806146572104019,7336.0,1834,302,0.7139479905437353
mineral_only_zero_geo,29,10,0.5,211,new,colorado,Gold,"[10,20)",8458,338,33832.0,0.12008041998581998,0.0,0,0,0.0,308.0,77,25,0.07396449704142012,2124.0,531,80,0.23668639053254437
mineral_only_zero_geo,29,10,0.5,211,new,colorado,Gold,"[20,inf)",16295,128,65180.0,0.009515996993254613,0.0,0,0,0.0,64.0,16,0,0.0,264.0,66,0,0.0
mineral_only_zero_geo,29,10,0.5,211,new,colorado,Gold,no_context,11250,3,45000.0,0.0006409356325787838,0.0,0,0,0.0,0.0,0,0,0.0,0.0,0,0,0.0
mineral_only_zero_geo,29,10,0.5,211,new,colorado,Copper,"[0,5)",1448,261,5792.0,0.3940503219791773,1588.0,397,135,0.5172413793103449,4396.0,1099,237,0.9080459770114943,5144.0,1286,250,0.9578544061302682
mineral_only_zero_geo,29,10,0.5,211,new,colorado,Copper,"[5,10)",3387,224,13548.0,0.1639390560145755,104.0,26,11,0.049107142857142856,2972.0,743,100,0.44642857142857145,6412.0,1603,163,0.7276785714285714
mineral_only_zero_geo,29,10,0.5,211,new,colorado,Copper,"[10,20)",7468,235,29872.0,0.0528047176010302,0.0,0,0,0.0,792.0,198,19,0.08085106382978724,3704.0,926,54,0.2297872340425532
mineral_only_zero_geo,29,10,0.5,211,new,colorado,Copper,"[20,inf)",20197,112,80788.0,0.015455410738943336,8.0,2,1,0.008928571428571428,340.0,85,4,0.03571428571428571,1720.0,430,9,0.08035714285714286
mineral_only_zero_geo,29,10,0.5,211,new,colorado,Copper,no_context,10000,7,40000.0,0.005517945730018145,0.0,0,0,0.0,0.0,0,0,0.0,20.0,5,0,0.0
mineral_only_zero_geo,29,10,0.5,307,new,nevada,Gold,"[0,5)",4609,738,18436.0,0.29216779595480624,1576.0,394,140,0.1897018970189702,7124.0,1781,437,0.592140921409214,11824.0,2956,590,0.7994579945799458
mineral_only_zero_geo,29,10,0.5,307,new,nevada,Gold,"[5,10)",8840,623,35360.0,0.11113743389708007,24.0,6,1,0.0016051364365971107,872.0,218,38,0.060995184590690206,4024.0,1006,141,0.22632423756019263
mineral_only_zero_geo,29,10,0.5,307,new,nevada,Gold,"[10,20)",14077,634,56308.0,0.058553752538072115,0.0,0,0,0.0,4.0,1,0,0.0,124.0,31,2,0.0031545741324921135
mineral_only_zero_geo,29,10,0.5,307,new,nevada,Gold,"[20,inf)",12474,353,49896.0,0.028239519450190455,0.0,0,0,0.0,0.0,0,0,0.0,28.0,7,0,0.0
mineral_only_zero_geo,29,10,0.5,307,new,nevada,Gold,no_context,0,0,0.0,,0.0,0,0,,0.0,0,0,,0.0,0,0,
mineral_only_zero_geo,29,10,0.5,307,new,nevada,Copper,"[0,5)",2752,346,11008.0,0.20317805604934266,1592.0,398,89,0.25722543352601157,6172.0,1543,245,0.708092485549133,8528.0,2132,304,0.8786127167630058
mineral_only_zero_geo,29,10,0.5,307,new,nevada,Copper,"[5,10)",6513,281,26052.0,0.07859401264934524,8.0,2,1,0.0035587188612099642,1580.0,395,37,0.13167259786476868,5860.0,1465,106,0.37722419928825623
mineral_only_zero_geo,29,10,0.5,307,new,nevada,Copper,"[10,20)",12719,328,50876.0,0.03118433797722089,0.0,0,0,0.0,172.0,43,4,0.012195121951219513,1104.0,276,13,0.039634146341463415
mineral_only_zero_geo,29,10,0.5,307,new,nevada,Copper,"[20,inf)",18016,257,72064.0,0.018496907750799735,0.0,0,0,0.0,76.0,19,2,0.007782101167315175,508.0,127,5,0.019455252918287938
mineral_only_zero_geo,29,10,0.5,307,new,nevada,Copper,no_context,0,0,0.0,,0.0,0,0,,0.0,0,0,,0.0,0,0,
mineral_only_zero_geo,29,10,0.5,307,new,arizona,Gold,"[0,5)",2183,373,8723.172920763493,0.33784260182749726,1596.0,399,129,0.34584450402144773,5449.313136219978,1363,289,0.774798927613941,7299.360368549824,1827,349,0.935656836461126
mineral_only_zero_geo,29,10,0.5,307,new,arizona,Gold,"[5,10)",4464,355,17842.117837281432,0.1804829191749719,96.0,24,6,0.016901408450704224,2696.0,674,137,0.38591549295774646,7416.409782588482,1855,243,0.6845070422535211
mineral_only_zero_geo,29,10,0.5,307,new,arizona,Gold,"[10,20)",7990,276,31933.804004330188,0.0885263259059416,0.0,0,0,0.0,284.0,71,7,0.025362318840579712,1844.0,461,58,0.21014492753623187
mineral_only_zero_geo,29,10,0.5,307,new,arizona,Gold,"[20,inf)",13908,165,55595.651519700885,0.024630002034362036,0.0,0,0,0.0,28.0,7,0,0.0,336.0,84,5,0.030303030303030304
mineral_only_zero_geo,29,10,0.5,307,new,arizona,Gold,no_context,13750,3,55000.0,0.00040375017868071115,0.0,0,0,0.0,0.0,0,0,0.0,16.0,4,0,0.0
mineral_only_zero_geo,29,10,0.5,307,new,arizona,Copper,"[0,5)",2438,434,9743.172920763493,0.3212108411092647,1668.0,417,152,0.35023041474654376,6059.360368549824,1517,331,0.7626728110599078,8063.360368549824,2018,393,0.9055299539170507
mineral_only_zero_geo,29,10,0.5,307,new,arizona,Copper,"[5,10)",5034,394,20122.117837281432,0.13510527990277024,24.0,6,3,0.007614213197969543,2116.409782588482,530,85,0.21573604060913706,7395.414183080196,1850,213,0.5406091370558376
mineral_only_zero_geo,29,10,0.5,307,new,arizona,Copper,"[10,20)",8856,296,35397.80400433019,0.0676355872158907,0.0,0,0,0.0,232.0,58,9,0.030405405405405407,1196.0,299,29,0.09797297297297297
mineral_only_zero_geo,29,10,0.5,307,new,arizona,Copper,"[20,inf)",14717,174,58831.651519700885,0.01823112176271274,0.0,0,0,0.0,44.0,11,1,0.005747126436781609,228.0,57,3,0.017241379310344827
mineral_only_zero_geo,29,10,0.5,307,new,arizona,Copper,no_context,11250,12,45000.0,0.0013319562698542464,0.0,0,0,0.0,4.0,1,0,0.0,28.0,7,0,0.0
mineral_only_zero_geo,29,10,0.5,307,new,colorado,Gold,"[0,5)",2273,523,9092.0,0.5680247207256278,1580.0,395,234,0.4474187380497132,5896.0,1474,470,0.8986615678776291,7896.0,1974,504,0.9636711281070746
mineral_only_zero_geo,29,10,0.5,307,new,colorado,Gold,"[5,10)",4345,396,17380.0,0.3250420922192777,120.0,30,20,0.050505050505050504,2348.0,587,181,0.45707070707070707,7224.0,1806,307,0.7752525252525253
mineral_only_zero_geo,29,10,0.5,307,new,colorado,Gold,"[10,20)",7788,309,31152.0,0.13607458573320627,0.0,0,0,0.0,232.0,58,18,0.05825242718446602,1684.0,421,80,0.2588996763754045
mineral_only_zero_geo,29,10,0.5,307,new,colorado,Gold,"[20,inf)",16844,139,67376.0,0.012341426462264942,0.0,0,0,0.0,24.0,6,0,0.0,192.0,48,0,0.0
mineral_only_zero_geo,29,10,0.5,307,new,colorado,Gold,no_context,11250,8,45000.0,0.0006529183937551268,0.0,0,0,0.0,0.0,0,0,0.0,4.0,1,0,0.0
mineral_only_zero_geo,29,10,0.5,307,new,colorado,Copper,"[0,5)",1572,294,6288.0,0.3912639684821348,1604.0,401,149,0.5068027210884354,4876.0,1219,270,0.9183673469387755,5700.0,1425,283,0.9625850340136054
mineral_only_zero_geo,29,10,0.5,307,new,colorado,Copper,"[5,10)",3330,239,13320.0,0.20635486467462344,96.0,24,11,0.04602510460251046,2792.0,698,111,0.46443514644351463,6816.0,1704,186,0.7782426778242678
mineral_only_zero_geo,29,10,0.5,307,new,colorado,Copper,"[10,20)",6708,170,26832.0,0.07228843683033685,0.0,0,0,0.0,600.0,150,18,0.10588235294117647,3100.0,775,58,0.3411764705882353
mineral_only_zero_geo,29,10,0.5,307,new,colorado,Copper,"[20,inf)",20890,133,83560.0,0.017668133328611068,0.0,0,0,0.0,232.0,58,1,0.007518796992481203,1384.0,346,6,0.045112781954887216
mineral_only_zero_geo,29,10,0.5,307,new,colorado,Copper,no_context,10000,3,40000.0,0.0008130403139340303,0.0,0,0,0.0,0.0,0,0,0.0,0.0,0,0,0.0
mineral_only_zero_geo,29,10,1.0,0,inherited,nevada,Gold,"[0,5)",8325,1353,33300.0,0.3228960509118919,1584.0,396,175,0.1293422025129342,7384.0,1846,591,0.43680709534368073,13728.0,3432,894,0.6607538802660754
mineral_only_zero_geo,29,10,1.0,0,inherited,nevada,Gold,"[5,10)",13302,705,53208.0,0.11174448790714618,16.0,4,1,0.0014184397163120568,604.0,151,29,0.04113475177304964,2216.0,554,92,0.13049645390070921
mineral_only_zero_geo,29,10,1.0,0,inherited,nevada,Gold,"[10,20)",12897,231,51588.0,0.03868027897246708,0.0,0,0,0.0,12.0,3,0,0.0,56.0,14,0,0.0
mineral_only_zero_geo,29,10,1.0,0,inherited,nevada,Gold,"[20,inf)",5476,59,21904.0,0.03851826994304975,0.0,0,0,0.0,0.0,0,0,0.0,0.0,0,0,0.0
mineral_only_zero_geo,29,10,1.0,0,inherited,nevada,Gold,no_context,0,0,0.0,,0.0,0,0,,0.0,0,0,,0.0,0,0,
mineral_only_zero_geo,29,10,1.0,0,inherited,nevada,Copper,"[0,5)",5074,582,20296.0,0.21072003214162202,1596.0,399,108,0.18556701030927836,7088.0,1772,334,0.5738831615120275,11720.0,2930,446,0.7663230240549829
mineral_only_zero_geo,29,10,1.0,0,inherited,nevada,Copper,"[5,10)",10390,363,41560.0,0.07839335318510851,4.0,1,0,0.0,768.0,192,20,0.05509641873278237,3520.0,880,88,0.24242424242424243
mineral_only_zero_geo,29,10,1.0,0,inherited,nevada,Copper,"[10,20)",14278,207,57112.0,0.028397215937428583,0.0,0,0,0.0,112.0,28,2,0.00966183574879227,556.0,139,7,0.033816425120772944
mineral_only_zero_geo,29,10,1.0,0,inherited,nevada,Copper,"[20,inf)",10258,60,41032.0,0.02093592311860522,0.0,0,0,0.0,32.0,8,0,0.0,204.0,51,3,0.05
mineral_only_zero_geo,29,10,1.0,0,inherited,nevada,Copper,no_context,0,0,0.0,,0.0,0,0,,0.0,0,0,,0.0,0,0,
mineral_only_zero_geo,29,10,1.0,0,inherited,arizona,Gold,"[0,5)",3924,650,15683.194419384003,0.3713482276402088,1640.0,410,185,0.2846153846153846,6940.0,1735,453,0.696923076923077,11265.034103751183,2817,573,0.8815384615384615
mineral_only_zero_geo,29,10,1.0,0,inherited,arizona,Gold,"[5,10)",6869,359,27455.386983962264,0.16256671369139555,52.0,13,7,0.019498607242339833,1488.0,372,71,0.1977715877437326,5176.0,1294,177,0.49303621169916434
mineral_only_zero_geo,29,10,1.0,0,inherited,arizona,Gold,"[10,20)",9022,114,36060.28050996736,0.0351509657826946,0.0,0,0,0.0,28.0,7,1,0.008771929824561403,448.0,112,5,0.043859649122807015
mineral_only_zero_geo,29,10,1.0,0,inherited,arizona,Gold,"[20,inf)",11230,46,44895.884368762374,0.022090798480262457,0.0,0,0,0.0,0.0,0,0,0.0,24.0,6,0,0.0
mineral_only_zero_geo,29,10,1.0,0,inherited,arizona,Gold,no_context,11250,3,45000.0,0.0012660583937149153,0.0,0,0,0.0,0.0,0,0,0.0,0.0,0,0,0.0
mineral_only_zero_geo,29,10,1.0,0,inherited,arizona,Copper,"[0,5)",4594,755,18367.172920763493,0.3403085601306919,1672.0,418,186,0.24635761589403973,7484.0,1871,488,0.6463576158940397,12230.047232329845,3059,631,0.8357615894039735
mineral_only_zero_geo,29,10,1.0,0,inherited,arizona,Copper,"[5,10)",7706,379,30806.35019686958,0.14039406935070875,20.0,5,4,0.010554089709762533,928.0,232,54,0.1424802110817942,4352.409782588482,1089,141,0.3720316622691293
mineral_only_zero_geo,29,10,1.0,0,inherited,arizona,Copper,"[10,20)",9118,118,36444.45259996131,0.044518308472576276,0.0,0,0,0.0,44.0,11,2,0.01694915254237288,324.0,81,10,0.0847457627118644
mineral_only_zero_geo,29,10,1.0,0,inherited,arizona,Copper,"[20,inf)",12127,52,48476.770564481616,0.02297009343037196,0.0,0,0,0.0,0.0,0,0,0.0,4.0,1,0,0.0
mineral_only_zero_geo,29,10,1.0,0,inherited,arizona,Copper,no_context,8750,6,35000.0,0.025541142356426277,0.0,0,0,0.0,0.0,0,0,0.0,0.0,0,0,0.0
mineral_only_zero_geo,29,10,1.0,0,inherited,colorado,Gold,"[0,5)",4225,906,16900.0,0.5860958210940211,1644.0,411,280,0.3090507726269316,7244.0,1811,714,0.7880794701986755,12036.0,3009,827,0.91280353200883
mineral_only_zero_geo,29,10,1.0,0,inherited,colorado,Gold,"[5,10)",6572,326,26288.0,0.2541046908596324,56.0,14,12,0.03680981595092025,1224.0,306,92,0.2822085889570552,4652.0,1163,167,0.5122699386503068
mineral_only_zero_geo,29,10,1.0,0,inherited,colorado,Gold,"[10,20)",8806,114,35224.0,0.04559176493286606,0.0,0,0,0.0,32.0,8,1,0.008771929824561403,296.0,74,8,0.07017543859649122
mineral_only_zero_geo,29,10,1.0,0,inherited,colorado,Gold,"[20,inf)",15397,27,61588.0,0.004368918146919925,0.0,0,0,0.0,0.0,0,0,0.0,16.0,4,0,0.0
mineral_only_zero_geo,29,10,1.0,0,inherited,colorado,Gold,no_context,7500,2,30000.0,0.0006307143062454309,0.0,0,0,0.0,0.0,0,0,0.0,0.0,0,0,0.0
mineral_only_zero_geo,29,10,1.0,0,inherited,colorado,Copper,"[0,5)",2875,482,11500.0,0.408163448192949,1652.0,413,184,0.3817427385892116,6496.0,1624,411,0.8526970954356846,9176.0,2294,449,0.9315352697095436
mineral_only_zero_geo,29,10,1.0,0,inherited,colorado,Copper,"[5,10)",5168,220,20672.0,0.19091871822339856,48.0,12,9,0.04090909090909091,1784.0,446,74,0.33636363636363636,5916.0,1479,142,0.6454545454545455
mineral_only_zero_geo,29,10,1.0,0,inherited,colorado,Copper,"[10,20)",8194,84,32776.0,0.030931914577545638,0.0,0,0,0.0,208.0,52,2,0.023809523809523808,1624.0,406,16,0.19047619047619047
mineral_only_zero_geo,29,10,1.0,0,inherited,colorado,Copper,"[20,inf)",20013,52,80052.0,0.025677245236523004,0.0,0,0,0.0,12.0,3,1,0.019230769230769232,284.0,71,1,0.019230769230769232
mineral_only_zero_geo,29,10,1.0,0,inherited,colorado,Copper,no_context,6250,1,25000.0,0.0005235602094240838,0.0,0,0,0.0,0.0,0,0,0.0,0.0,0,0,0.0
mineral_only_zero_geo,29,20,0.0,0,new,nevada,Gold,"[0,5)",0,0,0.0,,0.0,0,0,,0.0,0,0,,0.0,0,0,
mineral_only_zero_geo,29,20,0.0,0,new,nevada,Gold,"[5,10)",0,0,0.0,,0.0,0,0,,0.0,0,0,,0.0,0,0,
mineral_only_zero_geo,29,20,0.0,0,new,nevada,Gold,"[10,20)",0,0,0.0,,0.0,0,0,,0.0,0,0,,0.0,0,0,
mineral_only_zero_geo,29,20,0.0,0,new,nevada,Gold,"[20,inf)",0,0,0.0,,0.0,0,0,,0.0,0,0,,0.0,0,0,
mineral_only_zero_geo,29,20,0.0,0,new,nevada,Gold,no_context,40000,2348,160000.0,0.06368261229533478,1600.0,400,23,0.009795570698466781,8000.0,2000,137,0.05834752981260647,16000.0,4000,267,0.1137137989778535
mineral_only_zero_geo,29,20,0.0,0,new,nevada,Copper,"[0,5)",0,0,0.0,,0.0,0,0,,0.0,0,0,,0.0,0,0,
mineral_only_zero_geo,29,20,0.0,0,new,nevada,Copper,"[5,10)",0,0,0.0,,0.0,0,0,,0.0,0,0,,0.0,0,0,
mineral_only_zero_geo,29,20,0.0,0,new,nevada,Copper,"[10,20)",0,0,0.0,,0.0,0,0,,0.0,0,0,,0.0,0,0,
mineral_only_zero_geo,29,20,0.0,0,new,nevada,Copper,"[20,inf)",0,0,0.0,,0.0,0,0,,0.0,0,0,,0.0,0,0,
mineral_only_zero_geo,29,20,0.0,0,new,nevada,Copper,no_context,40000,1212,160000.0,0.03265401122797333,1600.0,400,9,0.007425742574257425,8000.0,2000,61,0.05033003300330033,16000.0,4000,129,0.10643564356435643
mineral_only_zero_geo,29,20,0.0,0,new,arizona,Gold,"[0,5)",0,0,0.0,,0.0,0,0,,0.0,0,0,,0.0,0,0,
mineral_only_zero_geo,29,20,0.0,0,new,arizona,Gold,"[5,10)",0,0,0.0,,0.0,0,0,,0.0,0,0,,0.0,0,0,
mineral_only_zero_geo,29,20,0.0,0,new,arizona,Gold,"[10,20)",0,0,0.0,,0.0,0,0,,0.0,0,0,,0.0,0,0,
mineral_only_zero_geo,29,20,0.0,0,new,arizona,Gold,"[20,inf)",0,0,0.0,,0.0,0,0,,0.0,0,0,,0.0,0,0,
mineral_only_zero_geo,29,20,0.0,0,new,arizona,Gold,no_context,42295,1172,169094.746282076,0.03348475700951799,1692.0,423,20,0.017064846416382253,8456.0,2114,64,0.05460750853242321,16910.35588878393,4233,147,0.12542662116040956
mineral_only_zero_geo,29,20,0.0,0,new,arizona,Copper,"[0,5)",0,0,0.0,,0.0,0,0,,0.0,0,0,,0.0,0,0,
mineral_only_zero_geo,29,20,0.0,0,new,arizona,Copper,"[5,10)",0,0,0.0,,0.0,0,0,,0.0,0,0,,0.0,0,0,
mineral_only_zero_geo,29,20,0.0,0,new,arizona,Copper,"[10,20)",0,0,0.0,,0.0,0,0,,0.0,0,0,,0.0,0,0,
mineral_only_zero_geo,29,20,0.0,0,new,arizona,Copper,"[20,inf)",0,0,0.0,,0.0,0,0,,0.0,0,0,,0.0,0,0,
mineral_only_zero_geo,29,20,0.0,0,new,arizona,Copper,no_context,42295,1310,169094.746282076,0.03646561219874076,1692.0,423,17,0.012977099236641221,8456.0,2114,72,0.0549618320610687,16910.591704547405,4233,154,0.11755725190839694
mineral_only_zero_geo,29,20,0.0,0,new,colorado,Gold,"[0,5)",0,0,0.0,,0.0,0,0,,0.0,0,0,,0.0,0,0,
mineral_only_zero_geo,29,20,0.0,0,new,colorado,Gold,"[5,10)",0,0,0.0,,0.0,0,0,,0.0,0,0,,0.0,0,0,
mineral_only_zero_geo,29,20,0.0,0,new,colorado,Gold,"[10,20)",0,0,0.0,,0.0,0,0,,0.0,0,0,,0.0,0,0,
mineral_only_zero_geo,29,20,0.0,0,new,colorado,Gold,"[20,inf)",0,0,0.0,,0.0,0,0,,0.0,0,0,,0.0,0,0,
mineral_only_zero_geo,29,20,0.0,0,new,colorado,Gold,no_context,42500,1375,170000.0,0.03332414483151465,1700.0,425,22,0.016,8500.0,2125,70,0.05090909090909091,17000.0,4250,147,0.10690909090909091
mineral_only_zero_geo,29,20,0.0,0,new,colorado,Copper,"[0,5)",0,0,0.0,,0.0,0,0,,0.0,0,0,,0.0,0,0,
mineral_only_zero_geo,29,20,0.0,0,new,colorado,Copper,"[5,10)",0,0,0.0,,0.0,0,0,,0.0,0,0,,0.0,0,0,
mineral_only_zero_geo,29,20,0.0,0,new,colorado,Copper,"[10,20)",0,0,0.0,,0.0,0,0,,0.0,0,0,,0.0,0,0,
mineral_only_zero_geo,29,20,0.0,0,new,colorado,Copper,"[20,inf)",0,0,0.0,,0.0,0,0,,0.0,0,0,,0.0,0,0,
mineral_only_zero_geo,29,20,0.0,0,new,colorado,Copper,no_context,42500,839,170000.0,0.018788819636526875,1700.0,425,10,0.011918951132300357,8500.0,2125,37,0.04410011918951132,17000.0,4250,80,0.09535160905840286
mineral_only_zero_geo,29,20,0.25,101,new,nevada,Gold,"[0,5)",901,149,3604.0,0.2942982599348464,1452.0,363,80,0.5369127516778524,2932.0,733,130,0.87248322147651,3200.0,800,136,0.912751677852349
mineral_only_zero_geo,29,20,0.25,101,new,nevada,Gold,"[5,10)",2571,207,10284.0,0.14152706594096284,148.0,37,9,0.043478260869565216,3600.0,900,102,0.4927536231884058,5784.0,1446,141,0.6811594202898551
mineral_only_zero_geo,29,20,0.25,101,new,nevada,Gold,"[10,20)",9517,565,38068.0,0.07257290701663169,0.0,0,0,0.0,1404.0,351,33,0.0584070796460177,6592.0,1648,138,0.24424778761061947
mineral_only_zero_geo,29,20,0.25,101,new,nevada,Gold,"[20,inf)",25811,1390,103244.0,0.059161652596258496,0.0,0,0,0.0,64.0,16,3,0.002158273381294964,424.0,106,7,0.005035971223021582
mineral_only_zero_geo,29,20,0.25,101,new,nevada,Gold,no_context,1200,37,4800.0,0.026509359425906123,0.0,0,0,0.0,0.0,0,0,0.0,0.0,0,0,0.0
mineral_only_zero_geo,29,20,0.25,101,new,nevada,Copper,"[0,5)",597,64,2388.0,0.25484096013837854,1292.0,323,43,0.671875,2068.0,517,60,0.9375,2220.0,555,61,0.953125
mineral_only_zero_geo,29,20,0.25,101,new,nevada,Copper,"[5,10)",1815,89,7260.0,0.08121232517060119,256.0,64,5,0.056179775280898875,3300.0,825,54,0.6067415730337079,4908.0,1227,69,0.7752808988764045
mineral_only_zero_geo,29,20,0.25,101,new,nevada,Copper,"[10,20)",7945,292,31780.0,0.04226374979337146,40.0,10,0,0.0,2192.0,548,19,0.06506849315068493,7188.0,1797,87,0.2979452054794521
mineral_only_zero_geo,29,20,0.25,101,new,nevada,Copper,"[20,inf)",27243,705,108972.0,0.0257810477894286,12.0,3,0,0.0,440.0,110,1,0.0014184397163120568,1632.0,408,3,0.00425531914893617
mineral_only_zero_geo,29,20,0.25,101,new,nevada,Copper,no_context,2400,62,9600.0,0.025357716352338924,0.0,0,0,0.0,0.0,0,0,0.0,52.0,13,0,0.0
mineral_only_zero_geo,29,20,0.25,101,new,arizona,Gold,"[0,5)",546,98,2184.0,0.3314604095285958,1140.0,285,69,0.7040816326530612,1892.0,473,94,0.9591836734693877,2028.0,507,98,1.0
mineral_only_zero_geo,29,20,0.25,101,new,arizona,Gold,"[5,10)",1385,132,5540.0,0.1250401578185055,524.0,131,20,0.15151515151515152,2768.0,692,80,0.6060606060606061,4072.0,1018,101,0.7651515151515151
mineral_only_zero_geo,29,20,0.25,101,new,arizona,Gold,"[10,20)",5289,313,21130.960252236575,0.12533403023629985,28.0,7,1,0.003194888178913738,3308.445745944977,828,109,0.34824281150159747,8440.212134312838,2114,173,0.5527156549520766
mineral_only_zero_geo,29,20,0.25,101,new,arizona,Gold,"[20,inf)",16375,508,65439.78602983942,0.038547765827187844,0.0,0,0,0.0,484.0,121,12,0.023622047244094488,2328.0,582,34,0.06692913385826772
mineral_only_zero_geo,29,20,0.25,101,new,arizona,Gold,no_context,18700,121,74800.0,0.010133012798593804,0.0,0,0,0.0,4.0,1,0,0.0,44.0,11,1,0.008264462809917356
mineral_only_zero_geo,29,20,0.25,101,new,arizona,Copper,"[0,5)",676,111,2704.0,0.3316897454002551,1392.0,348,83,0.7477477477477478,2444.0,611,109,0.9819819819819819,2608.0,652,110,0.990990990990991
mineral_only_zero_geo,29,20,0.25,101,new,arizona,Copper,"[5,10)",1597,150,6388.0,0.14510456041612552,276.0,69,16,0.10666666666666667,3484.0,871,90,0.6,4876.0,1219,122,0.8133333333333334
mineral_only_zero_geo,29,20,0.25,101,new,arizona,Copper,"[10,20)",5751,333,22978.960252236575,0.09943917315067982,24.0,6,2,0.006006006006006006,2328.280910253525,583,83,0.24924924924924924,7676.212134312838,1923,148,0.4444444444444444
mineral_only_zero_geo,29,20,0.25,101,new,arizona,Copper,"[20,inf)",14371,596,57423.78602983942,0.04289040959320713,0.0,0,0,0.0,112.0,28,2,0.003355704697986577,948.0,237,17,0.028523489932885907
mineral_only_zero_geo,29,20,0.25,101,new,arizona,Copper,no_context,19900,120,79600.0,0.010230168631529224,0.0,0,0,0.0,88.0,22,0,0.0,804.0,201,4,0.03333333333333333
mineral_only_zero_geo,29,20,0.25,101,new,colorado,Gold,"[0,5)",644,166,2576.0,0.647923279689859,1204.0,301,130,0.7831325301204819,2196.0,549,157,0.9457831325301205,2352.0,588,162,0.9759036144578314
mineral_only_zero_geo,29,20,0.25,101,new,colorado,Gold,"[5,10)",1444,157,5776.0,0.32508821296010865,372.0,93,42,0.267515923566879,2676.0,669,112,0.7133757961783439,3968.0,992,127,0.8089171974522293
mineral_only_zero_geo,29,20,0.25,101,new,colorado,Gold,"[10,20)",5452,353,21808.0,0.16742646358135319,124.0,31,10,0.028328611898016998,3224.0,806,128,0.3626062322946176,7788.0,1947,209,0.5920679886685553
mineral_only_zero_geo,29,20,0.25,101,new,colorado,Gold,"[20,inf)",15160,548,60640.0,0.039049186284759826,0.0,0,0,0.0,400.0,100,6,0.010948905109489052,2868.0,717,27,0.04927007299270073
mineral_only_zero_geo,29,20,0.25,101,new,colorado,Gold,no_context,19800,151,79200.0,0.0074662243443862665,0.0,0,0,0.0,4.0,1,0,0.0,24.0,6,0,0.0
mineral_only_zero_geo,29,20,0.25,101,new,colorado,Copper,"[0,5)",453,104,1812.0,0.4075983194804468,1224.0,306,84,0.8076923076923077,1680.0,420,99,0.9519230769230769,1744.0,436,100,0.9615384615384616
mineral_only_zero_geo,29,20,0.25,101,new,colorado,Copper,"[5,10)",1195,95,4780.0,0.20605069923935293,376.0,94,25,0.2631578947368421,2648.0,662,79,0.8315789473684211,3600.0,900,90,0.9473684210526315
mineral_only_zero_geo,29,20,0.25,101,new,colorado,Copper,"[10,20)",4772,218,19088.0,0.1127520936108089,68.0,17,0,0.0,2976.0,744,94,0.43119266055045874,7168.0,1792,138,0.6330275229357798
mineral_only_zero_geo,29,20,0.25,101,new,colorado,Copper,"[20,inf)",16380,323,65520.0,0.02156733695928597,0.0,0,0,0.0,1020.0,255,4,0.01238390092879257,3676.0,919,25,0.07739938080495357
mineral_only_zero_geo,29,20,0.25,101,new,colorado,Copper,no_context,19700,99,78800.0,0.012619625158444532,32.0,8,1,0.010101010101010102,176.0,44,1,0.010101010101010102,812.0,203,2,0.020202020202020204
mineral_only_zero_geo,29,20,0.25,211,new,nevada,Gold,"[0,5)",1109,213,4436.0,0.3497653192117445,1484.0,371,107,0.5023474178403756,3488.0,872,184,0.863849765258216,4008.0,1002,201,0.9436619718309859
mineral_only_zero_geo,29,20,0.25,211,new,nevada,Gold,"[5,10)",2854,267,11416.0,0.14362941635469742,116.0,29,7,0.026217228464419477,3376.0,844,111,0.4157303370786517,6108.0,1527,179,0.6704119850187266
mineral_only_zero_geo,29,20,0.25,211,new,nevada,Gold,"[10,20)",9585,564,38340.0,0.07611040934868485,0.0,0,0,0.0,1124.0,281,21,0.03723404255319149,5676.0,1419,123,0.21808510638297873
mineral_only_zero_geo,29,20,0.25,211,new,nevada,Gold,"[20,inf)",25252,1259,101008.0,0.05644592468456547,0.0,0,0,0.0,12.0,3,0,0.0,208.0,52,4,0.003177124702144559
mineral_only_zero_geo,29,20,0.25,211,new,nevada,Gold,no_context,1200,45,4800.0,0.05399748358762662,0.0,0,0,0.0,0.0,0,0,0.0,0.0,0,0,0.0
mineral_only_zero_geo,29,20,0.25,211,new,nevada,Copper,"[0,5)",723,95,2892.0,0.3326870604176177,1480.0,370,66,0.6947368421052632,2604.0,651,89,0.9368421052631579,2772.0,693,94,0.9894736842105263
mineral_only_zero_geo,29,20,0.25,211,new,nevada,Copper,"[5,10)",2116,113,8464.0,0.08134573516688408,104.0,26,2,0.017699115044247787,3372.0,843,62,0.5486725663716814,5408.0,1352,88,0.7787610619469026
mineral_only_zero_geo,29,20,0.25,211,new,nevada,Copper,"[10,20)",8317,270,33268.0,0.04085670314081858,16.0,4,1,0.003703703703703704,1676.0,419,17,0.06296296296296296,6696.0,1674,70,0.25925925925925924
mineral_only_zero_geo,29,20,0.25,211,new,nevada,Copper,"[20,inf)",26344,670,105376.0,0.026237747147917757,0.0,0,0,0.0,324.0,81,2,0.0029850746268656717,1080.0,270,6,0.008955223880597015
mineral_only_zero_geo,29,20,0.25,211,new,nevada,Copper,no_context,2500,64,10000.0,0.029359513191966835,0.0,0,0,0.0,24.0,6,0,0.0,44.0,11,0,0.0
mineral_only_zero_geo,29,20,0.25,211,new,arizona,Gold,"[0,5)",562,85,2248.0,0.3016312325064664,1156.0,289,62,0.7294117647058823,1896.0,474,84,0.9882352941176471,2044.0,511,85,1.0
mineral_only_zero_geo,29,20,0.25,211,new,arizona,Gold,"[5,10)",1373,111,5492.0,0.14733727141388864,512.0,128,26,0.23423423423423423,3008.0,752,79,0.7117117117117117,4208.0,1052,95,0.8558558558558559
mineral_only_zero_geo,29,20,0.25,211,new,arizona,Gold,"[10,20)",4884,236,19510.960252236575,0.13427466405025743,16.0,4,1,0.00423728813559322,3166.880955219269,793,110,0.4661016949152542,8161.889593314379,2046,151,0.6398305084745762
mineral_only_zero_geo,29,20,0.25,211,new,arizona,Gold,"[20,inf)",21576,696,86243.78602983942,0.030967002239020668,8.0,2,0,0.0,376.0,94,10,0.014367816091954023,2432.0,608,21,0.03017241379310345
mineral_only_zero_geo,29,20,0.25,211,new,arizona,Gold,no_context,13900,44,55600.0,0.005741257964940855,0.0,0,0,0.0,8.0,2,0,0.0,64.0,16,0,0.0
mineral_only_zero_geo,29,20,0.25,211,new,arizona,Copper,"[0,5)",618,95,2472.0,0.28311694040596885,1376.0,344,70,0.7368421052631579,2260.0,565,92,0.968421052631579,2368.0,592,94,0.9894736842105263
mineral_only_zero_geo,29,20,0.25,211,new,arizona,Copper,"[5,10)",1465,130,5860.0,0.1208051518665662,300.0,75,15,0.11538461538461539,3276.0,819,87,0.6692307692307692,4604.0,1151,112,0.8615384615384616
mineral_only_zero_geo,29,20,0.25,211,new,arizona,Copper,"[10,20)",5440,268,21734.960252236575,0.1200579135239883,16.0,4,1,0.0037313432835820895,2576.280910253525,645,102,0.3805970149253731,7508.201779555529,1881,146,0.5447761194029851
mineral_only_zero_geo,29,20,0.25,211,new,arizona,Copper,"[20,inf)",21072,755,84227.78602983942,0.03712069024707507,0.0,0,0,0.0,168.0,42,1,0.0013245033112582781,1496.0,374,14,0.018543046357615896
mineral_only_zero_geo,29,20,0.25,211,new,arizona,Copper,no_context,13700,62,54800.0,0.005442677727934102,0.0,0,0,0.0,176.0,44,0,0.0,936.0,234,1,0.016129032258064516
mineral_only_zero_geo,29,20,0.25,211,new,colorado,Gold,"[0,5)",587,134,2348.0,0.48236312738521,1104.0,276,98,0.7313432835820896,2060.0,515,124,0.9253731343283582,2204.0,551,127,0.9477611940298507
mineral_only_zero_geo,29,20,0.25,211,new,colorado,Gold,"[5,10)",1407,163,5628.0,0.2883098289475264,448.0,112,42,0.25766871165644173,3020.0,755,123,0.754601226993865,4264.0,1066,141,0.8650306748466258
mineral_only_zero_geo,29,20,0.25,211,new,colorado,Gold,"[10,20)",4880,291,19520.0,0.13087250291197627,148.0,37,9,0.030927835051546393,3136.0,784,90,0.30927835051546393,7924.0,1981,186,0.6391752577319587
mineral_only_zero_geo,29,20,0.25,211,new,colorado,Gold,"[20,inf)",16726,547,66904.0,0.03698570566008376,0.0,0,0,0.0,264.0,66,0,0.0,2380.0,595,9,0.016453382084095063
mineral_only_zero_geo,29,20,0.25,211,new,colorado,Gold,no_context,18900,240,75600.0,0.015320750626824458,0.0,0,0,0.0,20.0,5,0,0.0,228.0,57,2,0.008333333333333333
mineral_only_zero_geo,29,20,0.25,211,new,colorado,Copper,"[0,5)",373,69,1492.0,0.3321639392061666,988.0,247,60,0.8695652173913043,1360.0,340,69,1.0,1432.0,358,69,1.0
mineral_only_zero_geo,29,20,0.25,211,new,colorado,Copper,"[5,10)",1109,89,4436.0,0.12597146592523426,496.0,124,16,0.1797752808988764,2724.0,681,68,0.7640449438202247,3464.0,866,78,0.8764044943820225
mineral_only_zero_geo,29,20,0.25,211,new,colorado,Copper,"[10,20)",4436,192,17744.0,0.06662380151095516,188.0,47,3,0.015625,3420.0,855,57,0.296875,7304.0,1826,102,0.53125
mineral_only_zero_geo,29,20,0.25,211,new,colorado,Copper,"[20,inf)",17782,312,71128.0,0.019134463279174337,28.0,7,0,0.0,836.0,209,1,0.003205128205128205,3776.0,944,11,0.035256410256410256
mineral_only_zero_geo,29,20,0.25,211,new,colorado,Copper,no_context,18800,177,75200.0,0.017745631065664548,0.0,0,0,0.0,160.0,40,4,0.022598870056497175,1024.0,256,4,0.022598870056497175
mineral_only_zero_geo,29,20,0.25,307,new,nevada,Gold,"[0,5)",1071,173,4284.0,0.23238039288620985,1448.0,362,78,0.4508670520231214,3380.0,845,153,0.884393063583815,3868.0,967,163,0.9421965317919075
mineral_only_zero_geo,29,20,0.25,307,new,nevada,Gold,"[5,10)",2840,253,11360.0,0.12026543705470072,132.0,33,5,0.019762845849802372,3436.0,859,105,0.4150197628458498,6392.0,1598,188,0.7430830039525692
mineral_only_zero_geo,29,20,0.25,307,new,nevada,Gold,"[10,20)",10002,572,40008.0,0.08756293270374774,20.0,5,1,0.0017482517482517483,1164.0,291,32,0.055944055944055944,5396.0,1349,132,0.23076923076923078
mineral_only_zero_geo,29,20,0.25,307,new,nevada,Gold,"[20,inf)",26087,1350,104348.0,0.0594245051177026,0.0,0,0,0.0,20.0,5,1,0.0007407407407407407,344.0,86,11,0.008148148148148147
mineral_only_zero_geo,29,20,0.25,307,new,nevada,Gold,no_context,0,0,0.0,,0.0,0,0,,0.0,0,0,,0.0,0,0,
mineral_only_zero_geo,29,20,0.25,307,new,nevada,Copper,"[0,5)",624,71,2496.0,0.19339157704492588,1392.0,348,52,0.7323943661971831,2220.0,555,64,0.9014084507042254,2356.0,589,67,0.9436619718309859
mineral_only_zero_geo,29,20,0.25,307,new,nevada,Copper,"[5,10)",1727,73,6908.0,0.07237841526883793,148.0,37,3,0.0410958904109589,3236.0,809,42,0.5753424657534246,4944.0,1236,56,0.7671232876712328
mineral_only_zero_geo,29,20,0.25,307,new,nevada,Copper,"[10,20)",7235,260,28940.0,0.07180903676151004,28.0,7,2,0.007692307692307693,1888.0,472,44,0.16923076923076924,6780.0,1695,91,0.35
mineral_only_zero_geo,29,20,0.25,307,new,nevada,Copper,"[20,inf)",26614,720,106456.0,0.029754334393900617,32.0,8,0,0.0,548.0,137,6,0.008333333333333333,1576.0,394,18,0.025
mineral_only_zero_geo,29,20,0.25,307,new,nevada,Copper,no_context,3800,88,15200.0,0.01998347698318935,0.0,0,0,0.0,108.0,27,0,0.0,344.0,86,0,0.0
mineral_only_zero_geo,29,20,0.25,307,new,arizona,Gold,"[0,5)",447,81,1779.1729207634926,0.3510689095511021,913.3131362199783,229,61,0.7530864197530864,1391.3603685498238,350,74,0.9135802469135802,1579.1729207634926,397,79,0.9753086419753086
mineral_only_zero_geo,29,20,0.25,307,new,arizona,Gold,"[5,10)",1390,107,5546.629598469939,0.13577668048037658,624.0,156,25,0.2336448598130841,2668.1697574569844,670,72,0.6728971962616822,3922.652257771697,984,90,0.8411214953271028
mineral_only_zero_geo,29,20,0.25,307,new,arizona,Gold,"[10,20)",5436,224,21711.637054983526,0.05010133587824473,156.0,39,1,0.004464285714285714,4056.8511385321617,1015,57,0.2544642857142857,9130.868356280029,2287,125,0.5580357142857143
mineral_only_zero_geo,29,20,0.25,307,new,arizona,Gold,"[20,inf)",18822,722,75257.30670785904,0.05228504705765015,0.0,0,0,0.0,324.0,81,5,0.006925207756232687,2160.513260781765,541,27,0.037396121883656507
mineral_only_zero_geo,29,20,0.25,307,new,arizona,Gold,no_context,16200,38,64800.0,0.0018069923413423757,0.0,0,0,0.0,16.0,4,0,0.0,120.0,30,0,0.0
mineral_only_zero_geo,29,20,0.25,307,new,arizona,Copper,"[0,5)",540,94,2151.1729207634926,0.3644098273977436,1231.3603685498238,310,77,0.8191489361702128,1915.3603685498238,481,93,0.9893617021276596,2031.1729207634926,510,93,0.9893617021276596
mineral_only_zero_geo,29,20,0.25,307,new,arizona,Copper,"[5,10)",1543,100,6158.629598469939,0.12032204801977972,420.0,105,12,0.12,3248.126856894698,815,64,0.64,4666.652257771697,1170,86,0.86
mineral_only_zero_geo,29,20,0.25,307,new,arizona,Copper,"[10,20)",6198,247,24759.637054983526,0.05598278551974113,40.0,10,2,0.008097165991902834,2996.8511385321617,750,46,0.1862348178137652,8219.75038009137,2059,115,0.46558704453441296
mineral_only_zero_geo,29,20,0.25,307,new,arizona,Copper,"[20,inf)",19114,809,76425.30670785904,0.05574678389384399,0.0,0,0,0.0,184.0,46,1,0.0012360939431396785,1372.513260781765,344,17,0.021013597033374538
mineral_only_zero_geo,29,20,0.25,307,new,arizona,Copper,no_context,14900,60,59600.0,0.0027989110696892885,0.0,0,0,0.0,112.0,28,0,0.0,620.0,155,0,0.0
mineral_only_zero_geo,29,20,0.25,307,new,colorado,Gold,"[0,5)",702,171,2808.0,0.5864279509134773,1200.0,300,123,0.7192982456140351,2432.0,608,160,0.935672514619883,2664.0,666,169,0.9883040935672515
mineral_only_zero_geo,29,20,0.25,307,new,colorado,Gold,"[5,10)",1740,198,6960.0,0.3256965018333527,380.0,95,39,0.19696969696969696,3068.0,767,150,0.7575757575757576,4856.0,1214,179,0.9040404040404041
mineral_only_zero_geo,29,20,0.25,307,new,colorado,Gold,"[10,20)",6233,353,24932.0,0.17375004229497848,120.0,30,12,0.0339943342776204,2904.0,726,128,0.3626062322946176,8328.0,2082,207,0.5864022662889519
mineral_only_zero_geo,29,20,0.25,307,new,colorado,Gold,"[20,inf)",17625,629,70500.0,0.0374068490803711,0.0,0,0,0.0,96.0,24,3,0.0047694753577106515,1140.0,285,13,0.02066772655007949
mineral_only_zero_geo,29,20,0.25,307,new,colorado,Gold,no_context,16200,24,64800.0,0.005708412946235676,0.0,0,0,0.0,0.0,0,0,0.0,12.0,3,0,0.0
mineral_only_zero_geo,29,20,0.25,307,new,colorado,Copper,"[0,5)",433,99,1732.0,0.4285484368392683,1176.0,294,86,0.8686868686868687,1548.0,387,96,0.9696969696969697,1648.0,412,98,0.98989898989899
mineral_only_zero_geo,29,20,0.25,307,new,colorado,Copper,"[5,10)",1152,123,4608.0,0.24586188620299188,424.0,106,31,0.25203252032520324,2824.0,706,108,0.8780487804878049,3708.0,927,119,0.967479674796748
mineral_only_zero_geo,29,20,0.25,307,new,colorado,Copper,"[10,20)",4738,198,18952.0,0.11105459438005653,88.0,22,2,0.010101010101010102,3284.0,821,83,0.41919191919191917,7528.0,1882,135,0.6818181818181818
mineral_only_zero_geo,29,20,0.25,307,new,colorado,Copper,"[20,inf)",19977,385,79908.0,0.01793309567141027,12.0,3,0,0.0,724.0,181,1,0.0025974025974025974,3380.0,845,10,0.025974025974025976
mineral_only_zero_geo,29,20,0.25,307,new,colorado,Copper,no_context,16200,34,64800.0,0.0037084563551386877,0.0,0,0,0.0,120.0,30,0,0.0,736.0,184,0,0.0
mineral_only_zero_geo,29,20,0.5,101,new,nevada,Gold,"[0,5)",2025,326,8100.0,0.3225877574050642,1572.0,393,132,0.4049079754601227,5352.0,1338,269,0.8251533742331288,6736.0,1684,296,0.9079754601226994
mineral_only_zero_geo,29,20,0.5,101,new,nevada,Gold,"[5,10)",5326,402,21304.0,0.12970485456011818,24.0,6,2,0.004975124378109453,2496.0,624,86,0.21393034825870647,7260.0,1815,203,0.5049751243781094
mineral_only_zero_geo,29,20,0.5,101,new,nevada,Gold,"[10,20)",15798,847,63192.0,0.0740551241389272,4.0,1,0,0.0,148.0,37,7,0.008264462809917356,1896.0,474,44,0.05194805194805195
mineral_only_zero_geo,29,20,0.5,101,new,nevada,Gold,"[20,inf)",15651,736,62604.0,0.05234177121471837,0.0,0,0,0.0,4.0,1,0,0.0,108.0,27,2,0.002717391304347826
mineral_only_zero_geo,29,20,0.5,101,new,nevada,Gold,no_context,1200,37,4800.0,0.02991808435766005,0.0,0,0,0.0,0.0,0,0,0.0,0.0,0,0,0.0
mineral_only_zero_geo,29,20,0.5,101,new,nevada,Copper,"[0,5)",1270,152,5080.0,0.2660290376486043,1556.0,389,75,0.4934210526315789,3912.0,978,138,0.9078947368421053,4504.0,1126,146,0.9605263157894737
mineral_only_zero_geo,29,20,0.5,101,new,nevada,Copper,"[5,10)",3813,182,15252.0,0.08830937298784021,40.0,10,2,0.01098901098901099,3176.0,794,66,0.3626373626373626,7068.0,1767,110,0.6043956043956044
mineral_only_zero_geo,29,20,0.5,101,new,nevada,Copper,"[10,20)",13688,408,54752.0,0.04205253362033179,4.0,1,0,0.0,728.0,182,14,0.03431372549019608,3780.0,945,40,0.09803921568627451
mineral_only_zero_geo,29,20,0.5,101,new,nevada,Copper,"[20,inf)",20029,446,80116.0,0.021963264437733988,0.0,0,0,0.0,184.0,46,1,0.002242152466367713,648.0,162,1,0.002242152466367713
mineral_only_zero_geo,29,20,0.5,101,new,nevada,Copper,no_context,1200,24,4800.0,0.025470902007598925,0.0,0,0,0.0,0.0,0,0,0.0,0.0,0,0,0.0
mineral_only_zero_geo,29,20,0.5,101,new,arizona,Gold,"[0,5)",1055,188,4220.0,0.3528649443897185,1420.0,355,103,0.5478723404255319,3292.0,823,169,0.898936170212766,3792.0,948,182,0.9680851063829787
mineral_only_zero_geo,29,20,0.5,101,new,arizona,Gold,"[5,10)",2663,249,10652.0,0.18143869301728163,272.0,68,17,0.06827309236947791,3448.0,862,136,0.5461847389558233,6184.0,1546,186,0.7469879518072289
mineral_only_zero_geo,29,20,0.5,101,new,arizona,Gold,"[10,20)",8580,401,34281.72588564083,0.13724461608472485,0.0,0,0,0.0,1680.0,420,80,0.19950124688279303,6500.445745944977,1626,150,0.3740648379052369
mineral_only_zero_geo,29,20,0.5,101,new,arizona,Gold,"[20,inf)",14997,302,59941.02039643517,0.027556980264116224,0.0,0,0,0.0,36.0,9,1,0.0033112582781456954,436.0,109,2,0.006622516556291391
mineral_only_zero_geo,29,20,0.5,101,new,arizona,Gold,no_context,15000,32,60000.0,0.004456975699190855,0.0,0,0,0.0,0.0,0,0,0.0,0.0,0,0,0.0
mineral_only_zero_geo,29,20,0.5,101,new,arizona,Copper,"[0,5)",1276,234,5104.0,0.32485497303370753,1640.0,410,115,0.49145299145299143,4128.0,1032,219,0.9358974358974359,4696.0,1174,229,0.9786324786324786
mineral_only_zero_geo,29,20,0.5,101,new,arizona,Copper,"[5,10)",2993,276,11972.0,0.17510051687651854,48.0,12,4,0.014492753623188406,3572.0,893,137,0.4963768115942029,7328.0,1832,215,0.7789855072463768
mineral_only_zero_geo,29,20,0.5,101,new,arizona,Copper,"[10,20)",8869,420,35450.960252236575,0.09087667586717339,4.0,1,0,0.0,744.0,186,36,0.08571428571428572,4664.280910253525,1167,109,0.25952380952380955
mineral_only_zero_geo,29,20,0.5,101,new,arizona,Copper,"[20,inf)",12957,329,51767.78602983942,0.029054548598668396,0.0,0,0,0.0,12.0,3,0,0.0,212.0,53,0,0.0
mineral_only_zero_geo,29,20,0.5,101,new,arizona,Copper,no_context,16200,51,64800.0,0.006897719391311106,0.0,0,0,0.0,0.0,0,0,0.0,12.0,3,0,0.0
mineral_only_zero_geo,29,20,0.5,101,new,colorado,Gold,"[0,5)",1287,302,5148.0,0.5578060232510618,1436.0,359,170,0.5629139072847682,3876.0,969,273,0.9039735099337748,4636.0,1159,290,0.9602649006622517
mineral_only_zero_geo,29,20,0.5,101,new,colorado,Gold,"[5,10)",2942,298,11768.0,0.31658747541078586,204.0,51,24,0.08053691275167785,3192.0,798,186,0.6241610738255033,6300.0,1575,240,0.8053691275167785
mineral_only_zero_geo,29,20,0.5,101,new,colorado,Gold,"[10,20)",8823,479,35292.0,0.1603128324145509,60.0,15,7,0.014613778705636743,1360.0,340,84,0.17536534446764093,5476.0,1369,191,0.3987473903966597
mineral_only_zero_geo,29,20,0.5,101,new,colorado,Gold,"[20,inf)",18148,285,72592.0,0.02205196931562471,0.0,0,0,0.0,72.0,18,0,0.0,588.0,147,5,0.017543859649122806
mineral_only_zero_geo,29,20,0.5,101,new,colorado,Gold,no_context,11300,11,45200.0,0.0010963962625608983,0.0,0,0,0.0,0.0,0,0,0.0,0.0,0,0,0.0
mineral_only_zero_geo,29,20,0.5,101,new,colorado,Copper,"[0,5)",754,146,3016.0,0.37860887449653857,1388.0,347,90,0.6164383561643836,2632.0,658,137,0.9383561643835616,2796.0,699,141,0.9657534246575342
mineral_only_zero_geo,29,20,0.5,101,new,colorado,Copper,"[5,10)",2013,153,8052.0,0.19123624928083047,268.0,67,16,0.10457516339869281,3068.0,767,105,0.6862745098039216,5120.0,1280,136,0.8888888888888888
mineral_only_zero_geo,29,20,0.5,101,new,colorado,Copper,"[10,20)",7006,284,28024.0,0.10086829576568411,20.0,5,0,0.0,2216.0,554,72,0.2535211267605634,6684.0,1671,134,0.47183098591549294
mineral_only_zero_geo,29,20,0.5,101,new,colorado,Copper,"[20,inf)",20327,223,81308.0,0.015404918169548656,24.0,6,0,0.0,580.0,145,1,0.004484304932735426,2268.0,567,8,0.03587443946188341
mineral_only_zero_geo,29,20,0.5,101,new,colorado,Copper,no_context,12400,33,49600.0,0.0063622229759232015,0.0,0,0,0.0,4.0,1,0,0.0,132.0,33,0,0.0
mineral_only_zero_geo,29,20,0.5,211,new,nevada,Gold,"[0,5)",2133,375,8532.0,0.31815920915143353,1576.0,394,131,0.34933333333333333,5424.0,1356,289,0.7706666666666667,7060.0,1765,337,0.8986666666666666
mineral_only_zero_geo,29,20,0.5,211,new,nevada,Gold,"[5,10)",5340,484,21360.0,0.14105442878488722,24.0,6,1,0.002066115702479339,2328.0,582,96,0.19834710743801653,7000.0,1750,228,0.47107438016528924
mineral_only_zero_geo,29,20,0.5,211,new,nevada,Gold,"[10,20)",14808,824,59232.0,0.08426031133483691,0.0,0,0,0.0,248.0,62,16,0.019417475728155338,1892.0,473,57,0.0691747572815534
mineral_only_zero_geo,29,20,0.5,211,new,nevada,Gold,"[20,inf)",17719,665,70876.0,0.04252171668091349,0.0,0,0,0.0,0.0,0,0,0.0,48.0,12,1,0.0015037593984962407
mineral_only_zero_geo,29,20,0.5,211,new,nevada,Gold,no_context,0,0,0.0,,0.0,0,0,,0.0,0,0,,0.0,0,0,
mineral_only_zero_geo,29,20,0.5,211,new,nevada,Copper,"[0,5)",1297,147,5188.0,0.23607236274526386,1556.0,389,78,0.5306122448979592,4108.0,1027,127,0.8639455782312925,4764.0,1191,141,0.9591836734693877
mineral_only_zero_geo,29,20,0.5,211,new,nevada,Copper,"[5,10)",3771,194,15084.0,0.07613398503977545,40.0,10,2,0.010309278350515464,2920.0,730,57,0.29381443298969073,6724.0,1681,110,0.5670103092783505
mineral_only_zero_geo,29,20,0.5,211,new,nevada,Copper,"[10,20)",12918,422,51672.0,0.05050262655798501,4.0,1,0,0.0,892.0,223,18,0.04265402843601896,4060.0,1015,59,0.13981042654028436
mineral_only_zero_geo,29,20,0.5,211,new,nevada,Copper,"[20,inf)",22014,449,88056.0,0.02200085075158438,0.0,0,0,0.0,80.0,20,0,0.0,452.0,113,1,0.0022271714922048997
mineral_only_zero_geo,29,20,0.5,211,new,nevada,Copper,no_context,0,0,0.0,,0.0,0,0,,0.0,0,0,,0.0,0,0,
mineral_only_zero_geo,29,20,0.5,211,new,arizona,Gold,"[0,5)",1002,160,4008.0,0.30142843516047196,1392.0,348,87,0.54375,3024.0,756,147,0.91875,3540.0,885,157,0.98125
mineral_only_zero_geo,29,20,0.5,211,new,arizona,Gold,"[5,10)",2627,224,10508.0,0.14823522231384262,296.0,74,18,0.08035714285714286,3540.0,885,121,0.5401785714285714,6152.0,1538,155,0.6919642857142857
mineral_only_zero_geo,29,20,0.5,211,new,arizona,Gold,"[10,20)",8826,417,35265.72588564083,0.10054468205911739,4.0,1,0,0.0,1880.0,470,79,0.18944844124700239,6956.0,1739,175,0.4196642685851319
mineral_only_zero_geo,29,20,0.5,211,new,arizona,Gold,"[20,inf)",17240,344,68913.02039643517,0.04361466967174628,0.0,0,0,0.0,12.0,3,0,0.0,256.0,64,14,0.040697674418604654
mineral_only_zero_geo,29,20,0.5,211,new,arizona,Gold,no_context,12600,27,50400.0,0.002940947922294854,0.0,0,0,0.0,0.0,0,0,0.0,8.0,2,0,0.0
mineral_only_zero_geo,29,20,0.5,211,new,arizona,Copper,"[0,5)",1158,176,4632.0,0.27304810948821506,1600.0,400,88,0.5,3752.0,938,164,0.9318181818181818,4280.0,1070,175,0.9943181818181818
mineral_only_zero_geo,29,20,0.5,211,new,arizona,Copper,"[5,10)",2950,251,11800.0,0.13310334374470184,88.0,22,7,0.027888446215139442,3644.0,911,111,0.44223107569721115,6816.0,1704,175,0.6972111553784861
mineral_only_zero_geo,29,20,0.5,211,new,arizona,Copper,"[10,20)",9546,458,38158.960252236575,0.09585061840677067,4.0,1,0,0.0,1024.0,256,40,0.08733624454148471,5620.280910253525,1406,162,0.3537117903930131
mineral_only_zero_geo,29,20,0.5,211,new,arizona,Copper,"[20,inf)",18741,395,74903.78602983942,0.037416385146553176,0.0,0,0,0.0,28.0,7,0,0.0,184.0,46,2,0.005063291139240506
mineral_only_zero_geo,29,20,0.5,211,new,arizona,Copper,no_context,9900,30,39600.0,0.004626761878066987,0.0,0,0,0.0,8.0,2,0,0.0,12.0,3,0,0.0
mineral_only_zero_geo,29,20,0.5,211,new,colorado,Gold,"[0,5)",1127,233,4508.0,0.4675524351774227,1436.0,359,146,0.6266094420600858,3560.0,890,210,0.9012875536480687,4168.0,1042,227,0.9742489270386266
mineral_only_zero_geo,29,20,0.5,211,new,colorado,Gold,"[5,10)",2716,274,10864.0,0.25302882100438717,220.0,55,21,0.07664233576642336,3576.0,894,174,0.635036496350365,6396.0,1599,206,0.7518248175182481
mineral_only_zero_geo,29,20,0.5,211,new,colorado,Gold,"[10,20)",8223,434,32892.0,0.1200371514910969,44.0,11,1,0.002304147465437788,1304.0,326,72,0.16589861751152074,5908.0,1477,161,0.3709677419354839
mineral_only_zero_geo,29,20,0.5,211,new,colorado,Gold,"[20,inf)",16634,423,66536.0,0.027765621861263624,0.0,0,0,0.0,60.0,15,3,0.0070921985815602835,520.0,130,4,0.009456264775413711
mineral_only_zero_geo,29,20,0.5,211,new,colorado,Gold,no_context,13800,11,55200.0,0.0008137799872978886,0.0,0,0,0.0,0.0,0,0,0.0,8.0,2,0,0.0
mineral_only_zero_geo,29,20,0.5,211,new,colorado,Copper,"[0,5)",807,138,3228.0,0.3289882397582004,1480.0,370,95,0.6884057971014492,2820.0,705,133,0.9637681159420289,3040.0,760,137,0.9927536231884058
mineral_only_zero_geo,29,20,0.5,211,new,colorado,Copper,"[5,10)",2161,165,8644.0,0.1367193635125189,184.0,46,8,0.048484848484848485,3484.0,871,103,0.6242424242424243,5780.0,1445,135,0.8181818181818182
mineral_only_zero_geo,29,20,0.5,211,new,colorado,Copper,"[10,20)",6669,274,26676.0,0.08843469906581133,36.0,9,1,0.0036496350364963502,1832.0,458,65,0.23722627737226276,6236.0,1559,118,0.4306569343065693
mineral_only_zero_geo,29,20,0.5,211,new,colorado,Copper,"[20,inf)",19063,227,76252.0,0.016312553160762244,0.0,0,0,0.0,364.0,91,6,0.02643171806167401,1804.0,451,9,0.039647577092511016
mineral_only_zero_geo,29,20,0.5,211,new,colorado,Copper,no_context,13800,35,55200.0,0.006740550193390893,0.0,0,0,0.0,0.0,0,0,0.0,140.0,35,0,0.0
mineral_only_zero_geo,29,20,0.5,307,new,nevada,Gold,"[0,5)",2134,367,8536.0,0.2934573443282195,1568.0,392,115,0.3133514986376022,5280.0,1320,284,0.773841961852861,6872.0,1718,328,0.8937329700272479
mineral_only_zero_geo,29,20,0.5,307,new,nevada,Gold,"[5,10)",5419,456,21676.0,0.1337718297529637,28.0,7,2,0.0043859649122807015,2424.0,606,95,0.20833333333333334,7100.0,1775,234,0.5131578947368421
mineral_only_zero_geo,29,20,0.5,307,new,nevada,Gold,"[10,20)",15388,848,61552.0,0.08309259308724935,4.0,1,0,0.0,288.0,72,17,0.020047169811320754,1940.0,485,47,0.055424528301886794
mineral_only_zero_geo,29,20,0.5,307,new,nevada,Gold,"[20,inf)",17059,677,68236.0,0.0479907775452776,0.0,0,0,0.0,8.0,2,0,0.0,88.0,22,1,0.0014771048744460858
mineral_only_zero_geo,29,20,0.5,307,new,nevada,Gold,no_context,0,0,0.0,,0.0,0,0,,0.0,0,0,,0.0,0,0,
mineral_only_zero_geo,29,20,0.5,307,new,nevada,Copper,"[0,5)",1284,156,5136.0,0.1925620996642875,1560.0,390,65,0.4166666666666667,4024.0,1006,128,0.8205128205128205,4616.0,1154,142,0.9102564102564102
mineral_only_zero_geo,29,20,0.5,307,new,nevada,Copper,"[5,10)",3592,170,14368.0,0.06929068941560865,32.0,8,0,0.0,2936.0,734,56,0.32941176470588235,6580.0,1645,108,0.6352941176470588
mineral_only_zero_geo,29,20,0.5,307,new,nevada,Copper,"[10,20)",12777,410,51108.0,0.05176415435134047,4.0,1,0,0.0,848.0,212,20,0.04878048780487805,3896.0,974,54,0.13170731707317074
mineral_only_zero_geo,29,20,0.5,307,new,nevada,Copper,"[20,inf)",22347,476,89388.0,0.024437140435883287,4.0,1,0,0.0,192.0,48,3,0.0063025210084033615,908.0,227,13,0.0273109243697479
mineral_only_zero_geo,29,20,0.5,307,new,nevada,Copper,no_context,0,0,0.0,,0.0,0,0,,0.0,0,0,,0.0,0,0,
mineral_only_zero_geo,29,20,0.5,307,new,arizona,Gold,"[0,5)",991,179,3955.1729207634926,0.29854808216936174,1432.0,358,95,0.5307262569832403,2967.2324048280716,743,157,0.8770949720670391,3495.3603685498238,876,169,0.9441340782122905
mineral_only_zero_geo,29,20,0.5,307,new,arizona,Gold,"[5,10)",2657,230,10614.117837281432,0.1587628287229157,260.0,65,13,0.05652173913043478,3488.0,872,132,0.5739130434782609,6032.164087712765,1510,170,0.7391304347826086
mineral_only_zero_geo,29,20,0.5,307,new,arizona,Gold,"[10,20)",9093,402,36339.63705498353,0.10713132942036234,0.0,0,0,0.0,1944.0,486,75,0.1865671641791045,7068.851138532162,1768,180,0.44776119402985076
mineral_only_zero_geo,29,20,0.5,307,new,arizona,Gold,"[20,inf)",15754,347,62985.81846904755,0.033541259681029695,0.0,0,0,0.0,56.0,14,2,0.005763688760806916,308.0,77,12,0.0345821325648415
mineral_only_zero_geo,29,20,0.5,307,new,arizona,Gold,no_context,13800,14,55200.0,0.0010366843087588709,0.0,0,0,0.0,0.0,0,0,0.0,8.0,2,0,0.0
mineral_only_zero_geo,29,20,0.5,307,new,arizona,Copper,"[0,5)",1220,208,4871.172920763493,0.27821007799823083,1608.0,402,102,0.49038461538461536,3839.3603685498238,962,180,0.8653846153846154,4375.172920763493,1096,198,0.9519230769230769
mineral_only_zero_geo,29,20,0.5,307,new,arizona,Copper,"[5,10)",3094,255,12362.117837281432,0.13694143432092468,76.0,19,6,0.023529411764705882,3555.4141830801964,890,104,0.40784313725490196,6643.609425961971,1663,175,0.6862745098039216
mineral_only_zero_geo,29,20,0.5,307,new,arizona,Copper,"[10,20)",9959,451,39803.63705498353,0.08997109665130447,8.0,2,1,0.0022172949002217295,1024.0,256,39,0.08647450110864745,5548.851138532162,1388,149,0.3303769401330377
mineral_only_zero_geo,29,20,0.5,307,new,arizona,Copper,"[20,inf)",15522,388,62057.81846904755,0.03073023251308542,0.0,0,0,0.0,28.0,7,1,0.002577319587628866,288.0,72,2,0.005154639175257732
mineral_only_zero_geo,29,20,0.5,307,new,arizona,Copper,no_context,12500,8,50000.0,0.0005230625425144808,0.0,0,0,0.0,8.0,2,0,0.0,56.0,14,0,0.0
mineral_only_zero_geo,29,20,0.5,307,new,colorado,Gold,"[0,5)",1217,296,4868.0,0.5677331268712162,1508.0,377,183,0.6182432432432432,3656.0,914,267,0.902027027027027,4364.0,1091,285,0.9628378378378378
mineral_only_zero_geo,29,20,0.5,307,new,colorado,Gold,"[5,10)",2846,301,11384.0,0.3259843189165482,176.0,44,23,0.07641196013289037,3328.0,832,196,0.6511627906976745,6244.0,1561,252,0.8372093023255814
mineral_only_zero_geo,29,20,0.5,307,new,colorado,Gold,"[10,20)",8829,489,35316.0,0.1863765167224813,16.0,4,0,0.0,1456.0,364,110,0.2249488752556237,5956.0,1489,239,0.4887525562372188
mineral_only_zero_geo,29,20,0.5,307,new,colorado,Gold,"[20,inf)",15908,278,63632.0,0.025491781802020108,0.0,0,0,0.0,60.0,15,1,0.0035971223021582736,436.0,109,4,0.014388489208633094
mineral_only_zero_geo,29,20,0.5,307,new,colorado,Gold,no_context,13700,11,54800.0,0.0011277057403579038,0.0,0,0,0.0,0.0,0,0,0.0,0.0,0,0,0.0
mineral_only_zero_geo,29,20,0.5,307,new,colorado,Copper,"[0,5)",848,173,3392.0,0.43683031342988926,1456.0,364,119,0.6878612716763006,2848.0,712,164,0.9479768786127167,3108.0,777,168,0.9710982658959537
mineral_only_zero_geo,29,20,0.5,307,new,colorado,Copper,"[5,10)",2173,181,8692.0,0.1937794293869672,224.0,56,14,0.07734806629834254,3288.0,822,117,0.6464088397790055,5324.0,1331,158,0.8729281767955801
mineral_only_zero_geo,29,20,0.5,307,new,colorado,Copper,"[10,20)",7998,288,31992.0,0.09771283038430975,20.0,5,1,0.003472222222222222,2160.0,540,76,0.2638888888888889,7104.0,1776,140,0.4861111111111111
mineral_only_zero_geo,29,20,0.5,307,new,colorado,Copper,"[20,inf)",21581,191,86324.0,0.011129623013534158,0.0,0,0,0.0,204.0,51,0,0.0,1464.0,366,2,0.010471204188481676
mineral_only_zero_geo,29,20,0.5,307,new,colorado,Copper,no_context,9900,6,39600.0,0.0007256126443009716,0.0,0,0,0.0,0.0,0,0,0.0,0.0,0,0,0.0
mineral_only_zero_geo,29,20,1.0,0,inherited,nevada,Gold,"[0,5)",3988,669,15952.0,0.3202100127275031,1596.0,399,146,0.21823617339312407,6796.0,1699,426,0.6367713004484304,10556.0,2639,555,0.8295964125560538
mineral_only_zero_geo,29,20,1.0,0,inherited,nevada,Gold,"[5,10)",9792,763,39168.0,0.13838660093075733,4.0,1,0,0.0,1092.0,273,52,0.06815203145478375,4964.0,1241,192,0.2516382699868938
mineral_only_zero_geo,29,20,1.0,0,inherited,nevada,Gold,"[10,20)",19950,787,79800.0,0.0837076789053925,0.0,0,0,0.0,112.0,28,6,0.007623888182973317,472.0,118,21,0.026683608640406607
mineral_only_zero_geo,29,20,1.0,0,inherited,nevada,Gold,"[20,inf)",6270,129,25080.0,0.04368227167955362,0.0,0,0,0.0,0.0,0,0,0.0,8.0,2,0,0.0
mineral_only_zero_geo,29,20,1.0,0,inherited,nevada,Gold,no_context,0,0,0.0,,0.0,0,0,,0.0,0,0,,0.0,0,0,
mineral_only_zero_geo,29,20,1.0,0,inherited,nevada,Copper,"[0,5)",2486,296,9944.0,0.2005769930992796,1588.0,397,81,0.27364864864864863,5724.0,1431,214,0.722972972972973,7600.0,1900,253,0.8547297297297297
mineral_only_zero_geo,29,20,1.0,0,inherited,nevada,Copper,"[5,10)",7017,353,28068.0,0.08402925576655274,12.0,3,0,0.0,1744.0,436,47,0.13314447592067988,6192.0,1548,135,0.38243626062322944
mineral_only_zero_geo,29,20,1.0,0,inherited,nevada,Copper,"[10,20)",19207,437,76828.0,0.04857719629305834,0.0,0,0,0.0,472.0,118,13,0.029748283752860413,2000.0,500,35,0.08009153318077804
mineral_only_zero_geo,29,20,1.0,0,inherited,nevada,Copper,"[20,inf)",11290,126,45160.0,0.02032433104042483,0.0,0,0,0.0,60.0,15,2,0.015873015873015872,208.0,52,4,0.031746031746031744
mineral_only_zero_geo,29,20,1.0,0,inherited,nevada,Copper,no_context,0,0,0.0,,0.0,0,0,,0.0,0,0,,0.0,0,0,
mineral_only_zero_geo,29,20,1.0,0,inherited,arizona,Gold,"[0,5)",2014,338,8047.172920763493,0.34291361549511284,1564.0,391,129,0.3816568047337278,4896.0,1224,273,0.8076923076923077,6471.360368549824,1620,312,0.9230769230769231
mineral_only_zero_geo,29,20,1.0,0,inherited,arizona,Gold,"[5,10)",4939,408,19742.117837281432,0.19993411414151308,128.0,32,13,0.031862745098039214,2964.0,741,158,0.3872549019607843,7272.409782588482,1819,285,0.6985294117647058
mineral_only_zero_geo,29,20,1.0,0,inherited,arizona,Gold,"[10,20)",12676,355,50653.28364360705,0.08732563462502255,0.0,0,0,0.0,596.0,149,21,0.059154929577464786,3140.0,785,97,0.27323943661971833
mineral_only_zero_geo,29,20,1.0,0,inherited,arizona,Gold,"[20,inf)",11266,68,45052.17188042402,0.02043032837649486,0.0,0,0,0.0,0.0,0,0,0.0,28.0,7,1,0.014705882352941176
mineral_only_zero_geo,29,20,1.0,0,inherited,arizona,Gold,no_context,11400,3,45600.0,0.0004472067984632711,0.0,0,0,0.0,0.0,0,0,0.0,0.0,0,0,0.0
mineral_only_zero_geo,29,20,1.0,0,inherited,arizona,Copper,"[0,5)",2307,376,9219.172920763493,0.31119461639774654,1648.0,412,135,0.35904255319148937,5274.047232329845,1320,277,0.7367021276595744,7155.360368549824,1791,343,0.9122340425531915
mineral_only_zero_geo,29,20,1.0,0,inherited,arizona,Copper,"[5,10)",5590,456,22346.117837281432,0.16682027555894297,44.0,11,6,0.013157894736842105,2572.0,643,114,0.25,6956.409782588482,1740,255,0.5592105263157895
mineral_only_zero_geo,29,20,1.0,0,inherited,arizona,Copper,"[10,20)",13381,416,53486.518010202795,0.07703212982252602,0.0,0,0,0.0,592.0,148,21,0.05048076923076923,2744.0,686,77,0.18509615384615385
mineral_only_zero_geo,29,20,1.0,0,inherited,arizona,Copper,"[20,inf)",13517,62,54042.93751382828,0.020724962537371765,0.0,0,0,0.0,20.0,5,0,0.0,56.0,14,1,0.016129032258064516
mineral_only_zero_geo,29,20,1.0,0,inherited,arizona,Copper,no_context,7500,0,30000.0,,0.0,0,0,,0.0,0,0,,0.0,0,0,
mineral_only_zero_geo,29,20,1.0,0,inherited,colorado,Gold,"[0,5)",2135,457,8540.0,0.5053522888545205,1604.0,401,204,0.44638949671772427,5032.0,1258,382,0.8358862144420132,6908.0,1727,430,0.9409190371991247
mineral_only_zero_geo,29,20,1.0,0,inherited,colorado,Gold,"[5,10)",4942,452,19768.0,0.3032806381497848,96.0,24,13,0.028761061946902654,2652.0,663,201,0.4446902654867257,7096.0,1774,349,0.7721238938053098
mineral_only_zero_geo,29,20,1.0,0,inherited,colorado,Gold,"[10,20)",12043,397,48172.0,0.1534805645550002,0.0,0,0,0.0,812.0,203,63,0.15869017632241814,2932.0,733,141,0.35516372795969775
mineral_only_zero_geo,29,20,1.0,0,inherited,colorado,Gold,"[20,inf)",13380,58,53520.0,0.01656429530949064,0.0,0,0,0.0,4.0,1,0,0.0,64.0,16,1,0.017241379310344827
mineral_only_zero_geo,29,20,1.0,0,inherited,colorado,Gold,no_context,10000,11,40000.0,0.0034086233572291373,0.0,0,0,0.0,0.0,0,0,0.0,0.0,0,0,0.0
mineral_only_zero_geo,29,20,1.0,0,inherited,colorado,Copper,"[0,5)",1404,225,5616.0,0.35639670318412636,1580.0,395,125,0.5555555555555556,4012.0,1003,193,0.8577777777777778,4760.0,1190,213,0.9466666666666667
mineral_only_zero_geo,29,20,1.0,0,inherited,colorado,Copper,"[5,10)",3744,253,14976.0,0.1666407044701726,112.0,28,9,0.03557312252964427,2912.0,728,111,0.43873517786561267,6644.0,1661,184,0.7272727272727273
mineral_only_zero_geo,29,20,1.0,0,inherited,colorado,Copper,"[10,20)",10754,276,43016.0,0.09834564719872256,8.0,2,0,0.0,1464.0,366,54,0.1956521739130435,5032.0,1258,132,0.4782608695652174
mineral_only_zero_geo,29,20,1.0,0,inherited,colorado,Copper,"[20,inf)",19198,82,76792.0,0.0075747171909999545,0.0,0,0,0.0,112.0,28,0,0.0,564.0,141,2,0.024390243902439025
mineral_only_zero_geo,29,20,1.0,0,inherited,colorado,Copper,no_context,7400,3,29600.0,0.0016057708077768448,0.0,0,0,0.0,0.0,0,0,0.0,0.0,0,0,0.0
mineral_only_zero_geo,43,10,0.0,0,new,nevada,Gold,"[0,5)",0,0,0.0,,0.0,0,0,,0.0,0,0,,0.0,0,0,
mineral_only_zero_geo,43,10,0.0,0,new,nevada,Gold,"[5,10)",0,0,0.0,,0.0,0,0,,0.0,0,0,,0.0,0,0,
mineral_only_zero_geo,43,10,0.0,0,new,nevada,Gold,"[10,20)",0,0,0.0,,0.0,0,0,,0.0,0,0,,0.0,0,0,
mineral_only_zero_geo,43,10,0.0,0,new,nevada,Gold,"[20,inf)",0,0,0.0,,0.0,0,0,,0.0,0,0,,0.0,0,0,
mineral_only_zero_geo,43,10,0.0,0,new,nevada,Gold,no_context,40000,2348,160000.0,0.06468571426849942,1600.0,400,32,0.013628620102214651,8000.0,2000,143,0.06090289608177172,16000.0,4000,264,0.11243611584327087
mineral_only_zero_geo,43,10,0.0,0,new,nevada,Copper,"[0,5)",0,0,0.0,,0.0,0,0,,0.0,0,0,,0.0,0,0,
mineral_only_zero_geo,43,10,0.0,0,new,nevada,Copper,"[5,10)",0,0,0.0,,0.0,0,0,,0.0,0,0,,0.0,0,0,
mineral_only_zero_geo,43,10,0.0,0,new,nevada,Copper,"[10,20)",0,0,0.0,,0.0,0,0,,0.0,0,0,,0.0,0,0,
mineral_only_zero_geo,43,10,0.0,0,new,nevada,Copper,"[20,inf)",0,0,0.0,,0.0,0,0,,0.0,0,0,,0.0,0,0,
mineral_only_zero_geo,43,10,0.0,0,new,nevada,Copper,no_context,40000,1212,160000.0,0.03457670694834613,1600.0,400,12,0.009900990099009901,8000.0,2000,84,0.06930693069306931,16000.0,4000,147,0.12128712871287128
mineral_only_zero_geo,43,10,0.0,0,new,arizona,Gold,"[0,5)",0,0,0.0,,0.0,0,0,,0.0,0,0,,0.0,0,0,
mineral_only_zero_geo,43,10,0.0,0,new,arizona,Gold,"[5,10)",0,0,0.0,,0.0,0,0,,0.0,0,0,,0.0,0,0,
mineral_only_zero_geo,43,10,0.0,0,new,arizona,Gold,"[10,20)",0,0,0.0,,0.0,0,0,,0.0,0,0,,0.0,0,0,
mineral_only_zero_geo,43,10,0.0,0,new,arizona,Gold,"[20,inf)",0,0,0.0,,0.0,0,0,,0.0,0,0,,0.0,0,0,
mineral_only_zero_geo,43,10,0.0,0,new,arizona,Gold,no_context,42295,1172,169094.746282076,0.03175412722853908,1691.8837913870811,427,11,0.00938566552901024,8455.935732852668,2119,81,0.06911262798634812,16913.23616590863,4239,154,0.13139931740614336
mineral_only_zero_geo,43,10,0.0,0,new,arizona,Copper,"[0,5)",0,0,0.0,,0.0,0,0,,0.0,0,0,,0.0,0,0,
mineral_only_zero_geo,43,10,0.0,0,new,arizona,Copper,"[5,10)",0,0,0.0,,0.0,0,0,,0.0,0,0,,0.0,0,0,
mineral_only_zero_geo,43,10,0.0,0,new,arizona,Copper,"[10,20)",0,0,0.0,,0.0,0,0,,0.0,0,0,,0.0,0,0,
mineral_only_zero_geo,43,10,0.0,0,new,arizona,Copper,"[20,inf)",0,0,0.0,,0.0,0,0,,0.0,0,0,,0.0,0,0,
mineral_only_zero_geo,43,10,0.0,0,new,arizona,Copper,no_context,42295,1310,169094.746282076,0.035977901060313865,1692.7586207948625,431,16,0.012213740458015267,8457.254666720983,2126,93,0.07099236641221374,16909.736500417348,4243,171,0.13053435114503817
mineral_only_zero_geo,43,10,0.0,0,new,colorado,Gold,"[0,5)",0,0,0.0,,0.0,0,0,,0.0,0,0,,0.0,0,0,
mineral_only_zero_geo,43,10,0.0,0,new,colorado,Gold,"[5,10)",0,0,0.0,,0.0,0,0,,0.0,0,0,,0.0,0,0,
mineral_only_zero_geo,43,10,0.0,0,new,colorado,Gold,"[10,20)",0,0,0.0,,0.0,0,0,,0.0,0,0,,0.0,0,0,
mineral_only_zero_geo,43,10,0.0,0,new,colorado,Gold,"[20,inf)",0,0,0.0,,0.0,0,0,,0.0,0,0,,0.0,0,0,
mineral_only_zero_geo,43,10,0.0,0,new,colorado,Gold,no_context,42500,1375,170000.0,0.03571441149645838,1700.0,425,18,0.01309090909090909,8500.0,2125,94,0.06836363636363636,17000.0,4250,182,0.13236363636363635
mineral_only_zero_geo,43,10,0.0,0,new,colorado,Copper,"[0,5)",0,0,0.0,,0.0,0,0,,0.0,0,0,,0.0,0,0,
mineral_only_zero_geo,43,10,0.0,0,new,colorado,Copper,"[5,10)",0,0,0.0,,0.0,0,0,,0.0,0,0,,0.0,0,0,
mineral_only_zero_geo,43,10,0.0,0,new,colorado,Copper,"[10,20)",0,0,0.0,,0.0,0,0,,0.0,0,0,,0.0,0,0,
mineral_only_zero_geo,43,10,0.0,0,new,colorado,Copper,"[20,inf)",0,0,0.0,,0.0,0,0,,0.0,0,0,,0.0,0,0,
mineral_only_zero_geo,43,10,0.0,0,new,colorado,Copper,no_context,42500,839,170000.0,0.018660810519604703,1700.0,425,9,0.010727056019070322,8500.0,2125,43,0.05125148986889154,17000.0,4250,75,0.08939213349225268
mineral_only_zero_geo,43,10,0.25,101,new,nevada,Gold,"[0,5)",2249,390,8996.0,0.25781233550307703,1584.0,396,112,0.28717948717948716,5424.0,1356,282,0.7230769230769231,7192.0,1798,334,0.8564102564102564
mineral_only_zero_geo,43,10,0.25,101,new,nevada,Gold,"[5,10)",4947,442,19788.0,0.12054803730000811,16.0,4,0,0.0,2428.0,607,83,0.18778280542986425,6992.0,1748,202,0.45701357466063347
mineral_only_zero_geo,43,10,0.25,101,new,nevada,Gold,"[10,20)",11505,666,46020.0,0.07347199940549508,0.0,0,0,0.0,148.0,37,7,0.010510510510510511,1744.0,436,44,0.06606606606606606
mineral_only_zero_geo,43,10,0.25,101,new,nevada,Gold,"[20,inf)",21299,850,85196.0,0.0475481470977964,0.0,0,0,0.0,0.0,0,0,0.0,72.0,18,2,0.002352941176470588
mineral_only_zero_geo,43,10,0.25,101,new,nevada,Gold,no_context,0,0,0.0,,0.0,0,0,,0.0,0,0,,0.0,0,0,
mineral_only_zero_geo,43,10,0.25,101,new,nevada,Copper,"[0,5)",1427,189,5708.0,0.18705417089388415,1556.0,389,76,0.4021164021164021,4180.0,1045,161,0.8518518518518519,4996.0,1249,182,0.9629629629629629
mineral_only_zero_geo,43,10,0.25,101,new,nevada,Copper,"[5,10)",3546,171,14184.0,0.07315611932694745,36.0,9,1,0.005847953216374269,3176.0,794,59,0.34502923976608185,6508.0,1627,95,0.5555555555555556
mineral_only_zero_geo,43,10,0.25,101,new,nevada,Copper,"[10,20)",9217,327,36868.0,0.04253538317567131,0.0,0,0,0.0,504.0,126,9,0.027522935779816515,3300.0,825,37,0.11314984709480122
mineral_only_zero_geo,43,10,0.25,101,new,nevada,Copper,"[20,inf)",25810,525,103240.0,0.025600613109169973,8.0,2,0,0.0,140.0,35,2,0.0038095238095238095,1196.0,299,9,0.017142857142857144
mineral_only_zero_geo,43,10,0.25,101,new,nevada,Copper,no_context,0,0,0.0,,0.0,0,0,,0.0,0,0,,0.0,0,0,
mineral_only_zero_geo,43,10,0.25,101,new,arizona,Gold,"[0,5)",1247,194,4979.172920763493,0.27149338335782236,1560.0,390,93,0.4793814432989691,3601.9192686080933,901,159,0.8195876288659794,4318.047232329845,1081,179,0.9226804123711341
mineral_only_zero_geo,43,10,0.25,101,new,arizona,Gold,"[5,10)",2701,228,10790.117837281432,0.11999229462592073,132.0,33,6,0.02631578947368421,3540.7499046325684,886,106,0.4649122807017544,6555.642187535763,1641,172,0.7543859649122807
mineral_only_zero_geo,43,10,0.25,101,new,arizona,Gold,"[10,20)",6349,358,25371.2179623954,0.06953582251931531,0.0,0,0,0.0,1252.0,313,27,0.07541899441340782,5287.55021584034,1324,89,0.24860335195530725
mineral_only_zero_geo,43,10,0.25,101,new,arizona,Gold,"[20,inf)",18248,389,72954.23756163567,0.026401586070570107,0.0,0,0,0.0,52.0,13,0,0.0,564.0,141,3,0.007712082262210797
mineral_only_zero_geo,43,10,0.25,101,new,arizona,Gold,no_context,13750,3,55000.0,0.0002738428313474696,0.0,0,0,0.0,12.0,3,0,0.0,188.0,47,0,0.0
mineral_only_zero_geo,43,10,0.25,101,new,arizona,Copper,"[0,5)",1415,227,5651.172920763493,0.283641916344638,1584.0,396,92,0.4052863436123348,4239.360368549824,1062,195,0.8590308370044053,5067.360368549824,1269,216,0.9515418502202643
mineral_only_zero_geo,43,10,0.25,101,new,arizona,Copper,"[5,10)",3067,253,12250.350196869578,0.11336821512361682,108.0,27,3,0.011857707509881422,3576.1211871504784,896,97,0.383399209486166,7214.14049658319,1807,173,0.6837944664031621
mineral_only_zero_geo,43,10,0.25,101,new,arizona,Copper,"[10,20)",6964,402,27834.985602807254,0.08254648927959796,0.0,0,0,0.0,628.0,157,20,0.04975124378109453,4171.602157305926,1046,80,0.19900497512437812
mineral_only_zero_geo,43,10,0.25,101,new,arizona,Copper,"[20,inf)",18349,420,73358.23756163567,0.02995556889581793,0.0,0,0,0.0,4.0,1,0,0.0,244.0,61,3,0.007142857142857143
mineral_only_zero_geo,43,10,0.25,101,new,arizona,Copper,no_context,12500,8,50000.0,0.0007635421608386621,0.0,0,0,0.0,8.0,2,0,0.0,216.0,54,0,0.0
mineral_only_zero_geo,43,10,0.25,101,new,colorado,Gold,"[0,5)",1220,284,4880.0,0.4908616912165093,1556.0,389,160,0.5633802816901409,3732.0,933,254,0.8943661971830986,4384.0,1096,274,0.9647887323943662
mineral_only_zero_geo,43,10,0.25,101,new,colorado,Gold,"[5,10)",2569,235,10276.0,0.20489721031821798,144.0,36,16,0.06808510638297872,3436.0,859,133,0.5659574468085107,6224.0,1556,187,0.7957446808510639
mineral_only_zero_geo,43,10,0.25,101,new,colorado,Gold,"[10,20)",6178,378,24712.0,0.09289962289978122,0.0,0,0,0.0,1288.0,322,33,0.0873015873015873,5100.0,1275,110,0.291005291005291
mineral_only_zero_geo,43,10,0.25,101,new,colorado,Gold,"[20,inf)",17533,444,70132.0,0.02549620636006741,0.0,0,0,0.0,40.0,10,0,0.0,1060.0,265,4,0.009009009009009009
mineral_only_zero_geo,43,10,0.25,101,new,colorado,Gold,no_context,15000,34,60000.0,0.002218248012312721,0.0,0,0,0.0,4.0,1,0,0.0,232.0,58,0,0.0
mineral_only_zero_geo,43,10,0.25,101,new,colorado,Copper,"[0,5)",763,130,3052.0,0.37766357536211537,1432.0,358,102,0.7846153846153846,2716.0,679,127,0.9769230769230769,2896.0,724,130,1.0
mineral_only_zero_geo,43,10,0.25,101,new,colorado,Copper,"[5,10)",1778,101,7112.0,0.1353077509196944,264.0,66,10,0.09900990099009901,3160.0,790,66,0.6534653465346535,5064.0,1266,85,0.8415841584158416
mineral_only_zero_geo,43,10,0.25,101,new,colorado,Copper,"[10,20)",4506,230,18024.0,0.0600586014790899,4.0,1,0,0.0,1760.0,440,23,0.1,5056.0,1264,71,0.30869565217391304
mineral_only_zero_geo,43,10,0.25,101,new,colorado,Copper,"[20,inf)",21703,351,86812.0,0.022342734986313367,0.0,0,0,0.0,800.0,200,5,0.014245014245014245,3560.0,890,14,0.039886039886039885
mineral_only_zero_geo,43,10,0.25,101,new,colorado,Copper,no_context,13750,27,55000.0,0.0021213282729671203,0.0,0,0,0.0,64.0,16,0,0.0,424.0,106,0,0.0
mineral_only_zero_geo,43,10,0.25,211,new,nevada,Gold,"[0,5)",2219,364,8876.0,0.2758527062743428,1572.0,393,119,0.3269230769230769,5268.0,1317,285,0.782967032967033,6968.0,1742,326,0.8956043956043956
mineral_only_zero_geo,43,10,0.25,211,new,nevada,Gold,"[5,10)",4898,407,19592.0,0.11522349402581221,28.0,7,1,0.002457002457002457,2496.0,624,89,0.21867321867321868,6724.0,1681,195,0.47911547911547914
mineral_only_zero_geo,43,10,0.25,211,new,nevada,Gold,"[10,20)",11000,659,44000.0,0.0742015822782178,0.0,0,0,0.0,212.0,53,4,0.006069802731411229,2172.0,543,44,0.06676783004552352
mineral_only_zero_geo,43,10,0.25,211,new,nevada,Gold,"[20,inf)",20633,862,82532.0,0.050635821390417286,0.0,0,0,0.0,24.0,6,0,0.0,128.0,32,2,0.002320185614849188
mineral_only_zero_geo,43,10,0.25,211,new,nevada,Gold,no_context,1250,56,5000.0,0.03210476879787042,0.0,0,0,0.0,0.0,0,0,0.0,8.0,2,0,0.0
mineral_only_zero_geo,43,10,0.25,211,new,nevada,Copper,"[0,5)",1389,158,5556.0,0.18903391242274667,1564.0,391,81,0.5126582278481012,4112.0,1028,138,0.8734177215189873,4860.0,1215,150,0.9493670886075949
mineral_only_zero_geo,43,10,0.25,211,new,nevada,Copper,"[5,10)",3498,172,13992.0,0.08625631834693431,36.0,9,3,0.01744186046511628,3008.0,752,58,0.3372093023255814,6144.0,1536,105,0.6104651162790697
mineral_only_zero_geo,43,10,0.25,211,new,nevada,Copper,"[10,20)",8696,333,34784.0,0.041946021102038225,0.0,0,0,0.0,624.0,156,8,0.024024024024024024,3676.0,919,42,0.12612612612612611
mineral_only_zero_geo,43,10,0.25,211,new,nevada,Copper,"[20,inf)",25167,526,100668.0,0.023239749095287268,0.0,0,0,0.0,196.0,49,2,0.0038022813688212928,1180.0,295,10,0.019011406844106463
mineral_only_zero_geo,43,10,0.25,211,new,nevada,Copper,no_context,1250,23,5000.0,0.056453650676588876,0.0,0,0,0.0,60.0,15,3,0.13043478260869565,140.0,35,3,0.13043478260869565
mineral_only_zero_geo,43,10,0.25,211,new,arizona,Gold,"[0,5)",1161,188,4644.0,0.3293804601963839,1540.0,385,101,0.5372340425531915,3312.0,828,151,0.8031914893617021,3924.0,981,166,0.8829787234042553
mineral_only_zero_geo,43,10,0.25,211,new,arizona,Gold,"[5,10)",2485,190,9940.0,0.10631717422263401,152.0,38,8,0.042105263157894736,3440.0,860,87,0.45789473684210524,5960.0,1490,129,0.6789473684210526
mineral_only_zero_geo,43,10,0.25,211,new,arizona,Gold,"[10,20)",5948,328,23777.063062746078,0.06417096080292789,0.0,0,0,0.0,1544.0,386,25,0.07621951219512195,5723.488238811493,1431,99,0.3018292682926829
mineral_only_zero_geo,43,10,0.25,211,new,arizona,Gold,"[20,inf)",20201,463,80733.68321932992,0.030424939668753415,0.0,0,0,0.0,156.0,39,1,0.0021598272138228943,1060.0,265,7,0.01511879049676026
mineral_only_zero_geo,43,10,0.25,211,new,arizona,Gold,no_context,12500,3,50000.0,0.0008331186810668199,0.0,0,0,0.0,4.0,1,0,0.0,244.0,61,0,0.0
mineral_only_zero_geo,43,10,0.25,211,new,arizona,Copper,"[0,5)",1242,197,4968.0,0.3003618380473032,1588.0,397,106,0.5380710659898477,3768.0,942,171,0.868020304568528,4496.0,1124,188,0.9543147208121827
mineral_only_zero_geo,43,10,0.25,211,new,arizona,Copper,"[5,10)",2807,227,11228.0,0.10272939258463924,104.0,26,4,0.01762114537444934,3632.0,908,95,0.4185022026431718,6816.0,1704,163,0.7180616740088106
mineral_only_zero_geo,43,10,0.25,211,new,arizona,Copper,"[10,20)",6925,360,27685.063062746078,0.06197815845441828,0.0,0,0,0.0,960.0,240,15,0.041666666666666664,4891.488238811493,1223,76,0.2111111111111111
mineral_only_zero_geo,43,10,0.25,211,new,arizona,Copper,"[20,inf)",20071,519,80213.68321932992,0.04001708749728006,0.0,0,0,0.0,96.0,24,3,0.005780346820809248,564.0,141,10,0.019267822736030827
mineral_only_zero_geo,43,10,0.25,211,new,arizona,Copper,no_context,11250,7,45000.0,0.0005813886683929023,0.0,0,0,0.0,0.0,0,0,0.0,144.0,36,0,0.0
mineral_only_zero_geo,43,10,0.25,211,new,colorado,Gold,"[0,5)",1238,315,4952.0,0.4923039280297362,1540.0,385,178,0.5650793650793651,3892.0,973,280,0.8888888888888888,4472.0,1118,300,0.9523809523809523
mineral_only_zero_geo,43,10,0.25,211,new,colorado,Gold,"[5,10)",2406,297,9624.0,0.2200262670374312,156.0,39,16,0.05387205387205387,3332.0,833,159,0.5353535353535354,5972.0,1493,221,0.7441077441077442
mineral_only_zero_geo,43,10,0.25,211,new,colorado,Gold,"[10,20)",5517,414,22068.0,0.11534640229772361,4.0,1,1,0.0024154589371980675,1164.0,291,33,0.07971014492753623,4628.0,1157,128,0.30917874396135264
mineral_only_zero_geo,43,10,0.25,211,new,colorado,Gold,"[20,inf)",15839,309,63356.0,0.02839862252339795,0.0,0,0,0.0,16.0,4,0,0.0,1524.0,381,9,0.02912621359223301
mineral_only_zero_geo,43,10,0.25,211,new,colorado,Gold,no_context,17500,40,70000.0,0.002765858087514254,0.0,0,0,0.0,96.0,24,0,0.0,404.0,101,0,0.0
mineral_only_zero_geo,43,10,0.25,211,new,colorado,Copper,"[0,5)",824,168,3296.0,0.35722867939648484,1452.0,363,105,0.625,2824.0,706,159,0.9464285714285714,3124.0,781,166,0.9880952380952381
mineral_only_zero_geo,43,10,0.25,211,new,colorado,Copper,"[5,10)",1877,143,7508.0,0.1855307591061241,236.0,59,24,0.16783216783216784,3340.0,835,92,0.6433566433566433,5304.0,1326,122,0.8531468531468531
mineral_only_zero_geo,43,10,0.25,211,new,colorado,Copper,"[10,20)",4738,237,18952.0,0.07516154731837968,12.0,3,3,0.012658227848101266,1864.0,466,27,0.11392405063291139,5384.0,1346,85,0.35864978902953587
mineral_only_zero_geo,43,10,0.25,211,new,colorado,Copper,"[20,inf)",18811,274,75244.0,0.01946788173278821,0.0,0,0,0.0,424.0,106,1,0.0036496350364963502,2760.0,690,9,0.032846715328467155
mineral_only_zero_geo,43,10,0.25,211,new,colorado,Copper,no_context,16250,17,65000.0,0.0013713055795147784,0.0,0,0,0.0,48.0,12,0,0.0,428.0,107,0,0.0
mineral_only_zero_geo,43,10,0.25,307,new,nevada,Gold,"[0,5)",2225,391,8900.0,0.29501448419393955,1572.0,393,116,0.2966751918158568,5436.0,1359,298,0.7621483375959079,7152.0,1788,350,0.8951406649616368
mineral_only_zero_geo,43,10,0.25,307,new,nevada,Gold,"[5,10)",5003,409,20012.0,0.1153173763008642,28.0,7,2,0.004889975550122249,2408.0,602,77,0.1882640586797066,6928.0,1732,192,0.46943765281173594
mineral_only_zero_geo,43,10,0.25,307,new,nevada,Gold,"[10,20)",10999,594,43996.0,0.06731763280630788,0.0,0,0,0.0,156.0,39,6,0.010101010101010102,1804.0,451,40,0.06734006734006734
mineral_only_zero_geo,43,10,0.25,307,new,nevada,Gold,"[20,inf)",21773,954,87092.0,0.05668018002497766,0.0,0,0,0.0,0.0,0,0,0.0,116.0,29,0,0.0
mineral_only_zero_geo,43,10,0.25,307,new,nevada,Gold,no_context,0,0,0.0,,0.0,0,0,,0.0,0,0,,0.0,0,0,
mineral_only_zero_geo,43,10,0.25,307,new,nevada,Copper,"[0,5)",1336,189,5344.0,0.2626879970487587,1544.0,386,94,0.4973544973544973,3944.0,986,167,0.8835978835978836,4668.0,1167,182,0.9629629629629629
mineral_only_zero_geo,43,10,0.25,307,new,nevada,Copper,"[5,10)",3588,192,14352.0,0.09663096863563936,56.0,14,5,0.026041666666666668,3320.0,830,67,0.3489583333333333,6504.0,1626,108,0.5625
mineral_only_zero_geo,43,10,0.25,307,new,nevada,Copper,"[10,20)",8860,255,35440.0,0.0347551019701595,0.0,0,0,0.0,572.0,143,5,0.0196078431372549,3628.0,907,32,0.12549019607843137
mineral_only_zero_geo,43,10,0.25,307,new,nevada,Copper,"[20,inf)",23716,531,94864.0,0.026352386043398793,0.0,0,0,0.0,136.0,34,0,0.0,1028.0,257,5,0.009416195856873822
mineral_only_zero_geo,43,10,0.25,307,new,nevada,Copper,no_context,2500,45,10000.0,0.04737136613558774,0.0,0,0,0.0,28.0,7,2,0.044444444444444446,172.0,43,2,0.044444444444444446
mineral_only_zero_geo,43,10,0.25,307,new,arizona,Gold,"[0,5)",1084,163,4336.0,0.26060237591994967,1448.0,362,78,0.4785276073619632,3172.0,793,143,0.8773006134969326,3828.0,957,156,0.9570552147239264
mineral_only_zero_geo,43,10,0.25,307,new,arizona,Gold,"[5,10)",2448,229,9791.488238811493,0.13534661175722534,240.0,60,14,0.0611353711790393,3536.0,884,103,0.4497816593886463,6144.0,1536,158,0.6899563318777293
mineral_only_zero_geo,43,10,0.25,307,new,arizona,Gold,"[10,20)",5751,363,22993.076178561896,0.10264724869184061,4.0,1,0,0.0,1584.0,396,56,0.15426997245179064,5534.6941945664585,1386,132,0.36363636363636365
mineral_only_zero_geo,43,10,0.25,307,new,arizona,Gold,"[20,inf)",19262,414,76974.18186470261,0.031012045435662498,0.0,0,0,0.0,148.0,37,1,0.0024154589371980675,1192.0,298,10,0.024154589371980676
mineral_only_zero_geo,43,10,0.25,307,new,arizona,Gold,no_context,13750,3,55000.0,0.0022703885731838423,0.0,0,0,0.0,16.0,4,0,0.0,212.0,53,0,0.0
mineral_only_zero_geo,43,10,0.25,307,new,arizona,Copper,"[0,5)",1196,192,4784.0,0.2642390824120908,1556.0,389,93,0.484375,3728.0,932,167,0.8697916666666666,4376.0,1094,183,0.953125
mineral_only_zero_geo,43,10,0.25,307,new,arizona,Copper,"[5,10)",2727,241,10907.488238811493,0.14050180832791795,132.0,33,9,0.03734439834024896,3720.0,930,108,0.44813278008298757,6836.0,1709,169,0.7012448132780082
mineral_only_zero_geo,43,10,0.25,307,new,arizona,Copper,"[10,20)",6238,370,24941.076178561896,0.09260705148059412,4.0,1,0,0.0,836.0,209,33,0.0891891891891892,4634.6941945664585,1161,106,0.2864864864864865
mineral_only_zero_geo,43,10,0.25,307,new,arizona,Copper,"[20,inf)",18384,474,73462.18186470261,0.0387271401742806,0.0,0,0,0.0,108.0,27,2,0.004219409282700422,684.0,171,9,0.0189873417721519
mineral_only_zero_geo,43,10,0.25,307,new,arizona,Copper,no_context,13750,33,55000.0,0.002596624507959624,0.0,0,0,0.0,64.0,16,0,0.0,380.0,95,0,0.0
mineral_only_zero_geo,43,10,0.25,307,new,colorado,Gold,"[0,5)",1143,232,4572.0,0.39326104962395175,1544.0,386,123,0.5301724137931034,3536.0,884,204,0.8793103448275862,4152.0,1038,222,0.9568965517241379
mineral_only_zero_geo,43,10,0.25,307,new,colorado,Gold,"[5,10)",2493,231,9972.0,0.17861396034163388,156.0,39,12,0.05194805194805195,3544.0,886,126,0.5454545454545454,6420.0,1605,177,0.7662337662337663
mineral_only_zero_geo,43,10,0.25,307,new,colorado,Gold,"[10,20)",5817,369,23268.0,0.07046230499505735,0.0,0,0,0.0,1356.0,339,26,0.07046070460704607,5364.0,1341,86,0.23306233062330622
mineral_only_zero_geo,43,10,0.25,307,new,colorado,Gold,"[20,inf)",18047,518,72188.0,0.036313319272830887,0.0,0,0,0.0,36.0,9,1,0.0019305019305019305,584.0,146,1,0.0019305019305019305
mineral_only_zero_geo,43,10,0.25,307,new,colorado,Gold,no_context,15000,25,60000.0,0.002047349739080818,0.0,0,0,0.0,28.0,7,0,0.0,480.0,120,0,0.0
mineral_only_zero_geo,43,10,0.25,307,new,colorado,Copper,"[0,5)",708,103,2832.0,0.24718061027009483,1308.0,327,67,0.6504854368932039,2376.0,594,93,0.9029126213592233,2640.0,660,98,0.9514563106796117
mineral_only_zero_geo,43,10,0.25,307,new,colorado,Copper,"[5,10)",1885,94,7540.0,0.08273130573771278,356.0,89,9,0.09574468085106383,3260.0,815,58,0.6170212765957447,5308.0,1327,72,0.7659574468085106
mineral_only_zero_geo,43,10,0.25,307,new,colorado,Copper,"[10,20)",4809,190,19236.0,0.03982112371282494,4.0,1,0,0.0,2172.0,543,19,0.1,5800.0,1450,55,0.2894736842105263
mineral_only_zero_geo,43,10,0.25,307,new,colorado,Copper,"[20,inf)",20098,417,80392.0,0.02731159191522677,32.0,8,1,0.002398081534772182,508.0,127,7,0.016786570743405275,2504.0,626,15,0.03597122302158273
mineral_only_zero_geo,43,10,0.25,307,new,colorado,Copper,no_context,15000,35,60000.0,0.008222033841833972,0.0,0,0,0.0,184.0,46,0,0.0,748.0,187,0,0.0
mineral_only_zero_geo,43,10,0.5,101,new,nevada,Gold,"[0,5)",4348,735,17392.0,0.3087897665755701,1600.0,400,156,0.21224489795918366,7140.0,1785,464,0.6312925170068027,11496.0,2874,601,0.817687074829932
mineral_only_zero_geo,43,10,0.5,101,new,nevada,Gold,"[5,10)",8665,670,34660.0,0.13473795785714207,0.0,0,0,0.0,852.0,213,45,0.06716417910447761,4136.0,1034,162,0.2417910447761194
mineral_only_zero_geo,43,10,0.5,101,new,nevada,Gold,"[10,20)",13910,574,55640.0,0.06543357772342986,0.0,0,0,0.0,8.0,2,0,0.0,368.0,92,16,0.027874564459930314
mineral_only_zero_geo,43,10,0.5,101,new,nevada,Gold,"[20,inf)",13077,369,52308.0,0.039239134579061266,0.0,0,0,0.0,0.0,0,0,0.0,0.0,0,0,0.0
mineral_only_zero_geo,43,10,0.5,101,new,nevada,Gold,no_context,0,0,0.0,,0.0,0,0,,0.0,0,0,,0.0,0,0,
mineral_only_zero_geo,43,10,0.5,101,new,nevada,Copper,"[0,5)",2597,330,10388.0,0.22571970336035205,1592.0,398,97,0.29393939393939394,6248.0,1562,262,0.793939393939394,8376.0,2094,302,0.9151515151515152
mineral_only_zero_geo,43,10,0.5,101,new,nevada,Copper,"[5,10)",6039,268,24156.0,0.07005345460977482,8.0,2,1,0.0037313432835820895,1572.0,393,32,0.11940298507462686,5760.0,1440,92,0.34328358208955223
mineral_only_zero_geo,43,10,0.5,101,new,nevada,Copper,"[10,20)",12469,340,49876.0,0.03648916345249908,0.0,0,0,0.0,80.0,20,1,0.0029411764705882353,1316.0,329,14,0.041176470588235294
mineral_only_zero_geo,43,10,0.5,101,new,nevada,Copper,"[20,inf)",18895,274,75580.0,0.01879360090250563,0.0,0,0,0.0,100.0,25,1,0.0036496350364963502,548.0,137,1,0.0036496350364963502
mineral_only_zero_geo,43,10,0.5,101,new,nevada,Copper,no_context,0,0,0.0,,0.0,0,0,,0.0,0,0,,0.0,0,0,
mineral_only_zero_geo,43,10,0.5,101,new,arizona,Gold,"[0,5)",2307,367,9215.194419384003,0.2780315152881259,1640.0,410,119,0.3242506811989101,5420.0,1355,274,0.7465940054495913,7318.047232329845,1831,335,0.9128065395095368
mineral_only_zero_geo,43,10,0.5,101,new,arizona,Gold,"[5,10)",4721,369,18863.386983962264,0.1539848996672421,52.0,13,4,0.01084010840108401,2536.0,634,112,0.3035230352303523,6576.0,1644,210,0.5691056910569106
mineral_only_zero_geo,43,10,0.5,101,new,arizona,Gold,"[10,20)",8635,298,34525.92731709406,0.0704382478086127,0.0,0,0,0.0,500.0,125,18,0.06040268456375839,2784.0,696,61,0.20469798657718122
mineral_only_zero_geo,43,10,0.5,101,new,arizona,Gold,"[20,inf)",12882,135,51490.23756163567,0.018927144246920675,0.0,0,0,0.0,0.0,0,0,0.0,232.0,58,2,0.014814814814814815
mineral_only_zero_geo,43,10,0.5,101,new,arizona,Gold,no_context,13750,3,55000.0,0.0005511517023553679,0.0,0,0,0.0,0.0,0,0,0.0,0.0,0,0,0.0
mineral_only_zero_geo,43,10,0.5,101,new,arizona,Copper,"[0,5)",2798,457,11183.172920763493,0.30436720646163745,1664.0,416,133,0.2910284463894967,6316.0,1579,346,0.7571115973741794,8903.360368549824,2228,417,0.912472647702407
mineral_only_zero_geo,43,10,0.5,101,new,arizona,Copper,"[5,10)",5407,399,21610.35019686958,0.14939785144103085,28.0,7,3,0.007518796992481203,2060.0,515,92,0.23057644110275688,6765.15968722105,1693,204,0.5112781954887218
mineral_only_zero_geo,43,10,0.5,101,new,arizona,Copper,"[10,20)",9299,288,37174.98560280725,0.06792216005798848,0.0,0,0,0.0,80.0,20,1,0.003472222222222222,1224.0,306,37,0.1284722222222222
mineral_only_zero_geo,43,10,0.5,101,new,arizona,Copper,"[20,inf)",14791,159,59126.23756163567,0.024274390096813342,0.0,0,0,0.0,0.0,0,0,0.0,16.0,4,0,0.0
mineral_only_zero_geo,43,10,0.5,101,new,arizona,Copper,no_context,10000,7,40000.0,0.0008047527879177675,0.0,0,0,0.0,0.0,0,0,0.0,4.0,1,0,0.0
mineral_only_zero_geo,43,10,0.5,101,new,colorado,Gold,"[0,5)",2313,497,9252.0,0.4640644454370577,1656.0,414,214,0.4305835010060362,5840.0,1460,419,0.8430583501006036,7804.0,1951,472,0.9496981891348089
mineral_only_zero_geo,43,10,0.5,101,new,colorado,Gold,"[5,10)",4568,382,18272.0,0.25273077460599697,44.0,11,10,0.02617801047120419,2224.0,556,125,0.32722513089005234,6536.0,1634,254,0.6649214659685864
mineral_only_zero_geo,43,10,0.5,101,new,colorado,Gold,"[10,20)",8245,341,32980.0,0.08328298749129123,0.0,0,0,0.0,428.0,107,16,0.0469208211143695,2404.0,601,56,0.16422287390029325
mineral_only_zero_geo,43,10,0.5,101,new,colorado,Gold,"[20,inf)",14874,150,59496.0,0.01696863090145288,0.0,0,0,0.0,8.0,2,0,0.0,256.0,64,1,0.006666666666666667
mineral_only_zero_geo,43,10,0.5,101,new,colorado,Gold,no_context,12500,5,50000.0,0.00042798940974235754,0.0,0,0,0.0,0.0,0,0,0.0,0.0,0,0,0.0
mineral_only_zero_geo,43,10,0.5,101,new,colorado,Copper,"[0,5)",1577,252,6308.0,0.3285282559930934,1608.0,402,132,0.5238095238095238,4744.0,1186,227,0.9007936507936508,5688.0,1422,242,0.9603174603174603
mineral_only_zero_geo,43,10,0.5,101,new,colorado,Copper,"[5,10)",3375,215,13500.0,0.1453437011248154,92.0,23,8,0.037209302325581395,3004.0,751,96,0.44651162790697674,6548.0,1637,157,0.7302325581395349
mineral_only_zero_geo,43,10,0.5,101,new,colorado,Copper,"[10,20)",6588,224,26352.0,0.05751035839712988,0.0,0,0,0.0,668.0,167,17,0.07589285714285714,3620.0,905,55,0.24553571428571427
mineral_only_zero_geo,43,10,0.5,101,new,colorado,Copper,"[20,inf)",19710,140,78840.0,0.023740785287253294,0.0,0,0,0.0,84.0,21,2,0.014285714285714285,1140.0,285,5,0.03571428571428571
mineral_only_zero_geo,43,10,0.5,101,new,colorado,Copper,no_context,11250,8,45000.0,0.0029522035431475565,0.0,0,0,0.0,0.0,0,0,0.0,4.0,1,0,0.0
mineral_only_zero_geo,43,10,0.5,211,new,nevada,Gold,"[0,5)",4236,729,16944.0,0.31876718418050937,1600.0,400,162,0.2222222222222222,7008.0,1752,448,0.6145404663923183,11168.0,2792,598,0.8203017832647462
mineral_only_zero_geo,43,10,0.5,211,new,nevada,Gold,"[5,10)",8480,673,33920.0,0.12519600653850718,0.0,0,0,0.0,972.0,243,44,0.06537890044576523,4532.0,1133,160,0.237741456166419
mineral_only_zero_geo,43,10,0.5,211,new,nevada,Gold,"[10,20)",13930,568,55720.0,0.08434603762550767,0.0,0,0,0.0,12.0,3,0,0.0,288.0,72,11,0.01936619718309859
mineral_only_zero_geo,43,10,0.5,211,new,nevada,Gold,"[20,inf)",13354,378,53416.0,0.03920171469282597,0.0,0,0,0.0,8.0,2,0,0.0,12.0,3,0,0.0
mineral_only_zero_geo,43,10,0.5,211,new,nevada,Gold,no_context,0,0,0.0,,0.0,0,0,,0.0,0,0,,0.0,0,0,
mineral_only_zero_geo,43,10,0.5,211,new,nevada,Copper,"[0,5)",2663,316,10652.0,0.21637501517821736,1584.0,396,95,0.30063291139240506,6292.0,1573,250,0.7911392405063291,8496.0,2124,297,0.939873417721519
mineral_only_zero_geo,43,10,0.5,211,new,nevada,Copper,"[5,10)",6235,294,24940.0,0.08186139823097811,16.0,4,2,0.006802721088435374,1544.0,386,34,0.11564625850340136,6004.0,1501,118,0.4013605442176871
mineral_only_zero_geo,43,10,0.5,211,new,nevada,Copper,"[10,20)",12087,317,48348.0,0.03625504930746042,0.0,0,0,0.0,104.0,26,0,0.0,1168.0,292,12,0.03785488958990536
mineral_only_zero_geo,43,10,0.5,211,new,nevada,Copper,"[20,inf)",17765,262,71060.0,0.029020236628772858,0.0,0,0,0.0,56.0,14,1,0.003816793893129771,296.0,74,5,0.019083969465648856
mineral_only_zero_geo,43,10,0.5,211,new,nevada,Copper,no_context,1250,23,5000.0,0.041947781703330224,0.0,0,0,0.0,4.0,1,0,0.0,36.0,9,0,0.0
mineral_only_zero_geo,43,10,0.5,211,new,arizona,Gold,"[0,5)",2144,378,8563.194419384003,0.37055185829925763,1652.0,413,151,0.3994708994708995,5368.0,1342,297,0.7857142857142857,6949.757845103741,1739,348,0.9206349206349206
mineral_only_zero_geo,43,10,0.5,211,new,arizona,Gold,"[5,10)",4303,338,17191.386983962264,0.15342668923426975,40.0,10,3,0.008875739644970414,2520.0,630,105,0.3106508875739645,6596.0,1649,215,0.636094674556213
mineral_only_zero_geo,43,10,0.5,211,new,arizona,Gold,"[10,20)",8121,271,32456.280509967357,0.07217369656664782,0.0,0,0,0.0,552.0,138,10,0.03690036900369004,2948.0,737,66,0.24354243542435425
mineral_only_zero_geo,43,10,0.5,211,new,arizona,Gold,"[20,inf)",16477,182,65883.88436876237,0.02190351467118877,0.0,0,0,0.0,16.0,4,0,0.0,416.0,104,3,0.016483516483516484
mineral_only_zero_geo,43,10,0.5,211,new,arizona,Gold,no_context,11250,3,45000.0,0.0029154239714549043,0.0,0,0,0.0,0.0,0,0,0.0,0.0,0,0,0.0
mineral_only_zero_geo,43,10,0.5,211,new,arizona,Copper,"[0,5)",2485,446,9931.172920763493,0.3426596088094345,1676.0,419,150,0.336322869955157,5952.0,1488,360,0.8071748878923767,8123.360368549824,2033,418,0.9372197309417041
mineral_only_zero_geo,43,10,0.5,211,new,arizona,Copper,"[5,10)",5068,371,20258.117837281432,0.12574103707963438,16.0,4,0,0.0,2368.0,592,93,0.25067385444743934,7057.15968722105,1766,210,0.5660377358490566
mineral_only_zero_geo,43,10,0.5,211,new,arizona,Copper,"[10,20)",9280,314,37093.80400433019,0.06891882456960156,0.0,0,0,0.0,124.0,31,4,0.012738853503184714,1592.0,398,35,0.11146496815286625
mineral_only_zero_geo,43,10,0.5,211,new,arizona,Copper,"[20,inf)",16712,173,66811.65151970088,0.030342616068093218,0.0,0,0,0.0,12.0,3,0,0.0,136.0,34,2,0.011560693641618497
mineral_only_zero_geo,43,10,0.5,211,new,arizona,Copper,no_context,8750,6,35000.0,0.0010057953185806275,0.0,0,0,0.0,0.0,0,0,0.0,4.0,1,0,0.0
mineral_only_zero_geo,43,10,0.5,211,new,colorado,Gold,"[0,5)",2134,483,8536.0,0.4986421906936189,1652.0,413,209,0.432712215320911,5608.0,1402,414,0.8571428571428571,7112.0,1778,450,0.9316770186335404
mineral_only_zero_geo,43,10,0.5,211,new,colorado,Gold,"[5,10)",4363,423,17452.0,0.23234552936891764,48.0,12,8,0.018912529550827423,2500.0,625,138,0.3262411347517731,6508.0,1627,279,0.6595744680851063
mineral_only_zero_geo,43,10,0.5,211,new,colorado,Gold,"[10,20)",8458,338,33832.0,0.09820859463515569,0.0,0,0,0.0,288.0,72,9,0.026627218934911243,2344.0,586,83,0.2455621301775148
mineral_only_zero_geo,43,10,0.5,211,new,colorado,Gold,"[20,inf)",16295,128,65180.0,0.013716599276534933,0.0,0,0,0.0,104.0,26,0,0.0,1036.0,259,7,0.0546875
mineral_only_zero_geo,43,10,0.5,211,new,colorado,Gold,no_context,11250,3,45000.0,0.0006375392375678984,0.0,0,0,0.0,0.0,0,0,0.0,0.0,0,0,0.0
mineral_only_zero_geo,43,10,0.5,211,new,colorado,Copper,"[0,5)",1448,261,5792.0,0.36246166883817366,1588.0,397,136,0.5210727969348659,4264.0,1066,236,0.9042145593869731,5104.0,1276,254,0.9731800766283525
mineral_only_zero_geo,43,10,0.5,211,new,colorado,Copper,"[5,10)",3387,224,13548.0,0.17693328949235076,112.0,28,14,0.0625,3224.0,806,101,0.45089285714285715,6500.0,1625,169,0.7544642857142857
mineral_only_zero_geo,43,10,0.5,211,new,colorado,Copper,"[10,20)",7468,235,29872.0,0.048038330330983404,0.0,0,0,0.0,748.0,187,7,0.029787234042553193,3416.0,854,53,0.225531914893617
mineral_only_zero_geo,43,10,0.5,211,new,colorado,Copper,"[20,inf)",20197,112,80788.0,0.020970004417313327,0.0,0,0,0.0,264.0,66,4,0.03571428571428571,1952.0,488,8,0.07142857142857142
mineral_only_zero_geo,43,10,0.5,211,new,colorado,Copper,no_context,10000,7,40000.0,0.0036590426114501153,0.0,0,0,0.0,0.0,0,0,0.0,28.0,7,0,0.0
mineral_only_zero_geo,43,10,0.5,307,new,nevada,Gold,"[0,5)",4609,738,18436.0,0.29174103069947943,1592.0,398,148,0.2005420054200542,7100.0,1775,446,0.6043360433604336,11596.0,2899,601,0.8143631436314364
mineral_only_zero_geo,43,10,0.5,307,new,nevada,Gold,"[5,10)",8840,623,35360.0,0.11288340651071027,8.0,2,0,0.0,884.0,221,39,0.06260032102728733,4088.0,1022,127,0.20385232744783308
mineral_only_zero_geo,43,10,0.5,307,new,nevada,Gold,"[10,20)",14077,634,56308.0,0.0694787283223248,0.0,0,0,0.0,16.0,4,0,0.0,316.0,79,6,0.00946372239747634
mineral_only_zero_geo,43,10,0.5,307,new,nevada,Gold,"[20,inf)",12474,353,49896.0,0.040380369401390934,0.0,0,0,0.0,0.0,0,0,0.0,0.0,0,0,0.0
mineral_only_zero_geo,43,10,0.5,307,new,nevada,Gold,no_context,0,0,0.0,,0.0,0,0,,0.0,0,0,,0.0,0,0,
mineral_only_zero_geo,43,10,0.5,307,new,nevada,Copper,"[0,5)",2752,346,11008.0,0.22262828221769754,1584.0,396,104,0.30057803468208094,6344.0,1586,263,0.7601156069364162,8612.0,2153,309,0.8930635838150289
mineral_only_zero_geo,43,10,0.5,307,new,nevada,Copper,"[5,10)",6513,281,26052.0,0.07647955906453259,16.0,4,1,0.0035587188612099642,1536.0,384,35,0.12455516014234876,6008.0,1502,108,0.38434163701067614
mineral_only_zero_geo,43,10,0.5,307,new,nevada,Copper,"[10,20)",12719,328,50876.0,0.03397673240104275,0.0,0,0,0.0,96.0,24,1,0.003048780487804878,1092.0,273,13,0.039634146341463415
mineral_only_zero_geo,43,10,0.5,307,new,nevada,Copper,"[20,inf)",18016,257,72064.0,0.026061284444077955,0.0,0,0,0.0,24.0,6,1,0.0038910505836575876,288.0,72,3,0.011673151750972763
mineral_only_zero_geo,43,10,0.5,307,new,nevada,Copper,no_context,0,0,0.0,,0.0,0,0,,0.0,0,0,,0.0,0,0,
mineral_only_zero_geo,43,10,0.5,307,new,arizona,Gold,"[0,5)",2183,373,8723.172920763493,0.313986013203394,1652.0,413,136,0.3646112600536193,5376.0,1344,288,0.7721179624664879,7154.047232329845,1790,341,0.9142091152815014
mineral_only_zero_geo,43,10,0.5,307,new,arizona,Gold,"[5,10)",4464,355,17842.117837281432,0.17108466104104694,40.0,10,3,0.008450704225352112,2600.0,650,124,0.3492957746478873,6780.0,1695,225,0.6338028169014085
mineral_only_zero_geo,43,10,0.5,307,new,arizona,Gold,"[10,20)",7990,276,31933.804004330188,0.08476025071438657,0.0,0,0,0.0,448.0,112,11,0.03985507246376811,2556.0,639,68,0.2463768115942029
mineral_only_zero_geo,43,10,0.5,307,new,arizona,Gold,"[20,inf)",13908,165,55595.651519700885,0.01888980781627409,0.0,0,0,0.0,32.0,8,0,0.0,420.0,105,5,0.030303030303030304
mineral_only_zero_geo,43,10,0.5,307,new,arizona,Gold,no_context,13750,3,55000.0,0.001836969925045127,0.0,0,0,0.0,0.0,0,0,0.0,0.0,0,0,0.0
mineral_only_zero_geo,43,10,0.5,307,new,arizona,Copper,"[0,5)",2438,434,9743.172920763493,0.328531620005489,1660.0,415,140,0.3225806451612903,5880.0,1470,331,0.7626728110599078,8163.360368549824,2043,402,0.9262672811059908
mineral_only_zero_geo,43,10,0.5,307,new,arizona,Copper,"[5,10)",5034,394,20122.117837281432,0.13657015255947305,32.0,8,4,0.01015228426395939,2352.0,588,91,0.23096446700507614,7189.15968722105,1799,210,0.5329949238578681
mineral_only_zero_geo,43,10,0.5,307,new,arizona,Copper,"[10,20)",8856,296,35397.80400433019,0.07380819566765924,0.0,0,0,0.0,160.0,40,6,0.02027027027027027,1312.0,328,31,0.10472972972972973
mineral_only_zero_geo,43,10,0.5,307,new,arizona,Copper,"[20,inf)",14717,174,58831.651519700885,0.022569637777579355,0.0,0,0,0.0,64.0,16,1,0.005747126436781609,232.0,58,3,0.017241379310344827
mineral_only_zero_geo,43,10,0.5,307,new,arizona,Copper,no_context,11250,12,45000.0,0.0015712102627537677,0.0,0,0,0.0,0.0,0,0,0.0,16.0,4,0,0.0
mineral_only_zero_geo,43,10,0.5,307,new,colorado,Gold,"[0,5)",2273,523,9092.0,0.4865252925844512,1648.0,412,216,0.4130019120458891,5728.0,1432,440,0.8413001912045889,7600.0,1900,493,0.9426386233269598
mineral_only_zero_geo,43,10,0.5,307,new,colorado,Gold,"[5,10)",4345,396,17380.0,0.30462954821290766,52.0,13,12,0.030303030303030304,2352.0,588,166,0.41919191919191917,6324.0,1581,278,0.702020202020202
mineral_only_zero_geo,43,10,0.5,307,new,colorado,Gold,"[10,20)",7788,309,31152.0,0.1448531560274441,0.0,0,0,0.0,408.0,102,30,0.0970873786407767,2184.0,546,81,0.2621359223300971
mineral_only_zero_geo,43,10,0.5,307,new,colorado,Gold,"[20,inf)",16844,139,67376.0,0.01627682737017576,0.0,0,0,0.0,12.0,3,0,0.0,892.0,223,3,0.02158273381294964
mineral_only_zero_geo,43,10,0.5,307,new,colorado,Gold,no_context,11250,8,45000.0,0.0006214855207846274,0.0,0,0,0.0,0.0,0,0,0.0,0.0,0,0,0.0
mineral_only_zero_geo,43,10,0.5,307,new,colorado,Copper,"[0,5)",1572,294,6288.0,0.38129693816588106,1584.0,396,149,0.5068027210884354,4708.0,1177,264,0.8979591836734694,5536.0,1384,283,0.9625850340136054
mineral_only_zero_geo,43,10,0.5,307,new,colorado,Copper,"[5,10)",3330,239,13320.0,0.25483715906411497,116.0,29,15,0.06276150627615062,3048.0,762,132,0.5523012552301255,6572.0,1643,186,0.7782426778242678
mineral_only_zero_geo,43,10,0.5,307,new,colorado,Copper,"[10,20)",6708,170,26832.0,0.07418348979034106,0.0,0,0,0.0,648.0,162,19,0.11176470588235295,3564.0,891,60,0.35294117647058826
mineral_only_zero_geo,43,10,0.5,307,new,colorado,Copper,"[20,inf)",20890,133,83560.0,0.012840933144977203,0.0,0,0,0.0,92.0,23,1,0.007518796992481203,1280.0,320,5,0.03759398496240601
mineral_only_zero_geo,43,10,0.5,307,new,colorado,Copper,no_context,10000,3,40000.0,0.00111138713996414,0.0,0,0,0.0,4.0,1,0,0.0,48.0,12,0,0.0
mineral_only_zero_geo,43,10,1.0,0,inherited,nevada,Gold,"[0,5)",8325,1353,33300.0,0.32316315528822126,1600.0,400,171,0.12638580931263857,7684.0,1921,612,0.4523281596452328,14160.0,3540,913,0.6747967479674797
mineral_only_zero_geo,43,10,1.0,0,inherited,nevada,Gold,"[5,10)",13302,705,53208.0,0.11040344830405968,0.0,0,0,0.0,316.0,79,15,0.02127659574468085,1812.0,453,77,0.10921985815602837
mineral_only_zero_geo,43,10,1.0,0,inherited,nevada,Gold,"[10,20)",12897,231,51588.0,0.041109916130117316,0.0,0,0,0.0,0.0,0,0,0.0,28.0,7,0,0.0
mineral_only_zero_geo,43,10,1.0,0,inherited,nevada,Gold,"[20,inf)",5476,59,21904.0,0.02018478050069173,0.0,0,0,0.0,0.0,0,0,0.0,0.0,0,0,0.0
mineral_only_zero_geo,43,10,1.0,0,inherited,nevada,Gold,no_context,0,0,0.0,,0.0,0,0,,0.0,0,0,,0.0,0,0,
mineral_only_zero_geo,43,10,1.0,0,inherited,nevada,Copper,"[0,5)",5074,582,20296.0,0.21315628803901046,1600.0,400,104,0.17869415807560138,7412.0,1853,364,0.6254295532646048,12472.0,3118,478,0.8213058419243986
mineral_only_zero_geo,43,10,1.0,0,inherited,nevada,Copper,"[5,10)",10390,363,41560.0,0.07751956583379659,0.0,0,0,0.0,576.0,144,22,0.06060606060606061,3180.0,795,75,0.2066115702479339
mineral_only_zero_geo,43,10,1.0,0,inherited,nevada,Copper,"[10,20)",14278,207,57112.0,0.02720778360620039,0.0,0,0,0.0,8.0,2,0,0.0,256.0,64,1,0.004830917874396135
mineral_only_zero_geo,43,10,1.0,0,inherited,nevada,Copper,"[20,inf)",10258,60,41032.0,0.03950484003396804,0.0,0,0,0.0,4.0,1,0,0.0,92.0,23,3,0.05
mineral_only_zero_geo,43,10,1.0,0,inherited,nevada,Copper,no_context,0,0,0.0,,0.0,0,0,,0.0,0,0,,0.0,0,0,
mineral_only_zero_geo,43,10,1.0,0,inherited,arizona,Gold,"[0,5)",3924,650,15683.194419384003,0.3291018996071636,1668.0,417,169,0.26,7092.0,1773,455,0.7,11117.919268608093,2780,573,0.8815384615384615
mineral_only_zero_geo,43,10,1.0,0,inherited,arizona,Gold,"[5,10)",6869,359,27455.386983962264,0.13374674976506837,24.0,6,2,0.005571030640668524,1312.0,328,55,0.1532033426183844,5004.0,1251,160,0.4456824512534819
mineral_only_zero_geo,43,10,1.0,0,inherited,arizona,Gold,"[10,20)",9022,114,36060.28050996736,0.026271718864453963,0.0,0,0,0.0,52.0,13,0,0.0,772.0,193,9,0.07894736842105263
mineral_only_zero_geo,43,10,1.0,0,inherited,arizona,Gold,"[20,inf)",11230,46,44895.884368762374,0.02381227026377554,0.0,0,0,0.0,0.0,0,0,0.0,16.0,4,1,0.021739130434782608
mineral_only_zero_geo,43,10,1.0,0,inherited,arizona,Gold,no_context,11250,3,45000.0,0.0021068448171592522,0.0,0,0,0.0,0.0,0,0,0.0,0.0,0,0,0.0
mineral_only_zero_geo,43,10,1.0,0,inherited,arizona,Copper,"[0,5)",4594,755,18367.172920763493,0.32925894659686616,1672.0,418,166,0.21986754966887417,7516.0,1879,500,0.6622516556291391,12367.360368549824,3094,656,0.8688741721854305
mineral_only_zero_geo,43,10,1.0,0,inherited,arizona,Copper,"[5,10)",7706,379,30806.35019686958,0.13293893535995566,20.0,5,2,0.005277044854881266,932.0,233,52,0.13720316622691292,4180.0,1045,134,0.35356200527704484
mineral_only_zero_geo,43,10,1.0,0,inherited,arizona,Copper,"[10,20)",9118,118,36444.45259996131,0.04483079301199525,0.0,0,0,0.0,8.0,2,0,0.0,344.0,86,7,0.059322033898305086
mineral_only_zero_geo,43,10,1.0,0,inherited,arizona,Copper,"[20,inf)",12127,52,48476.770564481616,0.01867949313380132,0.0,0,0,0.0,0.0,0,0,0.0,20.0,5,0,0.0
mineral_only_zero_geo,43,10,1.0,0,inherited,arizona,Copper,no_context,8750,6,35000.0,0.002259160376032771,0.0,0,0,0.0,0.0,0,0,0.0,0.0,0,0,0.0
mineral_only_zero_geo,43,10,1.0,0,inherited,colorado,Gold,"[0,5)",4225,906,16900.0,0.5309342386775288,1652.0,413,257,0.2836644591611479,7432.0,1858,694,0.7660044150110376,12052.0,3013,826,0.9116997792494481
mineral_only_zero_geo,43,10,1.0,0,inherited,colorado,Gold,"[5,10)",6572,326,26288.0,0.2389563173640556,48.0,12,10,0.03067484662576687,1060.0,265,82,0.25153374233128833,4468.0,1117,155,0.4754601226993865
mineral_only_zero_geo,43,10,1.0,0,inherited,colorado,Gold,"[10,20)",8806,114,35224.0,0.05353727044545116,0.0,0,0,0.0,8.0,2,1,0.008771929824561403,472.0,118,11,0.09649122807017543
mineral_only_zero_geo,43,10,1.0,0,inherited,colorado,Gold,"[20,inf)",15397,27,61588.0,0.003588791226087577,0.0,0,0,0.0,0.0,0,0,0.0,8.0,2,0,0.0
mineral_only_zero_geo,43,10,1.0,0,inherited,colorado,Gold,no_context,7500,2,30000.0,0.0006764827142978403,0.0,0,0,0.0,0.0,0,0,0.0,0.0,0,0,0.0
mineral_only_zero_geo,43,10,1.0,0,inherited,colorado,Copper,"[0,5)",2875,482,11500.0,0.3939950629396608,1656.0,414,175,0.3630705394190871,6616.0,1654,409,0.8485477178423236,9204.0,2301,457,0.9481327800829875
mineral_only_zero_geo,43,10,1.0,0,inherited,colorado,Copper,"[5,10)",5168,220,20672.0,0.20508272235532835,44.0,11,8,0.03636363636363636,1784.0,446,83,0.37727272727272726,5896.0,1474,143,0.65
mineral_only_zero_geo,43,10,1.0,0,inherited,colorado,Copper,"[10,20)",8194,84,32776.0,0.02595779691946552,0.0,0,0,0.0,88.0,22,0,0.0,1544.0,386,15,0.17857142857142858
mineral_only_zero_geo,43,10,1.0,0,inherited,colorado,Copper,"[20,inf)",20013,52,80052.0,0.009912185699678173,0.0,0,0,0.0,12.0,3,0,0.0,356.0,89,1,0.019230769230769232
mineral_only_zero_geo,43,10,1.0,0,inherited,colorado,Copper,no_context,6250,1,25000.0,0.001447178002894356,0.0,0,0,0.0,0.0,0,0,0.0,0.0,0,0,0.0
mineral_only_zero_geo,43,20,0.0,0,new,nevada,Gold,"[0,5)",0,0,0.0,,0.0,0,0,,0.0,0,0,,0.0,0,0,
mineral_only_zero_geo,43,20,0.0,0,new,nevada,Gold,"[5,10)",0,0,0.0,,0.0,0,0,,0.0,0,0,,0.0,0,0,
mineral_only_zero_geo,43,20,0.0,0,new,nevada,Gold,"[10,20)",0,0,0.0,,0.0,0,0,,0.0,0,0,,0.0,0,0,
mineral_only_zero_geo,43,20,0.0,0,new,nevada,Gold,"[20,inf)",0,0,0.0,,0.0,0,0,,0.0,0,0,,0.0,0,0,
mineral_only_zero_geo,43,20,0.0,0,new,nevada,Gold,no_context,40000,2348,160000.0,0.06468571426849942,1600.0,400,32,0.013628620102214651,8000.0,2000,143,0.06090289608177172,16000.0,4000,264,0.11243611584327087
mineral_only_zero_geo,43,20,0.0,0,new,nevada,Copper,"[0,5)",0,0,0.0,,0.0,0,0,,0.0,0,0,,0.0,0,0,
mineral_only_zero_geo,43,20,0.0,0,new,nevada,Copper,"[5,10)",0,0,0.0,,0.0,0,0,,0.0,0,0,,0.0,0,0,
mineral_only_zero_geo,43,20,0.0,0,new,nevada,Copper,"[10,20)",0,0,0.0,,0.0,0,0,,0.0,0,0,,0.0,0,0,
mineral_only_zero_geo,43,20,0.0,0,new,nevada,Copper,"[20,inf)",0,0,0.0,,0.0,0,0,,0.0,0,0,,0.0,0,0,
mineral_only_zero_geo,43,20,0.0,0,new,nevada,Copper,no_context,40000,1212,160000.0,0.03457670694834613,1600.0,400,12,0.009900990099009901,8000.0,2000,84,0.06930693069306931,16000.0,4000,147,0.12128712871287128
mineral_only_zero_geo,43,20,0.0,0,new,arizona,Gold,"[0,5)",0,0,0.0,,0.0,0,0,,0.0,0,0,,0.0,0,0,
mineral_only_zero_geo,43,20,0.0,0,new,arizona,Gold,"[5,10)",0,0,0.0,,0.0,0,0,,0.0,0,0,,0.0,0,0,
mineral_only_zero_geo,43,20,0.0,0,new,arizona,Gold,"[10,20)",0,0,0.0,,0.0,0,0,,0.0,0,0,,0.0,0,0,
mineral_only_zero_geo,43,20,0.0,0,new,arizona,Gold,"[20,inf)",0,0,0.0,,0.0,0,0,,0.0,0,0,,0.0,0,0,
mineral_only_zero_geo,43,20,0.0,0,new,arizona,Gold,no_context,42295,1172,169094.746282076,0.03175412722853908,1691.8837913870811,427,11,0.00938566552901024,8455.935732852668,2119,81,0.06911262798634812,16913.23616590863,4239,154,0.13139931740614336
mineral_only_zero_geo,43,20,0.0,0,new,arizona,Copper,"[0,5)",0,0,0.0,,0.0,0,0,,0.0,0,0,,0.0,0,0,
mineral_only_zero_geo,43,20,0.0,0,new,arizona,Copper,"[5,10)",0,0,0.0,,0.0,0,0,,0.0,0,0,,0.0,0,0,
mineral_only_zero_geo,43,20,0.0,0,new,arizona,Copper,"[10,20)",0,0,0.0,,0.0,0,0,,0.0,0,0,,0.0,0,0,
mineral_only_zero_geo,43,20,0.0,0,new,arizona,Copper,"[20,inf)",0,0,0.0,,0.0,0,0,,0.0,0,0,,0.0,0,0,
mineral_only_zero_geo,43,20,0.0,0,new,arizona,Copper,no_context,42295,1310,169094.746282076,0.035977901060313865,1692.7586207948625,431,16,0.012213740458015267,8457.254666720983,2126,93,0.07099236641221374,16909.736500417348,4243,171,0.13053435114503817
mineral_only_zero_geo,43,20,0.0,0,new,colorado,Gold,"[0,5)",0,0,0.0,,0.0,0,0,,0.0,0,0,,0.0,0,0,
mineral_only_zero_geo,43,20,0.0,0,new,colorado,Gold,"[5,10)",0,0,0.0,,0.0,0,0,,0.0,0,0,,0.0,0,0,
mineral_only_zero_geo,43,20,0.0,0,new,colorado,Gold,"[10,20)",0,0,0.0,,0.0,0,0,,0.0,0,0,,0.0,0,0,
mineral_only_zero_geo,43,20,0.0,0,new,colorado,Gold,"[20,inf)",0,0,0.0,,0.0,0,0,,0.0,0,0,,0.0,0,0,
mineral_only_zero_geo,43,20,0.0,0,new,colorado,Gold,no_context,42500,1375,170000.0,0.03571441149645838,1700.0,425,18,0.01309090909090909,8500.0,2125,94,0.06836363636363636,17000.0,4250,182,0.13236363636363635
mineral_only_zero_geo,43,20,0.0,0,new,colorado,Copper,"[0,5)",0,0,0.0,,0.0,0,0,,0.0,0,0,,0.0,0,0,
mineral_only_zero_geo,43,20,0.0,0,new,colorado,Copper,"[5,10)",0,0,0.0,,0.0,0,0,,0.0,0,0,,0.0,0,0,
mineral_only_zero_geo,43,20,0.0,0,new,colorado,Copper,"[10,20)",0,0,0.0,,0.0,0,0,,0.0,0,0,,0.0,0,0,
mineral_only_zero_geo,43,20,0.0,0,new,colorado,Copper,"[20,inf)",0,0,0.0,,0.0,0,0,,0.0,0,0,,0.0,0,0,
mineral_only_zero_geo,43,20,0.0,0,new,colorado,Copper,no_context,42500,839,170000.0,0.018660810519604703,1700.0,425,9,0.010727056019070322,8500.0,2125,43,0.05125148986889154,17000.0,4250,75,0.08939213349225268
mineral_only_zero_geo,43,20,0.25,101,new,nevada,Gold,"[0,5)",901,149,3604.0,0.3057029097056463,1344.0,336,84,0.5637583892617449,2796.0,699,127,0.8523489932885906,3160.0,790,138,0.9261744966442953
mineral_only_zero_geo,43,20,0.25,101,new,nevada,Gold,"[5,10)",2571,207,10284.0,0.12042251868824708,248.0,62,8,0.03864734299516908,3428.0,857,100,0.4830917874396135,5764.0,1441,131,0.6328502415458938
mineral_only_zero_geo,43,20,0.25,101,new,nevada,Gold,"[10,20)",9517,565,38068.0,0.06900633009916027,8.0,2,0,0.0,1724.0,431,31,0.05486725663716814,6624.0,1656,116,0.20530973451327433
mineral_only_zero_geo,43,20,0.25,101,new,nevada,Gold,"[20,inf)",25811,1390,103244.0,0.06572517515967012,0.0,0,0,0.0,28.0,7,4,0.0028776978417266188,372.0,93,12,0.008633093525179856
mineral_only_zero_geo,43,20,0.25,101,new,nevada,Gold,no_context,1200,37,4800.0,0.021269216422223913,0.0,0,0,0.0,24.0,6,0,0.0,80.0,20,0,0.0
mineral_only_zero_geo,43,20,0.25,101,new,nevada,Copper,"[0,5)",597,64,2388.0,0.1953850436267367,1128.0,282,39,0.609375,1936.0,484,57,0.890625,2148.0,537,58,0.90625
mineral_only_zero_geo,43,20,0.25,101,new,nevada,Copper,"[5,10)",1815,89,7260.0,0.05325976193499222,408.0,102,6,0.06741573033707865,2848.0,712,44,0.4943820224719101,4512.0,1128,56,0.6292134831460674
mineral_only_zero_geo,43,20,0.25,101,new,nevada,Copper,"[10,20)",7945,292,31780.0,0.04090682968517393,64.0,16,0,0.0,2948.0,737,32,0.1095890410958904,7704.0,1926,74,0.2534246575342466
mineral_only_zero_geo,43,20,0.25,101,new,nevada,Copper,"[20,inf)",27243,705,108972.0,0.02995738156549008,0.0,0,0,0.0,264.0,66,1,0.0014184397163120568,1432.0,358,4,0.005673758865248227
mineral_only_zero_geo,43,20,0.25,101,new,nevada,Copper,no_context,2400,62,9600.0,0.02167509302992423,0.0,0,0,0.0,4.0,1,0,0.0,204.0,51,1,0.016129032258064516
mineral_only_zero_geo,43,20,0.25,101,new,arizona,Gold,"[0,5)",546,98,2184.0,0.28477631806731557,1108.0,277,67,0.6836734693877551,1836.0,459,92,0.9387755102040817,1996.0,499,93,0.9489795918367347
mineral_only_zero_geo,43,20,0.25,101,new,arizona,Gold,"[5,10)",1385,132,5540.0,0.11344346908533728,464.0,116,14,0.10606060606060606,2652.0,663,65,0.49242424242424243,3912.0,978,97,0.7348484848484849
mineral_only_zero_geo,43,20,0.25,101,new,arizona,Gold,"[10,20)",5289,313,21130.960252236575,0.09420546662320053,112.0,28,5,0.01597444089456869,3548.0,887,93,0.2971246006389776,8312.963316153735,2083,153,0.48881789137380194
mineral_only_zero_geo,43,20,0.25,101,new,arizona,Gold,"[20,inf)",16375,508,65439.78602983942,0.03880867610413084,0.0,0,0,0.0,216.0,54,1,0.001968503937007874,1688.0,422,20,0.03937007874015748
mineral_only_zero_geo,43,20,0.25,101,new,arizona,Gold,no_context,18700,121,74800.0,0.005777464451387512,8.0,2,0,0.0,204.0,51,0,0.0,1004.0,251,4,0.03305785123966942
mineral_only_zero_geo,43,20,0.25,101,new,arizona,Copper,"[0,5)",676,111,2704.0,0.3323327246834908,1216.0,304,72,0.6486486486486487,2396.0,599,105,0.9459459459459459,2600.0,650,108,0.972972972972973
mineral_only_zero_geo,43,20,0.25,101,new,arizona,Copper,"[5,10)",1597,150,6388.0,0.15124698157888677,428.0,107,17,0.11333333333333333,3288.0,822,85,0.5666666666666667,4828.0,1207,122,0.8133333333333334
mineral_only_zero_geo,43,20,0.25,101,new,arizona,Copper,"[10,20)",5751,333,22978.960252236575,0.07938071435081963,48.0,12,0,0.0,2596.9683517813683,650,65,0.19519519519519518,7409.117797087878,1857,122,0.3663663663663664
mineral_only_zero_geo,43,20,0.25,101,new,arizona,Copper,"[20,inf)",14371,596,57423.78602983942,0.04920468043264902,0.0,0,0,0.0,4.0,1,0,0.0,740.0,185,14,0.02348993288590604
mineral_only_zero_geo,43,20,0.25,101,new,arizona,Copper,no_context,19900,120,79600.0,0.008612028891267227,0.0,0,0,0.0,172.0,43,1,0.008333333333333333,1336.0,334,2,0.016666666666666666
mineral_only_zero_geo,43,20,0.25,101,new,colorado,Gold,"[0,5)",644,166,2576.0,0.49351098067307503,1160.0,290,113,0.6807228915662651,1888.0,472,143,0.8614457831325302,2304.0,576,160,0.963855421686747
mineral_only_zero_geo,43,20,0.25,101,new,colorado,Gold,"[5,10)",1444,157,5776.0,0.2739888138729389,388.0,97,38,0.24203821656050956,2044.0,511,100,0.6369426751592356,3560.0,890,126,0.802547770700637
mineral_only_zero_geo,43,20,0.25,101,new,colorado,Gold,"[10,20)",5452,353,21808.0,0.11130085019002205,120.0,30,8,0.0226628895184136,2384.0,596,78,0.22096317280453256,5984.0,1496,160,0.45325779036827196
mineral_only_zero_geo,43,20,0.25,101,new,colorado,Gold,"[20,inf)",15160,548,60640.0,0.03464538038150707,32.0,8,0,0.0,2128.0,532,15,0.02737226277372263,4172.0,1043,25,0.04562043795620438
mineral_only_zero_geo,43,20,0.25,101,new,colorado,Gold,no_context,19800,151,79200.0,0.005602304451553451,0.0,0,0,0.0,56.0,14,0,0.0,980.0,245,1,0.006622516556291391
mineral_only_zero_geo,43,20,0.25,101,new,colorado,Copper,"[0,5)",453,104,1812.0,0.3762413964523855,996.0,249,75,0.7211538461538461,1580.0,395,99,0.9519230769230769,1728.0,432,104,1.0
mineral_only_zero_geo,43,20,0.25,101,new,colorado,Copper,"[5,10)",1195,95,4780.0,0.23296921075754937,492.0,123,26,0.2736842105263158,2248.0,562,71,0.7473684210526316,3296.0,824,85,0.8947368421052632
mineral_only_zero_geo,43,20,0.25,101,new,colorado,Copper,"[10,20)",4772,218,19088.0,0.09754404513535112,68.0,17,0,0.0,2468.0,617,65,0.2981651376146789,6092.0,1523,125,0.573394495412844
mineral_only_zero_geo,43,20,0.25,101,new,colorado,Copper,"[20,inf)",16380,323,65520.0,0.02012417337857901,132.0,33,0,0.0,1996.0,499,8,0.02476780185758514,4360.0,1090,13,0.04024767801857585
mineral_only_zero_geo,43,20,0.25,101,new,colorado,Copper,no_context,19700,99,78800.0,0.007409341172753901,12.0,3,0,0.0,208.0,52,1,0.010101010101010102,1524.0,381,7,0.0707070707070707
mineral_only_zero_geo,43,20,0.25,211,new,nevada,Gold,"[0,5)",1109,213,4436.0,0.40540412752739186,1504.0,376,113,0.5305164319248826,3400.0,850,189,0.8873239436619719,3908.0,977,201,0.9436619718309859
mineral_only_zero_geo,43,20,0.25,211,new,nevada,Gold,"[5,10)",2854,267,11416.0,0.1364534848519176,88.0,22,4,0.0149812734082397,3348.0,837,119,0.44569288389513106,6064.0,1516,169,0.6329588014981273
mineral_only_zero_geo,43,20,0.25,211,new,nevada,Gold,"[10,20)",9585,564,38340.0,0.06808293254210777,8.0,2,0,0.0,1244.0,311,24,0.0425531914893617,5860.0,1465,116,0.20567375886524822
mineral_only_zero_geo,43,20,0.25,211,new,nevada,Gold,"[20,inf)",25252,1259,101008.0,0.05860474536250009,0.0,0,0,0.0,4.0,1,0,0.0,128.0,32,3,0.0023828435266084196
mineral_only_zero_geo,43,20,0.25,211,new,nevada,Gold,no_context,1200,45,4800.0,0.02874690713324461,0.0,0,0,0.0,4.0,1,0,0.0,40.0,10,0,0.0
mineral_only_zero_geo,43,20,0.25,211,new,nevada,Copper,"[0,5)",723,95,2892.0,0.3012294187779137,1332.0,333,63,0.6631578947368421,2372.0,593,87,0.9157894736842105,2644.0,661,92,0.968421052631579
mineral_only_zero_geo,43,20,0.25,211,new,nevada,Copper,"[5,10)",2116,113,8464.0,0.0930092560532617,248.0,62,5,0.04424778761061947,3104.0,776,56,0.49557522123893805,4940.0,1235,80,0.7079646017699115
mineral_only_zero_geo,43,20,0.25,211,new,nevada,Copper,"[10,20)",8317,270,33268.0,0.03858928831557053,20.0,5,0,0.0,2308.0,577,27,0.1,7376.0,1844,68,0.2518518518518518
mineral_only_zero_geo,43,20,0.25,211,new,nevada,Copper,"[20,inf)",26344,670,105376.0,0.028415464852800484,0.0,0,0,0.0,204.0,51,3,0.004477611940298508,912.0,228,6,0.008955223880597015
mineral_only_zero_geo,43,20,0.25,211,new,nevada,Copper,no_context,2500,64,10000.0,0.03141011069792925,0.0,0,0,0.0,12.0,3,0,0.0,128.0,32,3,0.046875
mineral_only_zero_geo,43,20,0.25,211,new,arizona,Gold,"[0,5)",562,85,2248.0,0.28635088420255816,1172.0,293,62,0.7294117647058823,1888.0,472,82,0.9647058823529412,2044.0,511,83,0.9764705882352941
mineral_only_zero_geo,43,20,0.25,211,new,arizona,Gold,"[5,10)",1373,111,5492.0,0.1392693194405991,476.0,119,20,0.18018018018018017,2912.0,728,77,0.6936936936936937,4128.0,1032,96,0.8648648648648649
mineral_only_zero_geo,43,20,0.25,211,new,arizona,Gold,"[10,20)",4884,236,19510.960252236575,0.11577243540317593,44.0,11,3,0.012711864406779662,3272.0,818,90,0.3813559322033898,7524.749904632568,1882,142,0.6016949152542372
mineral_only_zero_geo,43,20,0.25,211,new,arizona,Gold,"[20,inf)",21576,696,86243.78602983942,0.02791175400922781,0.0,0,0,0.0,108.0,27,1,0.0014367816091954023,2180.0,545,15,0.021551724137931036
mineral_only_zero_geo,43,20,0.25,211,new,arizona,Gold,no_context,13900,44,55600.0,0.0021899823069604935,0.0,0,0,0.0,276.0,69,0,0.0,1036.0,259,0,0.0
mineral_only_zero_geo,43,20,0.25,211,new,arizona,Copper,"[0,5)",618,95,2472.0,0.2914462905033312,1260.0,315,70,0.7368421052631579,2224.0,556,90,0.9473684210526315,2364.0,591,93,0.9789473684210527
mineral_only_zero_geo,43,20,0.25,211,new,arizona,Copper,"[5,10)",1465,130,5860.0,0.1601848044957044,432.0,108,24,0.18461538461538463,3176.0,794,85,0.6538461538461539,4368.0,1092,109,0.8384615384615385
mineral_only_zero_geo,43,20,0.25,211,new,arizona,Copper,"[10,20)",5440,268,21734.960252236575,0.10452851475664203,0.0,0,0,0.0,2788.0,697,89,0.332089552238806,7281.355242848396,1824,131,0.48880597014925375
mineral_only_zero_geo,43,20,0.25,211,new,arizona,Copper,"[20,inf)",21072,755,84227.78602983942,0.035735922892476304,0.0,0,0,0.0,28.0,7,0,0.0,1432.0,358,19,0.025165562913907286
mineral_only_zero_geo,43,20,0.25,211,new,arizona,Copper,no_context,13700,62,54800.0,0.003088584555872683,0.0,0,0,0.0,240.0,60,0,0.0,1468.0,367,0,0.0
mineral_only_zero_geo,43,20,0.25,211,new,colorado,Gold,"[0,5)",587,134,2348.0,0.384338535312995,1132.0,283,87,0.6492537313432836,1940.0,485,120,0.8955223880597015,2176.0,544,128,0.9552238805970149
mineral_only_zero_geo,43,20,0.25,211,new,colorado,Gold,"[5,10)",1407,163,5628.0,0.19902770242421813,416.0,104,24,0.147239263803681,2456.0,614,108,0.6625766871165644,3976.0,994,141,0.8650306748466258
mineral_only_zero_geo,43,20,0.25,211,new,colorado,Gold,"[10,20)",4880,291,19520.0,0.08209135660688076,148.0,37,6,0.020618556701030927,2496.0,624,59,0.2027491408934708,6284.0,1571,120,0.41237113402061853
mineral_only_zero_geo,43,20,0.25,211,new,colorado,Gold,"[20,inf)",16726,547,66904.0,0.038022851794471395,0.0,0,0,0.0,1396.0,349,1,0.0018281535648994515,3456.0,864,36,0.06581352833638025
mineral_only_zero_geo,43,20,0.25,211,new,colorado,Gold,no_context,18900,240,75600.0,0.0103095239273986,4.0,1,0,0.0,212.0,53,3,0.0125,1108.0,277,4,0.016666666666666666
mineral_only_zero_geo,43,20,0.25,211,new,colorado,Copper,"[0,5)",373,69,1492.0,0.3374493183224237,880.0,220,55,0.7971014492753623,1328.0,332,66,0.9565217391304348,1440.0,360,69,1.0
mineral_only_zero_geo,43,20,0.25,211,new,colorado,Copper,"[5,10)",1109,89,4436.0,0.1272872561449121,608.0,152,19,0.21348314606741572,2212.0,553,66,0.7415730337078652,3252.0,813,80,0.898876404494382
mineral_only_zero_geo,43,20,0.25,211,new,colorado,Copper,"[10,20)",4436,192,17744.0,0.056911867894098994,176.0,44,3,0.015625,2688.0,672,48,0.25,6108.0,1527,74,0.3854166666666667
mineral_only_zero_geo,43,20,0.25,211,new,colorado,Copper,"[20,inf)",17782,312,71128.0,0.020572801525852256,36.0,9,0,0.0,2060.0,515,2,0.00641025641025641,4740.0,1185,18,0.057692307692307696
mineral_only_zero_geo,43,20,0.25,211,new,colorado,Copper,no_context,18800,177,75200.0,0.006351780406270314,0.0,0,0,0.0,212.0,53,0,0.0,1460.0,365,1,0.005649717514124294
mineral_only_zero_geo,43,20,0.25,307,new,nevada,Gold,"[0,5)",1071,173,4284.0,0.30939173461763547,1472.0,368,85,0.4913294797687861,3340.0,835,155,0.8959537572254336,3820.0,955,164,0.9479768786127167
mineral_only_zero_geo,43,20,0.25,307,new,nevada,Gold,"[5,10)",2840,253,11360.0,0.1516208579813663,124.0,31,8,0.03162055335968379,3460.0,865,121,0.4782608695652174,6440.0,1610,195,0.7707509881422925
mineral_only_zero_geo,43,20,0.25,307,new,nevada,Gold,"[10,20)",10002,572,40008.0,0.08234729471381991,4.0,1,1,0.0017482517482517483,1200.0,300,31,0.05419580419580419,5664.0,1416,137,0.2395104895104895
mineral_only_zero_geo,43,20,0.25,307,new,nevada,Gold,"[20,inf)",26087,1350,104348.0,0.06918516774808485,0.0,0,0,0.0,0.0,0,0,0.0,76.0,19,2,0.0014814814814814814
mineral_only_zero_geo,43,20,0.25,307,new,nevada,Gold,no_context,0,0,0.0,,0.0,0,0,,0.0,0,0,,0.0,0,0,
mineral_only_zero_geo,43,20,0.25,307,new,nevada,Copper,"[0,5)",624,71,2496.0,0.23605323092812175,1304.0,326,55,0.7746478873239436,2156.0,539,69,0.971830985915493,2344.0,586,70,0.9859154929577465
mineral_only_zero_geo,43,20,0.25,307,new,nevada,Copper,"[5,10)",1727,73,6908.0,0.0734112734635854,292.0,73,6,0.0821917808219178,2876.0,719,42,0.5753424657534246,4336.0,1084,62,0.8493150684931506
mineral_only_zero_geo,43,20,0.25,307,new,nevada,Copper,"[10,20)",7235,260,28940.0,0.05935794529953482,4.0,1,0,0.0,2456.0,614,43,0.16538461538461538,7108.0,1777,106,0.4076923076923077
mineral_only_zero_geo,43,20,0.25,307,new,nevada,Copper,"[20,inf)",26614,720,106456.0,0.03247868352915072,0.0,0,0,0.0,280.0,70,1,0.001388888888888889,1444.0,361,18,0.025
mineral_only_zero_geo,43,20,0.25,307,new,nevada,Copper,no_context,3800,88,15200.0,0.021882429754617568,0.0,0,0,0.0,232.0,58,1,0.011363636363636364,768.0,192,3,0.03409090909090909
mineral_only_zero_geo,43,20,0.25,307,new,arizona,Gold,"[0,5)",447,81,1779.1729207634926,0.35842048970465246,892.0,223,53,0.654320987654321,1426.0472323298454,358,71,0.8765432098765432,1531.3603685498238,385,74,0.9135802469135802
mineral_only_zero_geo,43,20,0.25,307,new,arizona,Gold,"[5,10)",1390,107,5546.629598469939,0.11159281021218807,680.0,170,22,0.205607476635514,2615.685088098049,656,64,0.5981308411214953,3875.642187535763,971,87,0.8130841121495327
mineral_only_zero_geo,43,20,0.25,307,new,arizona,Gold,"[10,20)",5436,224,21711.637054983526,0.048447805695538464,120.0,30,0,0.0,3876.8511385321617,970,44,0.19642857142857142,8042.668192028999,2013,108,0.48214285714285715
mineral_only_zero_geo,43,20,0.25,307,new,arizona,Gold,"[20,inf)",18822,722,75257.30670785904,0.05043895787250531,0.0,0,0,0.0,232.0,58,1,0.0013850415512465374,1972.0,493,33,0.045706371191135735
mineral_only_zero_geo,43,20,0.25,307,new,arizona,Gold,no_context,16200,38,64800.0,0.0017311551800892257,0.0,0,0,0.0,308.0,77,0,0.0,1488.0,372,0,0.0
mineral_only_zero_geo,43,20,0.25,307,new,arizona,Copper,"[0,5)",540,94,2151.1729207634926,0.31883387471559543,1024.0,256,63,0.6702127659574468,1847.3603685498238,464,86,0.9148936170212766,1995.3603685498238,501,90,0.9574468085106383
mineral_only_zero_geo,43,20,0.25,307,new,arizona,Copper,"[5,10)",1543,100,6158.629598469939,0.09303433349412403,612.0,153,15,0.15,3038.652257771697,763,65,0.65,4386.629598469939,1100,86,0.86
mineral_only_zero_geo,43,20,0.25,307,new,arizona,Copper,"[10,20)",6198,247,24759.637054983526,0.053593970869724325,56.0,14,2,0.008097165991902834,3176.8511385321617,795,47,0.1902834008097166,7868.298501379788,1970,103,0.41700404858299595
mineral_only_zero_geo,43,20,0.25,307,new,arizona,Copper,"[20,inf)",19114,809,76425.30670785904,0.05992570713137892,0.0,0,0,0.0,68.0,17,0,0.0,920.0,230,23,0.02843016069221261
mineral_only_zero_geo,43,20,0.25,307,new,arizona,Copper,no_context,14900,60,59600.0,0.00274272029806727,0.0,0,0,0.0,324.0,81,0,0.0,1740.0,435,0,0.0
mineral_only_zero_geo,43,20,0.25,307,new,colorado,Gold,"[0,5)",702,171,2808.0,0.4744192623167501,1304.0,326,120,0.7017543859649122,2384.0,596,161,0.9415204678362573,2612.0,653,168,0.9824561403508771
mineral_only_zero_geo,43,20,0.25,307,new,colorado,Gold,"[5,10)",1740,198,6960.0,0.2428329638172006,344.0,86,26,0.13131313131313133,2936.0,734,126,0.6363636363636364,4748.0,1187,171,0.8636363636363636
mineral_only_zero_geo,43,20,0.25,307,new,colorado,Gold,"[10,20)",6233,353,24932.0,0.11617805890792804,40.0,10,2,0.0056657223796034,2616.0,654,87,0.24645892351274787,6700.0,1675,173,0.49008498583569404
mineral_only_zero_geo,43,20,0.25,307,new,colorado,Gold,"[20,inf)",17625,629,70500.0,0.03461783447629387,0.0,0,0,0.0,476.0,119,1,0.001589825119236884,2500.0,625,35,0.05564387917329094
mineral_only_zero_geo,43,20,0.25,307,new,colorado,Gold,no_context,16200,24,64800.0,0.03038881920953236,12.0,3,0,0.0,88.0,22,3,0.125,440.0,110,4,0.16666666666666666
mineral_only_zero_geo,43,20,0.25,307,new,colorado,Copper,"[0,5)",433,99,1732.0,0.3968899410224168,1080.0,270,80,0.8080808080808081,1600.0,400,97,0.9797979797979798,1656.0,414,98,0.98989898989899
mineral_only_zero_geo,43,20,0.25,307,new,colorado,Copper,"[5,10)",1152,123,4608.0,0.23072601223164513,576.0,144,36,0.2926829268292683,2740.0,685,95,0.7723577235772358,3568.0,892,112,0.9105691056910569
mineral_only_zero_geo,43,20,0.25,307,new,colorado,Copper,"[10,20)",4738,198,18952.0,0.09511329548942249,40.0,10,0,0.0,3004.0,751,70,0.35353535353535354,6424.0,1606,116,0.5858585858585859
mineral_only_zero_geo,43,20,0.25,307,new,colorado,Copper,"[20,inf)",19977,385,79908.0,0.017880627667636827,4.0,1,0,0.0,900.0,225,3,0.007792207792207792,4056.0,1014,17,0.04415584415584416
mineral_only_zero_geo,43,20,0.25,307,new,colorado,Copper,no_context,16200,34,64800.0,0.0030276265132255574,0.0,0,0,0.0,256.0,64,0,0.0,1296.0,324,0,0.0
mineral_only_zero_geo,43,20,0.5,101,new,nevada,Gold,"[0,5)",2025,326,8100.0,0.3231655364818255,1584.0,396,126,0.38650306748466257,4944.0,1236,263,0.8067484662576687,6552.0,1638,296,0.9079754601226994
mineral_only_zero_geo,43,20,0.5,101,new,nevada,Gold,"[5,10)",5326,402,21304.0,0.1348002640766491,16.0,4,2,0.004975124378109453,2316.0,579,93,0.23134328358208955,6380.0,1595,189,0.4701492537313433
mineral_only_zero_geo,43,20,0.5,101,new,nevada,Gold,"[10,20)",15798,847,63192.0,0.07465005050062676,0.0,0,0,0.0,736.0,184,31,0.03659976387249114,3008.0,752,70,0.08264462809917356
mineral_only_zero_geo,43,20,0.5,101,new,nevada,Gold,"[20,inf)",15651,736,62604.0,0.06207393346566427,0.0,0,0,0.0,4.0,1,0,0.0,60.0,15,1,0.001358695652173913
mineral_only_zero_geo,43,20,0.5,101,new,nevada,Gold,no_context,1200,37,4800.0,0.02003053990670577,0.0,0,0,0.0,0.0,0,0,0.0,0.0,0,0,0.0
mineral_only_zero_geo,43,20,0.5,101,new,nevada,Copper,"[0,5)",1270,152,5080.0,0.24053261662152972,1532.0,383,76,0.5,3680.0,920,128,0.8421052631578947,4372.0,1093,142,0.9342105263157895
mineral_only_zero_geo,43,20,0.5,101,new,nevada,Copper,"[5,10)",3813,182,15252.0,0.08260740432904529,68.0,17,4,0.02197802197802198,3160.0,790,57,0.3131868131868132,6216.0,1554,92,0.5054945054945055
mineral_only_zero_geo,43,20,0.5,101,new,nevada,Copper,"[10,20)",13688,408,54752.0,0.03694316124917186,0.0,0,0,0.0,1132.0,283,15,0.03676470588235294,5012.0,1253,56,0.13725490196078433
mineral_only_zero_geo,43,20,0.5,101,new,nevada,Copper,"[20,inf)",20029,446,80116.0,0.03032275673093045,0.0,0,0,0.0,28.0,7,1,0.002242152466367713,392.0,98,4,0.008968609865470852
mineral_only_zero_geo,43,20,0.5,101,new,nevada,Copper,no_context,1200,24,4800.0,0.0186014134953188,0.0,0,0,0.0,0.0,0,0,0.0,8.0,2,0,0.0
mineral_only_zero_geo,43,20,0.5,101,new,arizona,Gold,"[0,5)",1055,188,4220.0,0.280118254836571,1492.0,373,101,0.5372340425531915,2980.0,745,157,0.8351063829787234,3632.0,908,176,0.9361702127659575
mineral_only_zero_geo,43,20,0.5,101,new,arizona,Gold,"[5,10)",2663,249,10652.0,0.16102603512858127,200.0,50,18,0.07228915662650602,2656.0,664,94,0.37751004016064255,4964.0,1241,148,0.5943775100401606
mineral_only_zero_geo,43,20,0.5,101,new,arizona,Gold,"[10,20)",8580,401,34281.72588564083,0.11590878460414042,0.0,0,0,0.0,1908.0,477,65,0.16209476309226933,5184.0,1296,126,0.314214463840399
mineral_only_zero_geo,43,20,0.5,101,new,arizona,Gold,"[20,inf)",14997,302,59941.02039643517,0.022478043466558014,0.0,0,0,0.0,912.0,228,0,0.0,3124.0,781,9,0.029801324503311258
mineral_only_zero_geo,43,20,0.5,101,new,arizona,Gold,no_context,15000,32,60000.0,0.0038241350985986017,0.0,0,0,0.0,0.0,0,0,0.0,8.0,2,0,0.0
mineral_only_zero_geo,43,20,0.5,101,new,arizona,Copper,"[0,5)",1276,234,5104.0,0.30538146221402035,1576.0,394,117,0.5,3764.0,941,194,0.8290598290598291,4572.0,1143,224,0.9572649572649573
mineral_only_zero_geo,43,20,0.5,101,new,arizona,Copper,"[5,10)",2993,276,11972.0,0.1649270690392724,116.0,29,9,0.03260869565217391,3360.0,840,130,0.47101449275362317,6236.0,1559,189,0.6847826086956522
mineral_only_zero_geo,43,20,0.5,101,new,arizona,Copper,"[10,20)",8869,420,35450.960252236575,0.10761395042748523,0.0,0,0,0.0,1144.0,286,47,0.11190476190476191,4828.0,1207,104,0.24761904761904763
mineral_only_zero_geo,43,20,0.5,101,new,arizona,Copper,"[20,inf)",12957,329,51767.78602983942,0.02903082598042682,0.0,0,0,0.0,188.0,47,3,0.00911854103343465,1216.0,304,5,0.015197568389057751
mineral_only_zero_geo,43,20,0.5,101,new,arizona,Copper,no_context,16200,51,64800.0,0.0049582495679002135,0.0,0,0,0.0,0.0,0,0,0.0,60.0,15,0,0.0
mineral_only_zero_geo,43,20,0.5,101,new,colorado,Gold,"[0,5)",1287,302,5148.0,0.47565230448680607,1592.0,398,166,0.5496688741721855,3396.0,849,258,0.8543046357615894,4352.0,1088,285,0.9437086092715232
mineral_only_zero_geo,43,20,0.5,101,new,colorado,Gold,"[5,10)",2942,298,11768.0,0.287259080904105,108.0,27,13,0.0436241610738255,2388.0,597,154,0.5167785234899329,5044.0,1261,223,0.7483221476510067
mineral_only_zero_geo,43,20,0.5,101,new,colorado,Gold,"[10,20)",8823,479,35292.0,0.12828202749598305,0.0,0,0,0.0,1916.0,479,81,0.16910229645093947,5020.0,1255,146,0.3048016701461378
mineral_only_zero_geo,43,20,0.5,101,new,colorado,Gold,"[20,inf)",18148,285,72592.0,0.01925247611578958,0.0,0,0,0.0,800.0,200,1,0.0035087719298245615,2584.0,646,5,0.017543859649122806
mineral_only_zero_geo,43,20,0.5,101,new,colorado,Gold,no_context,11300,11,45200.0,0.0007629225546127366,0.0,0,0,0.0,0.0,0,0,0.0,0.0,0,0,0.0
mineral_only_zero_geo,43,20,0.5,101,new,colorado,Copper,"[0,5)",754,146,3016.0,0.3721617275362714,1332.0,333,94,0.6438356164383562,2400.0,600,136,0.9315068493150684,2756.0,689,144,0.9863013698630136
mineral_only_zero_geo,43,20,0.5,101,new,colorado,Copper,"[5,10)",2013,153,8052.0,0.21997517546925333,300.0,75,22,0.1437908496732026,2596.0,649,99,0.6470588235294118,4548.0,1137,130,0.8496732026143791
mineral_only_zero_geo,43,20,0.5,101,new,colorado,Copper,"[10,20)",7006,284,28024.0,0.11018510402919243,48.0,12,4,0.014084507042253521,2136.0,534,77,0.2711267605633803,5760.0,1440,125,0.44014084507042256
mineral_only_zero_geo,43,20,0.5,101,new,colorado,Copper,"[20,inf)",20327,223,81308.0,0.013796869254894482,20.0,5,0,0.0,1364.0,341,2,0.008968609865470852,3780.0,945,7,0.03139013452914798
mineral_only_zero_geo,43,20,0.5,101,new,colorado,Copper,no_context,12400,33,49600.0,0.002355303104557363,0.0,0,0,0.0,4.0,1,0,0.0,156.0,39,0,0.0
mineral_only_zero_geo,43,20,0.5,211,new,nevada,Gold,"[0,5)",2133,375,8532.0,0.3501439556145333,1588.0,397,141,0.376,5032.0,1258,291,0.776,6588.0,1647,339,0.904
mineral_only_zero_geo,43,20,0.5,211,new,nevada,Gold,"[5,10)",5340,484,21360.0,0.1492304450578652,12.0,3,1,0.002066115702479339,2392.0,598,99,0.20454545454545456,6088.0,1522,225,0.46487603305785125
mineral_only_zero_geo,43,20,0.5,211,new,nevada,Gold,"[10,20)",14808,824,59232.0,0.07925685085450795,0.0,0,0,0.0,576.0,144,16,0.019417475728155338,3204.0,801,73,0.08859223300970874
mineral_only_zero_geo,43,20,0.5,211,new,nevada,Gold,"[20,inf)",17719,665,70876.0,0.043030409279252585,0.0,0,0,0.0,0.0,0,0,0.0,120.0,30,3,0.004511278195488722
mineral_only_zero_geo,43,20,0.5,211,new,nevada,Gold,no_context,0,0,0.0,,0.0,0,0,,0.0,0,0,,0.0,0,0,
mineral_only_zero_geo,43,20,0.5,211,new,nevada,Copper,"[0,5)",1297,147,5188.0,0.22426367354765017,1556.0,389,75,0.5102040816326531,3916.0,979,128,0.8707482993197279,4500.0,1125,136,0.9251700680272109
mineral_only_zero_geo,43,20,0.5,211,new,nevada,Copper,"[5,10)",3771,194,15084.0,0.08699413616599351,44.0,11,3,0.015463917525773196,2936.0,734,65,0.33505154639175255,6112.0,1528,104,0.5360824742268041
mineral_only_zero_geo,43,20,0.5,211,new,nevada,Copper,"[10,20)",12918,422,51672.0,0.04969220222905576,0.0,0,0,0.0,1052.0,263,25,0.05924170616113744,4780.0,1195,71,0.16824644549763032
mineral_only_zero_geo,43,20,0.5,211,new,nevada,Copper,"[20,inf)",22014,449,88056.0,0.027445622320635115,0.0,0,0,0.0,96.0,24,2,0.004454342984409799,608.0,152,6,0.013363028953229399
mineral_only_zero_geo,43,20,0.5,211,new,nevada,Copper,no_context,0,0,0.0,,0.0,0,0,,0.0,0,0,,0.0,0,0,
mineral_only_zero_geo,43,20,0.5,211,new,arizona,Gold,"[0,5)",1002,160,4008.0,0.28402617897542165,1448.0,362,86,0.5375,2904.0,726,140,0.875,3428.0,857,150,0.9375
mineral_only_zero_geo,43,20,0.5,211,new,arizona,Gold,"[5,10)",2627,224,10508.0,0.1341654217813439,188.0,47,8,0.03571428571428571,3236.0,809,107,0.47767857142857145,5372.0,1343,149,0.6651785714285714
mineral_only_zero_geo,43,20,0.5,211,new,arizona,Gold,"[10,20)",8826,417,35265.72588564083,0.09057329150384927,56.0,14,0,0.0,2308.0,577,86,0.20623501199040767,6380.0,1595,145,0.34772182254196643
mineral_only_zero_geo,43,20,0.5,211,new,arizona,Gold,"[20,inf)",17240,344,68913.02039643517,0.03924961943704304,0.0,0,0,0.0,8.0,2,0,0.0,1688.0,422,25,0.07267441860465117
mineral_only_zero_geo,43,20,0.5,211,new,arizona,Gold,no_context,12600,27,50400.0,0.0020150860405906096,0.0,0,0,0.0,0.0,0,0,0.0,44.0,11,0,0.0
mineral_only_zero_geo,43,20,0.5,211,new,arizona,Copper,"[0,5)",1158,176,4632.0,0.27612621769353135,1528.0,382,85,0.48295454545454547,3540.0,885,156,0.8863636363636364,4216.0,1054,168,0.9545454545454546
mineral_only_zero_geo,43,20,0.5,211,new,arizona,Copper,"[5,10)",2950,251,11800.0,0.12819045665633316,160.0,40,5,0.0199203187250996,3584.0,896,111,0.44223107569721115,6580.0,1645,170,0.6772908366533864
mineral_only_zero_geo,43,20,0.5,211,new,arizona,Copper,"[10,20)",9546,458,38158.960252236575,0.08612047895745768,4.0,1,0,0.0,1276.0,319,42,0.09170305676855896,5608.0,1402,142,0.31004366812227074
mineral_only_zero_geo,43,20,0.5,211,new,arizona,Copper,"[20,inf)",18741,395,74903.78602983942,0.03847301572731582,0.0,0,0,0.0,56.0,14,0,0.0,392.0,98,3,0.007594936708860759
mineral_only_zero_geo,43,20,0.5,211,new,arizona,Copper,no_context,9900,30,39600.0,0.0029548334056674038,0.0,0,0,0.0,0.0,0,0,0.0,116.0,29,0,0.0
mineral_only_zero_geo,43,20,0.5,211,new,colorado,Gold,"[0,5)",1127,233,4508.0,0.39262834920349543,1572.0,393,135,0.5793991416309013,3216.0,804,200,0.8583690987124464,3872.0,968,221,0.9484978540772532
mineral_only_zero_geo,43,20,0.5,211,new,colorado,Gold,"[5,10)",2716,274,10864.0,0.18379196045186327,124.0,31,5,0.01824817518248175,2684.0,671,135,0.4927007299270073,5360.0,1340,189,0.6897810218978102
mineral_only_zero_geo,43,20,0.5,211,new,colorado,Gold,"[10,20)",8223,434,32892.0,0.07737355773390013,4.0,1,0,0.0,1816.0,454,39,0.08986175115207373,6160.0,1540,132,0.30414746543778803
mineral_only_zero_geo,43,20,0.5,211,new,colorado,Gold,"[20,inf)",16634,423,66536.0,0.0271319406319262,0.0,0,0,0.0,780.0,195,0,0.0,1580.0,395,4,0.009456264775413711
mineral_only_zero_geo,43,20,0.5,211,new,colorado,Gold,no_context,13800,11,55200.0,0.0009641235118883147,0.0,0,0,0.0,4.0,1,0,0.0,28.0,7,0,0.0
mineral_only_zero_geo,43,20,0.5,211,new,colorado,Copper,"[0,5)",807,138,3228.0,0.31559811339472854,1384.0,346,87,0.6304347826086957,2552.0,638,128,0.927536231884058,2956.0,739,134,0.9710144927536232
mineral_only_zero_geo,43,20,0.5,211,new,colorado,Copper,"[5,10)",2161,165,8644.0,0.13263506206879802,304.0,76,11,0.06666666666666667,2828.0,707,89,0.5393939393939394,5168.0,1292,141,0.8545454545454545
mineral_only_zero_geo,43,20,0.5,211,new,colorado,Copper,"[10,20)",6669,274,26676.0,0.06442304161794245,12.0,3,1,0.0036496350364963502,1832.0,458,36,0.13138686131386862,5564.0,1391,90,0.3284671532846715
mineral_only_zero_geo,43,20,0.5,211,new,colorado,Copper,"[20,inf)",19063,227,76252.0,0.014186039910866763,0.0,0,0,0.0,1272.0,318,0,0.0,3124.0,781,5,0.022026431718061675
mineral_only_zero_geo,43,20,0.5,211,new,colorado,Copper,no_context,13800,35,55200.0,0.0029037700230200502,0.0,0,0,0.0,16.0,4,0,0.0,188.0,47,0,0.0
mineral_only_zero_geo,43,20,0.5,307,new,nevada,Gold,"[0,5)",2134,367,8536.0,0.3526600760061386,1572.0,393,132,0.35967302452316074,4832.0,1208,277,0.7547683923705722,6520.0,1630,328,0.8937329700272479
mineral_only_zero_geo,43,20,0.5,307,new,nevada,Gold,"[5,10)",5419,456,21676.0,0.1326315126222492,28.0,7,1,0.0021929824561403508,2424.0,606,101,0.22149122807017543,6292.0,1573,207,0.45394736842105265
mineral_only_zero_geo,43,20,0.5,307,new,nevada,Gold,"[10,20)",15388,848,61552.0,0.09414385884604419,0.0,0,0,0.0,744.0,186,25,0.0294811320754717,3168.0,792,88,0.10377358490566038
mineral_only_zero_geo,43,20,0.5,307,new,nevada,Gold,"[20,inf)",17059,677,68236.0,0.05992488628890125,0.0,0,0,0.0,0.0,0,0,0.0,20.0,5,0,0.0
mineral_only_zero_geo,43,20,0.5,307,new,nevada,Gold,no_context,0,0,0.0,,0.0,0,0,,0.0,0,0,,0.0,0,0,
mineral_only_zero_geo,43,20,0.5,307,new,nevada,Copper,"[0,5)",1284,156,5136.0,0.21959094865328802,1556.0,389,74,0.47435897435897434,3900.0,975,132,0.8461538461538461,4452.0,1113,145,0.9294871794871795
mineral_only_zero_geo,43,20,0.5,307,new,nevada,Copper,"[5,10)",3592,170,14368.0,0.06533834071966325,44.0,11,0,0.0,2912.0,728,45,0.2647058823529412,6296.0,1574,106,0.6235294117647059
mineral_only_zero_geo,43,20,0.5,307,new,nevada,Copper,"[10,20)",12777,410,51108.0,0.050731617926112534,0.0,0,0,0.0,1060.0,265,20,0.04878048780487805,4428.0,1107,61,0.14878048780487804
mineral_only_zero_geo,43,20,0.5,307,new,nevada,Copper,"[20,inf)",22347,476,89388.0,0.03076192948358842,0.0,0,0,0.0,128.0,32,3,0.0063025210084033615,824.0,206,10,0.02100840336134454
mineral_only_zero_geo,43,20,0.5,307,new,nevada,Copper,no_context,0,0,0.0,,0.0,0,0,,0.0,0,0,,0.0,0,0,
mineral_only_zero_geo,43,20,0.5,307,new,arizona,Gold,"[0,5)",991,179,3955.1729207634926,0.30664167062575226,1292.0,323,86,0.48044692737430167,2901.9192686080933,726,151,0.8435754189944135,3442.0472323298454,862,167,0.9329608938547486
mineral_only_zero_geo,43,20,0.5,307,new,arizona,Gold,"[5,10)",2657,230,10614.117837281432,0.14318373209825283,276.0,69,15,0.06521739130434782,2972.0,743,97,0.4217391304347826,5355.685088098049,1341,147,0.6391304347826087
mineral_only_zero_geo,43,20,0.5,307,new,arizona,Gold,"[10,20)",9093,402,36339.63705498353,0.09148526099283459,124.0,31,0,0.0,2432.0,608,76,0.1890547263681592,7432.851138532162,1859,174,0.43283582089552236
mineral_only_zero_geo,43,20,0.5,307,new,arizona,Gold,"[20,inf)",15754,347,62985.81846904755,0.029322059247944964,0.0,0,0,0.0,132.0,33,0,0.0,604.0,151,7,0.020172910662824207
mineral_only_zero_geo,43,20,0.5,307,new,arizona,Gold,no_context,13800,14,55200.0,0.0013650912347350195,0.0,0,0,0.0,20.0,5,0,0.0,76.0,19,0,0.0
mineral_only_zero_geo,43,20,0.5,307,new,arizona,Copper,"[0,5)",1220,208,4871.172920763493,0.2788114969483046,1464.0,366,91,0.4375,3555.3603685498238,891,172,0.8269230769230769,4319.360368549824,1082,191,0.9182692307692307
mineral_only_zero_geo,43,20,0.5,307,new,arizona,Copper,"[5,10)",3094,255,12362.117837281432,0.1378160429189881,204.0,51,16,0.06274509803921569,3521.1596872210503,882,108,0.4235294117647059,6454.14049658319,1617,163,0.6392156862745098
mineral_only_zero_geo,43,20,0.5,307,new,arizona,Copper,"[10,20)",9959,451,39803.63705498353,0.09008901242096527,24.0,6,0,0.0,1352.0,338,53,0.11751662971175167,5612.851138532162,1404,132,0.2926829268292683
mineral_only_zero_geo,43,20,0.5,307,new,arizona,Copper,"[20,inf)",15522,388,62057.81846904755,0.028874261627631185,0.0,0,0,0.0,16.0,4,0,0.0,300.0,75,2,0.005154639175257732
mineral_only_zero_geo,43,20,0.5,307,new,arizona,Copper,no_context,12500,8,50000.0,0.0006156462545837605,0.0,0,0,0.0,12.0,3,0,0.0,224.0,56,0,0.0
mineral_only_zero_geo,43,20,0.5,307,new,colorado,Gold,"[0,5)",1217,296,4868.0,0.46609440174454847,1488.0,372,160,0.5405405405405406,3060.0,765,250,0.8445945945945946,3972.0,993,276,0.9324324324324325
mineral_only_zero_geo,43,20,0.5,307,new,colorado,Gold,"[5,10)",2846,301,11384.0,0.25691518271218555,192.0,48,16,0.053156146179401995,2564.0,641,162,0.5382059800664452,4716.0,1179,224,0.7441860465116279
mineral_only_zero_geo,43,20,0.5,307,new,colorado,Gold,"[10,20)",8829,489,35316.0,0.12899732422713261,20.0,5,0,0.0,2396.0,599,101,0.2065439672801636,6288.0,1572,204,0.4171779141104294
mineral_only_zero_geo,43,20,0.5,307,new,colorado,Gold,"[20,inf)",15908,278,63632.0,0.02299205290009472,0.0,0,0,0.0,480.0,120,1,0.0035971223021582736,2024.0,506,6,0.02158273381294964
mineral_only_zero_geo,43,20,0.5,307,new,colorado,Gold,no_context,13700,11,54800.0,0.000726631364558609,0.0,0,0,0.0,0.0,0,0,0.0,0.0,0,0,0.0
mineral_only_zero_geo,43,20,0.5,307,new,colorado,Copper,"[0,5)",848,173,3392.0,0.3940756960472747,1380.0,345,111,0.6416184971098265,2564.0,641,157,0.9075144508670521,3040.0,760,171,0.9884393063583815
mineral_only_zero_geo,43,20,0.5,307,new,colorado,Copper,"[5,10)",2173,181,8692.0,0.2125796914549964,292.0,73,19,0.10497237569060773,2812.0,703,119,0.6574585635359116,4628.0,1157,150,0.8287292817679558
mineral_only_zero_geo,43,20,0.5,307,new,colorado,Copper,"[10,20)",7998,288,31992.0,0.0803094269800249,28.0,7,2,0.006944444444444444,2368.0,592,55,0.1909722222222222,6348.0,1587,125,0.4340277777777778
mineral_only_zero_geo,43,20,0.5,307,new,colorado,Copper,"[20,inf)",21581,191,86324.0,0.011176904888067055,0.0,0,0,0.0,756.0,189,1,0.005235602094240838,2984.0,746,4,0.020942408376963352
mineral_only_zero_geo,43,20,0.5,307,new,colorado,Copper,no_context,9900,6,39600.0,0.000981735818923517,0.0,0,0,0.0,0.0,0,0,0.0,0.0,0,0,0.0
mineral_only_zero_geo,43,20,1.0,0,inherited,nevada,Gold,"[0,5)",3988,669,15952.0,0.32024515369706835,1592.0,398,153,0.22869955156950672,5908.0,1477,401,0.5994020926756353,8640.0,2160,503,0.7518684603886397
mineral_only_zero_geo,43,20,1.0,0,inherited,nevada,Gold,"[5,10)",9792,763,39168.0,0.1457908796917487,8.0,2,1,0.001310615989515072,1756.0,439,77,0.10091743119266056,5232.0,1308,222,0.290956749672346
mineral_only_zero_geo,43,20,1.0,0,inherited,nevada,Gold,"[10,20)",19950,787,79800.0,0.08193748959095998,0.0,0,0,0.0,336.0,84,12,0.015247776365946633,2120.0,530,76,0.096569250317662
mineral_only_zero_geo,43,20,1.0,0,inherited,nevada,Gold,"[20,inf)",6270,129,25080.0,0.035559428867260795,0.0,0,0,0.0,0.0,0,0,0.0,8.0,2,0,0.0
mineral_only_zero_geo,43,20,1.0,0,inherited,nevada,Gold,no_context,0,0,0.0,,0.0,0,0,,0.0,0,0,,0.0,0,0,
mineral_only_zero_geo,43,20,1.0,0,inherited,nevada,Copper,"[0,5)",2486,296,9944.0,0.20513833608758897,1576.0,394,91,0.30743243243243246,5808.0,1452,226,0.7635135135135135,7476.0,1869,262,0.8851351351351351
mineral_only_zero_geo,43,20,1.0,0,inherited,nevada,Copper,"[5,10)",7017,353,28068.0,0.08331996421476681,24.0,6,1,0.0028328611898017,1668.0,417,38,0.10764872521246459,5448.0,1362,128,0.3626062322946176
mineral_only_zero_geo,43,20,1.0,0,inherited,nevada,Copper,"[10,20)",19207,437,76828.0,0.0421743414563104,0.0,0,0,0.0,512.0,128,10,0.02288329519450801,2964.0,741,39,0.08924485125858124
mineral_only_zero_geo,43,20,1.0,0,inherited,nevada,Copper,"[20,inf)",11290,126,45160.0,0.03670453552197044,0.0,0,0,0.0,12.0,3,2,0.015873015873015872,112.0,28,4,0.031746031746031744
mineral_only_zero_geo,43,20,1.0,0,inherited,nevada,Copper,no_context,0,0,0.0,,0.0,0,0,,0.0,0,0,,0.0,0,0,
mineral_only_zero_geo,43,20,1.0,0,inherited,arizona,Gold,"[0,5)",2014,338,8047.172920763493,0.3055414082201567,1584.0,396,118,0.34911242603550297,3980.0,995,232,0.6863905325443787,5697.919268608093,1425,289,0.8550295857988166
mineral_only_zero_geo,43,20,1.0,0,inherited,arizona,Gold,"[5,10)",4939,408,19742.117837281432,0.15851615856677753,96.0,24,4,0.00980392156862745,2908.0,727,128,0.3137254901960784,5908.0,1477,201,0.49264705882352944
mineral_only_zero_geo,43,20,1.0,0,inherited,arizona,Gold,"[10,20)",12676,355,50653.28364360705,0.06861407085482912,12.0,3,0,0.0,1568.0,392,51,0.14366197183098592,5292.0,1323,97,0.27323943661971833
mineral_only_zero_geo,43,20,1.0,0,inherited,arizona,Gold,"[20,inf)",11266,68,45052.17188042402,0.012468885996073641,0.0,0,0,0.0,0.0,0,0,0.0,12.0,3,0,0.0
mineral_only_zero_geo,43,20,1.0,0,inherited,arizona,Gold,no_context,11400,3,45600.0,0.0012152829654713344,0.0,0,0,0.0,0.0,0,0,0.0,0.0,0,0,0.0
mineral_only_zero_geo,43,20,1.0,0,inherited,arizona,Copper,"[0,5)",2307,376,9219.172920763493,0.31446187999143177,1628.0,407,136,0.3617021276595745,5085.919268608093,1272,274,0.7287234042553191,6763.360368549824,1693,323,0.8590425531914894
mineral_only_zero_geo,43,20,1.0,0,inherited,arizona,Copper,"[5,10)",5590,456,22346.117837281432,0.166846878141404,64.0,16,8,0.017543859649122806,2604.0,651,119,0.26096491228070173,6380.0,1595,231,0.506578947368421
mineral_only_zero_geo,43,20,1.0,0,inherited,arizona,Copper,"[10,20)",13381,416,53486.518010202795,0.07144685010118618,0.0,0,0,0.0,728.0,182,15,0.036057692307692304,3640.0,910,93,0.22355769230769232
mineral_only_zero_geo,43,20,1.0,0,inherited,arizona,Copper,"[20,inf)",13517,62,54042.93751382828,0.01692401342152401,0.0,0,0,0.0,40.0,10,0,0.0,128.0,32,0,0.0
mineral_only_zero_geo,43,20,1.0,0,inherited,arizona,Copper,no_context,7500,0,30000.0,,0.0,0,0,,0.0,0,0,,0.0,0,0,
mineral_only_zero_geo,43,20,1.0,0,inherited,colorado,Gold,"[0,5)",2135,457,8540.0,0.45513726337861926,1624.0,406,187,0.40919037199124725,4208.0,1052,340,0.7439824945295405,5908.0,1477,404,0.8840262582056893
mineral_only_zero_geo,43,20,1.0,0,inherited,colorado,Gold,"[5,10)",4942,452,19768.0,0.26111524840478073,76.0,19,8,0.017699115044247787,2768.0,692,193,0.4269911504424779,5912.0,1478,281,0.6216814159292036
mineral_only_zero_geo,43,20,1.0,0,inherited,colorado,Gold,"[10,20)",12043,397,48172.0,0.09298053482562331,0.0,0,0,0.0,1412.0,353,58,0.14609571788413098,4712.0,1178,112,0.28211586901763225
mineral_only_zero_geo,43,20,1.0,0,inherited,colorado,Gold,"[20,inf)",13380,58,53520.0,0.008337109233507225,0.0,0,0,0.0,112.0,28,0,0.0,468.0,117,1,0.017241379310344827
mineral_only_zero_geo,43,20,1.0,0,inherited,colorado,Gold,no_context,10000,11,40000.0,0.0018689735112928376,0.0,0,0,0.0,0.0,0,0,0.0,0.0,0,0,0.0
mineral_only_zero_geo,43,20,1.0,0,inherited,colorado,Copper,"[0,5)",1404,225,5616.0,0.3465187169408703,1532.0,383,116,0.5155555555555555,3680.0,920,197,0.8755555555555555,4508.0,1127,215,0.9555555555555556
mineral_only_zero_geo,43,20,1.0,0,inherited,colorado,Copper,"[5,10)",3744,253,14976.0,0.1845698465297795,168.0,42,15,0.05928853754940711,2828.0,707,119,0.47035573122529645,5968.0,1492,181,0.7154150197628458
mineral_only_zero_geo,43,20,1.0,0,inherited,colorado,Copper,"[10,20)",10754,276,43016.0,0.08569476833672178,0.0,0,0,0.0,1696.0,424,61,0.2210144927536232,5388.0,1347,111,0.40217391304347827
mineral_only_zero_geo,43,20,1.0,0,inherited,colorado,Copper,"[20,inf)",19198,82,76792.0,0.007187846620431317,0.0,0,0,0.0,296.0,74,0,0.0,1136.0,284,0,0.0
mineral_only_zero_geo,43,20,1.0,0,inherited,colorado,Copper,no_context,7400,3,29600.0,0.0005618494661752811,0.0,0,0,0.0,0.0,0,0,0.0,0.0,0,0,0.0
nearest,0,10,0.0,0,new,nevada,Gold,"[0,5)",0,0,0.0,,0.0,0,0,,0.0,0,0,,0.0,0,0,
nearest,0,10,0.0,0,new,nevada,Gold,"[5,10)",0,0,0.0,,0.0,0,0,,0.0,0,0,,0.0,0,0,
nearest,0,10,0.0,0,new,nevada,Gold,"[10,20)",0,0,0.0,,0.0,0,0,,0.0,0,0,,0.0,0,0,
nearest,0,10,0.0,0,new,nevada,Gold,"[20,inf)",0,0,0.0,,0.0,0,0,,0.0,0,0,,0.0,0,0,
nearest,0,10,0.0,0,new,nevada,Gold,no_context,40000,2348,160000.0,0.058699999999999995,1600.0,400,23,0.009795570698466781,8000.0,2000,111,0.04727427597955707,16000.0,4000,243,0.1034923339011925
nearest,0,10,0.0,0,new,nevada,Copper,"[0,5)",0,0,0.0,,0.0,0,0,,0.0,0,0,,0.0,0,0,
nearest,0,10,0.0,0,new,nevada,Copper,"[5,10)",0,0,0.0,,0.0,0,0,,0.0,0,0,,0.0,0,0,
nearest,0,10,0.0,0,new,nevada,Copper,"[10,20)",0,0,0.0,,0.0,0,0,,0.0,0,0,,0.0,0,0,
nearest,0,10,0.0,0,new,nevada,Copper,"[20,inf)",0,0,0.0,,0.0,0,0,,0.0,0,0,,0.0,0,0,
nearest,0,10,0.0,0,new,nevada,Copper,no_context,40000,1212,160000.0,0.030299999999999997,1600.0,400,11,0.009075907590759076,8000.0,2000,60,0.04950495049504951,16000.0,4000,123,0.10148514851485149
nearest,0,10,0.0,0,new,arizona,Gold,"[0,5)",0,0,0.0,,0.0,0,0,,0.0,0,0,,0.0,0,0,
nearest,0,10,0.0,0,new,arizona,Gold,"[5,10)",0,0,0.0,,0.0,0,0,,0.0,0,0,,0.0,0,0,
nearest,0,10,0.0,0,new,arizona,Gold,"[10,20)",0,0,0.0,,0.0,0,0,,0.0,0,0,,0.0,0,0,
nearest,0,10,0.0,0,new,arizona,Gold,"[20,inf)",0,0,0.0,,0.0,0,0,,0.0,0,0,,0.0,0,0,
nearest,0,10,0.0,0,new,arizona,Gold,no_context,42295,1172,169094.746282076,0.02771013122118454,1692.0,423,10,0.008532423208191127,8456.0,2114,60,0.051194539249146756,16910.2060251832,4230,123,0.10494880546075085
nearest,0,10,0.0,0,new,arizona,Copper,"[0,5)",0,0,0.0,,0.0,0,0,,0.0,0,0,,0.0,0,0,
nearest,0,10,0.0,0,new,arizona,Copper,"[5,10)",0,0,0.0,,0.0,0,0,,0.0,0,0,,0.0,0,0,
nearest,0,10,0.0,0,new,arizona,Copper,"[10,20)",0,0,0.0,,0.0,0,0,,0.0,0,0,,0.0,0,0,
nearest,0,10,0.0,0,new,arizona,Copper,"[20,inf)",0,0,0.0,,0.0,0,0,,0.0,0,0,,0.0,0,0,
nearest,0,10,0.0,0,new,arizona,Copper,no_context,42295,1310,169094.746282076,0.030972928242108996,1692.0,423,10,0.007633587786259542,8456.0,2114,70,0.05343511450381679,16910.2060251832,4230,128,0.09770992366412214
nearest,0,10,0.0,0,new,colorado,Gold,"[0,5)",0,0,0.0,,0.0,0,0,,0.0,0,0,,0.0,0,0,
nearest,0,10,0.0,0,new,colorado,Gold,"[5,10)",0,0,0.0,,0.0,0,0,,0.0,0,0,,0.0,0,0,
nearest,0,10,0.0,0,new,colorado,Gold,"[10,20)",0,0,0.0,,0.0,0,0,,0.0,0,0,,0.0,0,0,
nearest,0,10,0.0,0,new,colorado,Gold,"[20,inf)",0,0,0.0,,0.0,0,0,,0.0,0,0,,0.0,0,0,
nearest,0,10,0.0,0,new,colorado,Gold,no_context,42500,1375,170000.0,0.032352941176470584,1700.0,425,10,0.007272727272727273,8500.0,2125,64,0.04654545454545454,17000.0,4250,144,0.10472727272727272
nearest,0,10,0.0,0,new,colorado,Copper,"[0,5)",0,0,0.0,,0.0,0,0,,0.0,0,0,,0.0,0,0,
nearest,0,10,0.0,0,new,colorado,Copper,"[5,10)",0,0,0.0,,0.0,0,0,,0.0,0,0,,0.0,0,0,
nearest,0,10,0.0,0,new,colorado,Copper,"[10,20)",0,0,0.0,,0.0,0,0,,0.0,0,0,,0.0,0,0,
nearest,0,10,0.0,0,new,colorado,Copper,"[20,inf)",0,0,0.0,,0.0,0,0,,0.0,0,0,,0.0,0,0,
nearest,0,10,0.0,0,new,colorado,Copper,no_context,42500,839,170000.0,0.019741176470588234,1700.0,425,5,0.0059594755661501785,8500.0,2125,38,0.04529201430274136,17000.0,4250,74,0.08820023837902265
nearest,0,10,0.25,101,new,nevada,Gold,"[0,5)",2249,390,8996.0,0.22846398739691187,1600.0,400,116,0.29743589743589743,8000.0,2000,359,0.9205128205128205,8996.0,2249,390,1.0
nearest,0,10,0.25,101,new,nevada,Gold,"[5,10)",4947,442,19788.0,0.1038319171167584,0.0,0,0,0.0,0.0,0,0,0.0,7004.0,1751,188,0.4253393665158371
nearest,0,10,0.25,101,new,nevada,Gold,"[10,20)",11505,666,46020.0,0.05889921075043059,0.0,0,0,0.0,0.0,0,0,0.0,0.0,0,0,0.0
nearest,0,10,0.25,101,new,nevada,Gold,"[20,inf)",21299,850,85196.0,0.05329541379539939,0.0,0,0,0.0,0.0,0,0,0.0,0.0,0,0,0.0
nearest,0,10,0.25,101,new,nevada,Gold,no_context,0,0,0.0,,0.0,0,0,,0.0,0,0,,0.0,0,0,
nearest,0,10,0.25,101,new,nevada,Copper,"[0,5)",1427,189,5708.0,0.1872699070749894,1600.0,400,80,0.42328042328042326,5708.0,1427,189,1.0,5708.0,1427,189,1.0
nearest,0,10,0.25,101,new,nevada,Copper,"[5,10)",3546,171,14184.0,0.06299659170825224,0.0,0,0,0.0,2292.0,573,45,0.2631578947368421,10292.0,2573,136,0.7953216374269005
nearest,0,10,0.25,101,new,nevada,Copper,"[10,20)",9217,327,36868.0,0.034264264652215895,0.0,0,0,0.0,0.0,0,0,0.0,0.0,0,0,0.0
nearest,0,10,0.25,101,new,nevada,Copper,"[20,inf)",25810,525,103240.0,0.024711654265922308,0.0,0,0,0.0,0.0,0,0,0.0,0.0,0,0,0.0
nearest,0,10,0.25,101,new,nevada,Copper,no_context,0,0,0.0,,0.0,0,0,,0.0,0,0,,0.0,0,0,
nearest,0,10,0.25,101,new,arizona,Gold,"[0,5)",1247,194,4979.172920763493,0.2006592764250243,1692.0,423,91,0.4690721649484536,4979.172920763493,1247,194,1.0,4979.172920763493,1247,194,1.0
nearest,0,10,0.25,101,new,arizona,Gold,"[5,10)",2701,228,10790.117837281432,0.09134748628428142,0.0,0,0,0.0,3479.0044004917145,870,83,0.36403508771929827,10790.117837281432,2701,228,1.0
nearest,0,10,0.25,101,new,arizona,Gold,"[10,20)",6349,358,25371.2179623954,0.055211372016379386,0.0,0,0,0.0,0.0,0,0,0.0,1143.2393299937248,287,12,0.0335195530726257
nearest,0,10,0.25,101,new,arizona,Gold,"[20,inf)",18248,389,72954.23756163567,0.03670579705462107,0.0,0,0,0.0,0.0,0,0,0.0,0.0,0,0,0.0
nearest,0,10,0.25,101,new,arizona,Gold,no_context,13750,3,55000.0,0.00021818181818181818,0.0,0,0,0.0,0.0,0,0,0.0,0.0,0,0,0.0
nearest,0,10,0.25,101,new,arizona,Copper,"[0,5)",1415,227,5651.172920763493,0.2321974095759605,1692.0,423,106,0.4669603524229075,5651.172920763493,1415,227,1.0,5651.172920763493,1415,227,1.0
nearest,0,10,0.25,101,new,arizona,Copper,"[5,10)",3067,253,12250.350196869578,0.09228650349800376,0.0,0,0,0.0,2807.0044004917145,702,74,0.2924901185770751,11259.0861890628,2819,237,0.9367588932806324
nearest,0,10,0.25,101,new,arizona,Copper,"[10,20)",6964,402,27834.985602807254,0.05841397958007571,0.0,0,0,0.0,0.0,0,0,0.0,0.0,0,0,0.0
nearest,0,10,0.25,101,new,arizona,Copper,"[20,inf)",18349,420,73358.23756163567,0.04600359400584741,0.0,0,0,0.0,0.0,0,0,0.0,0.0,0,0,0.0
nearest,0,10,0.25,101,new,arizona,Copper,no_context,12500,8,50000.0,0.00064,0.0,0,0,0.0,0.0,0,0,0.0,0.0,0,0,0.0
nearest,0,10,0.25,101,new,colorado,Gold,"[0,5)",1220,284,4880.0,0.31097013583270916,1700.0,425,126,0.44366197183098594,4880.0,1220,284,1.0,4880.0,1220,284,1.0
nearest,0,10,0.25,101,new,colorado,Gold,"[5,10)",2569,235,10276.0,0.11703591938060673,0.0,0,0,0.0,3620.0,905,118,0.502127659574468,10276.0,2569,235,1.0
nearest,0,10,0.25,101,new,colorado,Gold,"[10,20)",6178,378,24712.0,0.06535546726446485,0.0,0,0,0.0,0.0,0,0,0.0,1844.0,461,34,0.08994708994708994
nearest,0,10,0.25,101,new,colorado,Gold,"[20,inf)",17533,444,70132.0,0.02921081675787676,0.0,0,0,0.0,0.0,0,0,0.0,0.0,0,0,0.0
nearest,0,10,0.25,101,new,colorado,Gold,no_context,15000,34,60000.0,0.002266666666666667,0.0,0,0,0.0,0.0,0,0,0.0,0.0,0,0,0.0
nearest,0,10,0.25,101,new,colorado,Copper,"[0,5)",763,130,3052.0,0.24005225020981286,1700.0,425,92,0.7076923076923077,3052.0,763,130,1.0,3052.0,763,130,1.0
nearest,0,10,0.25,101,new,colorado,Copper,"[5,10)",1778,101,7112.0,0.06636775913835616,0.0,0,0,0.0,5448.0,1362,85,0.8415841584158416,7112.0,1778,101,1.0
nearest,0,10,0.25,101,new,colorado,Copper,"[10,20)",4506,230,18024.0,0.05054605327365268,0.0,0,0,0.0,0.0,0,0,0.0,6836.0,1709,85,0.3695652173913043
nearest,0,10,0.25,101,new,colorado,Copper,"[20,inf)",21703,351,86812.0,0.026963184405922914,0.0,0,0,0.0,0.0,0,0,0.0,0.0,0,0,0.0
nearest,0,10,0.25,101,new,colorado,Copper,no_context,13750,27,55000.0,0.0019636363636363636,0.0,0,0,0.0,0.0,0,0,0.0,0.0,0,0,0.0
nearest,0,10,0.25,211,new,nevada,Gold,"[0,5)",2219,364,8876.0,0.21174078317559603,1600.0,400,107,0.29395604395604397,8000.0,2000,343,0.9423076923076923,8876.0,2219,364,1.0
nearest,0,10,0.25,211,new,nevada,Gold,"[5,10)",4898,407,19592.0,0.09529966986613278,0.0,0,0,0.0,0.0,0,0,0.0,7124.0,1781,162,0.39803439803439805
nearest,0,10,0.25,211,new,nevada,Gold,"[10,20)",11000,659,44000.0,0.059915306104841796,0.0,0,0,0.0,0.0,0,0,0.0,0.0,0,0,0.0
nearest,0,10,0.25,211,new,nevada,Gold,"[20,inf)",20633,862,82532.0,0.0514738879145309,0.0,0,0,0.0,0.0,0,0,0.0,0.0,0,0,0.0
nearest,0,10,0.25,211,new,nevada,Gold,no_context,1250,56,5000.0,0.0448,0.0,0,0,0.0,0.0,0,0,0.0,0.0,0,0,0.0
nearest,0,10,0.25,211,new,nevada,Copper,"[0,5)",1389,158,5556.0,0.18137847034479374,1600.0,400,78,0.4936708860759494,5556.0,1389,158,1.0,5556.0,1389,158,1.0
nearest,0,10,0.25,211,new,nevada,Copper,"[5,10)",3498,172,13992.0,0.05929717941359378,0.0,0,0,0.0,2444.0,611,44,0.2558139534883721,10444.0,2611,135,0.7848837209302325
nearest,0,10,0.25,211,new,nevada,Copper,"[10,20)",8696,333,34784.0,0.035839995355559255,0.0,0,0,0.0,0.0,0,0,0.0,0.0,0,0,0.0
nearest,0,10,0.25,211,new,nevada,Copper,"[20,inf)",25167,526,100668.0,0.027017278899449215,0.0,0,0,0.0,0.0,0,0,0.0,0.0,0,0,0.0
nearest,0,10,0.25,211,new,nevada,Copper,no_context,1250,23,5000.0,0.0184,0.0,0,0,0.0,0.0,0,0,0.0,0.0,0,0,0.0
nearest,0,10,0.25,211,new,arizona,Gold,"[0,5)",1161,188,4644.0,0.23286917251400627,1692.0,423,99,0.526595744680851,4644.0,1161,188,1.0,4644.0,1161,188,1.0
nearest,0,10,0.25,211,new,arizona,Gold,"[5,10)",2485,190,9940.0,0.08052967489711214,0.0,0,0,0.0,3812.0,953,82,0.43157894736842106,9940.0,2485,190,1.0
nearest,0,10,0.25,211,new,arizona,Gold,"[10,20)",5948,328,23777.063062746078,0.05656671757071999,0.0,0,0,0.0,0.0,0,0,0.0,2328.0,582,32,0.0975609756097561
nearest,0,10,0.25,211,new,arizona,Gold,"[20,inf)",20201,463,80733.68321932992,0.041522600657522245,0.0,0,0,0.0,0.0,0,0,0.0,0.0,0,0,0.0
nearest,0,10,0.25,211,new,arizona,Gold,no_context,12500,3,50000.0,0.00024,0.0,0,0,0.0,0.0,0,0,0.0,0.0,0,0,0.0
nearest,0,10,0.25,211,new,arizona,Copper,"[0,5)",1242,197,4968.0,0.22447159306519548,1692.0,423,94,0.47715736040609136,4968.0,1242,197,1.0,4968.0,1242,197,1.0
nearest,0,10,0.25,211,new,arizona,Copper,"[5,10)",2807,227,11228.0,0.0857667378022989,0.0,0,0,0.0,3488.0,872,72,0.31718061674008813,11228.0,2807,227,1.0
nearest,0,10,0.25,211,new,arizona,Copper,"[10,20)",6925,360,27685.063062746078,0.05257500743606233,0.0,0,0,0.0,0.0,0,0,0.0,716.0,179,10,0.027777777777777776
nearest,0,10,0.25,211,new,arizona,Copper,"[20,inf)",20071,519,80213.68321932992,0.04263179689662458,0.0,0,0,0.0,0.0,0,0,0.0,0.0,0,0,0.0
nearest,0,10,0.25,211,new,arizona,Copper,no_context,11250,7,45000.0,0.0006222222222222221,0.0,0,0,0.0,0.0,0,0,0.0,0.0,0,0,0.0
nearest,0,10,0.25,211,new,colorado,Gold,"[0,5)",1238,315,4952.0,0.35020587582642987,1700.0,425,145,0.4603174603174603,4952.0,1238,315,1.0,4952.0,1238,315,1.0
nearest,0,10,0.25,211,new,colorado,Gold,"[5,10)",2406,297,9624.0,0.14569096832824363,0.0,0,0,0.0,3548.0,887,144,0.48484848484848486,9624.0,2406,297,1.0
nearest,0,10,0.25,211,new,colorado,Gold,"[10,20)",5517,414,22068.0,0.08569110008716327,0.0,0,0,0.0,0.0,0,0,0.0,2424.0,606,64,0.15458937198067632
nearest,0,10,0.25,211,new,colorado,Gold,"[20,inf)",15839,309,63356.0,0.034324210240880344,0.0,0,0,0.0,0.0,0,0,0.0,0.0,0,0,0.0
nearest,0,10,0.25,211,new,colorado,Gold,no_context,17500,40,70000.0,0.002285714285714286,0.0,0,0,0.0,0.0,0,0,0.0,0.0,0,0,0.0
nearest,0,10,0.25,211,new,colorado,Copper,"[0,5)",824,168,3296.0,0.2575776291638472,1700.0,425,103,0.6130952380952381,3296.0,824,168,1.0,3296.0,824,168,1.0
nearest,0,10,0.25,211,new,colorado,Copper,"[5,10)",1877,143,7508.0,0.10207745344695636,0.0,0,0,0.0,5204.0,1301,117,0.8181818181818182,7508.0,1877,143,1.0
nearest,0,10,0.25,211,new,colorado,Copper,"[10,20)",4738,237,18952.0,0.058047613676711005,0.0,0,0,0.0,0.0,0,0,0.0,6196.0,1549,85,0.35864978902953587
nearest,0,10,0.25,211,new,colorado,Copper,"[20,inf)",18811,274,75244.0,0.026152311119256953,0.0,0,0,0.0,0.0,0,0,0.0,0.0,0,0,0.0
nearest,0,10,0.25,211,new,colorado,Copper,no_context,16250,17,65000.0,0.0010461538461538462,0.0,0,0,0.0,0.0,0,0,0.0,0.0,0,0,0.0
nearest,0,10,0.25,307,new,nevada,Gold,"[0,5)",2225,391,8900.0,0.22746625963803543,1600.0,400,114,0.2915601023017903,8000.0,2000,366,0.9360613810741688,8900.0,2225,391,1.0
nearest,0,10,0.25,307,new,nevada,Gold,"[5,10)",5003,409,20012.0,0.08761586330234589,0.0,0,0,0.0,0.0,0,0,0.0,7100.0,1775,162,0.3960880195599022
nearest,0,10,0.25,307,new,nevada,Gold,"[10,20)",10999,594,43996.0,0.05555116924784066,0.0,0,0,0.0,0.0,0,0,0.0,0.0,0,0,0.0
nearest,0,10,0.25,307,new,nevada,Gold,"[20,inf)",21773,954,87092.0,0.05048347282079989,0.0,0,0,0.0,0.0,0,0,0.0,0.0,0,0,0.0
nearest,0,10,0.25,307,new,nevada,Gold,no_context,0,0,0.0,,0.0,0,0,,0.0,0,0,,0.0,0,0,
nearest,0,10,0.25,307,new,nevada,Copper,"[0,5)",1336,189,5344.0,0.2108240738107712,1600.0,400,94,0.4973544973544973,5344.0,1336,189,1.0,5344.0,1336,189,1.0
nearest,0,10,0.25,307,new,nevada,Copper,"[5,10)",3588,192,14352.0,0.06909536105752788,0.0,0,0,0.0,2656.0,664,53,0.2760416666666667,10656.0,2664,152,0.7916666666666666
nearest,0,10,0.25,307,new,nevada,Copper,"[10,20)",8860,255,35440.0,0.03225069692053833,0.0,0,0,0.0,0.0,0,0,0.0,0.0,0,0,0.0
nearest,0,10,0.25,307,new,nevada,Copper,"[20,inf)",23716,531,94864.0,0.02758230219602707,0.0,0,0,0.0,0.0,0,0,0.0,0.0,0,0,0.0
nearest,0,10,0.25,307,new,nevada,Copper,no_context,2500,45,10000.0,0.018000000000000002,0.0,0,0,0.0,0.0,0,0,0.0,0.0,0,0,0.0
nearest,0,10,0.25,307,new,arizona,Gold,"[0,5)",1084,163,4336.0,0.2017650020368123,1692.0,423,81,0.49693251533742333,4336.0,1084,163,1.0,4336.0,1084,163,1.0
nearest,0,10,0.25,307,new,arizona,Gold,"[5,10)",2448,229,9791.488238811493,0.10181241121214586,0.0,0,0,0.0,4120.0,1030,110,0.48034934497816595,9791.488238811493,2448,229,1.0
nearest,0,10,0.25,307,new,arizona,Gold,"[10,20)",5751,363,22993.076178561896,0.07187288084630336,0.0,0,0,0.0,0.0,0,0,0.0,2784.0,696,52,0.14325068870523416
nearest,0,10,0.25,307,new,arizona,Gold,"[20,inf)",19262,414,76974.18186470261,0.03799606088701079,0.0,0,0,0.0,0.0,0,0,0.0,0.0,0,0,0.0
nearest,0,10,0.25,307,new,arizona,Gold,no_context,13750,3,55000.0,0.00021818181818181818,0.0,0,0,0.0,0.0,0,0,0.0,0.0,0,0,0.0
nearest,0,10,0.25,307,new,arizona,Copper,"[0,5)",1196,192,4784.0,0.20384069909923705,1692.0,423,91,0.4739583333333333,4784.0,1196,192,1.0,4784.0,1196,192,1.0
nearest,0,10,0.25,307,new,arizona,Copper,"[5,10)",2727,241,10907.488238811493,0.10229246106759426,0.0,0,0,0.0,3672.0,918,93,0.38589211618257263,10907.488238811493,2727,241,1.0
nearest,0,10,0.25,307,new,arizona,Copper,"[10,20)",6238,370,24941.076178561896,0.06328591772545661,0.0,0,0,0.0,0.0,0,0,0.0,1220.0,305,17,0.04594594594594595
nearest,0,10,0.25,307,new,arizona,Copper,"[20,inf)",18384,474,73462.18186470261,0.0404437967101335,0.0,0,0,0.0,0.0,0,0,0.0,0.0,0,0,0.0
nearest,0,10,0.25,307,new,arizona,Copper,no_context,13750,33,55000.0,0.0024000000000000002,0.0,0,0,0.0,0.0,0,0,0.0,0.0,0,0,0.0
nearest,0,10,0.25,307,new,colorado,Gold,"[0,5)",1143,232,4572.0,0.272021610090714,1700.0,425,113,0.4870689655172414,4572.0,1143,232,1.0,4572.0,1143,232,1.0
nearest,0,10,0.25,307,new,colorado,Gold,"[5,10)",2493,231,9972.0,0.11425206777363955,0.0,0,0,0.0,3928.0,982,124,0.5367965367965368,9972.0,2493,231,1.0
nearest,0,10,0.25,307,new,colorado,Gold,"[10,20)",5817,369,23268.0,0.06500315789581441,0.0,0,0,0.0,0.0,0,0,0.0,2456.0,614,45,0.12195121951219512
nearest,0,10,0.25,307,new,colorado,Gold,"[20,inf)",18047,518,72188.0,0.041676744492917105,0.0,0,0,0.0,0.0,0,0,0.0,0.0,0,0,0.0
nearest,0,10,0.25,307,new,colorado,Gold,no_context,15000,25,60000.0,0.0016666666666666666,0.0,0,0,0.0,0.0,0,0,0.0,0.0,0,0,0.0
nearest,0,10,0.25,307,new,colorado,Copper,"[0,5)",708,103,2832.0,0.19797653332483645,1700.0,425,76,0.7378640776699029,2832.0,708,103,1.0,2832.0,708,103,1.0
nearest,0,10,0.25,307,new,colorado,Copper,"[5,10)",1885,94,7540.0,0.06725356093891023,0.0,0,0,0.0,5668.0,1417,74,0.7872340425531915,7540.0,1885,94,1.0
nearest,0,10,0.25,307,new,colorado,Copper,"[10,20)",4809,190,19236.0,0.03805730956003276,0.0,0,0,0.0,0.0,0,0,0.0,6628.0,1657,56,0.29473684210526313
nearest,0,10,0.25,307,new,colorado,Copper,"[20,inf)",20098,417,80392.0,0.034801980789558644,0.0,0,0,0.0,0.0,0,0,0.0,0.0,0,0,0.0
nearest,0,10,0.25,307,new,colorado,Copper,no_context,15000,35,60000.0,0.002333333333333333,0.0,0,0,0.0,0.0,0,0,0.0,0.0,0,0,0.0
nearest,0,10,0.5,101,new,nevada,Gold,"[0,5)",4348,735,17392.0,0.23592893527914466,1600.0,400,128,0.17414965986394557,8000.0,2000,455,0.6190476190476191,16000.0,4000,699,0.9510204081632653
nearest,0,10,0.5,101,new,nevada,Gold,"[5,10)",8665,670,34660.0,0.09278847780877857,0.0,0,0,0.0,0.0,0,0,0.0,0.0,0,0,0.0
nearest,0,10,0.5,101,new,nevada,Gold,"[10,20)",13910,574,55640.0,0.04355597754438556,0.0,0,0,0.0,0.0,0,0,0.0,0.0,0,0,0.0
nearest,0,10,0.5,101,new,nevada,Gold,"[20,inf)",13077,369,52308.0,0.034495839547548625,0.0,0,0,0.0,0.0,0,0,0.0,0.0,0,0,0.0
nearest,0,10,0.5,101,new,nevada,Gold,no_context,0,0,0.0,,0.0,0,0,,0.0,0,0,,0.0,0,0,
nearest,0,10,0.5,101,new,nevada,Copper,"[0,5)",2597,330,10388.0,0.19263030035554443,1600.0,400,101,0.30606060606060603,8000.0,2000,290,0.8787878787878788,10388.0,2597,330,1.0
nearest,0,10,0.5,101,new,nevada,Copper,"[5,10)",6039,268,24156.0,0.055356713989849204,0.0,0,0,0.0,0.0,0,0,0.0,5612.0,1403,82,0.30597014925373134
nearest,0,10,0.5,101,new,nevada,Copper,"[10,20)",12469,340,49876.0,0.027777913647759413,0.0,0,0,0.0,0.0,0,0,0.0,0.0,0,0,0.0
nearest,0,10,0.5,101,new,nevada,Copper,"[20,inf)",18895,274,75580.0,0.017331630028685197,0.0,0,0,0.0,0.0,0,0,0.0,0.0,0,0,0.0
nearest,0,10,0.5,101,new,nevada,Copper,no_context,0,0,0.0,,0.0,0,0,,0.0,0,0,,0.0,0,0,
nearest,0,10,0.5,101,new,arizona,Gold,"[0,5)",2307,367,9215.194419384003,0.21051342291707892,1692.0,423,110,0.2997275204359673,8455.381867170334,2117,348,0.9482288828337875,9215.194419384003,2307,367,1.0
nearest,0,10,0.5,101,new,arizona,Gold,"[5,10)",4721,369,18863.386983962264,0.09070250195360359,0.0,0,0,0.0,0.0,0,0,0.0,7696.408089251723,1927,180,0.4878048780487805
nearest,0,10,0.5,101,new,arizona,Gold,"[10,20)",8635,298,34525.92731709406,0.04843429045579088,0.0,0,0,0.0,0.0,0,0,0.0,0.0,0,0,0.0
nearest,0,10,0.5,101,new,arizona,Gold,"[20,inf)",12882,135,51490.23756163567,0.01747798925938229,0.0,0,0,0.0,0.0,0,0,0.0,0.0,0,0,0.0
nearest,0,10,0.5,101,new,arizona,Gold,no_context,13750,3,55000.0,0.00021818181818181818,0.0,0,0,0.0,0.0,0,0,0.0,0.0,0,0,0.0
nearest,0,10,0.5,101,new,arizona,Copper,"[0,5)",2798,457,11183.172920763493,0.22392496969232967,1692.0,423,125,0.2735229759299781,8457.919268608093,2115,387,0.8468271334792122,11183.172920763493,2798,457,1.0
nearest,0,10,0.5,101,new,arizona,Copper,"[5,10)",5407,399,21610.35019686958,0.08997730786574598,0.0,0,0,0.0,0.0,0,0,0.0,5727.0044004917145,1432,144,0.3609022556390977
nearest,0,10,0.5,101,new,arizona,Copper,"[10,20)",9299,288,37174.98560280725,0.03936197903229804,0.0,0,0,0.0,0.0,0,0,0.0,0.0,0,0,0.0
nearest,0,10,0.5,101,new,arizona,Copper,"[20,inf)",14791,159,59126.23756163567,0.02299442604629353,0.0,0,0,0.0,0.0,0,0,0.0,0.0,0,0,0.0
nearest,0,10,0.5,101,new,arizona,Copper,no_context,10000,7,40000.0,0.0007,0.0,0,0,0.0,0.0,0,0,0.0,0.0,0,0,0.0
nearest,0,10,0.5,101,new,colorado,Gold,"[0,5)",2313,497,9252.0,0.2867195281306539,1700.0,425,155,0.3118712273641851,8500.0,2125,479,0.9637826961770624,9252.0,2313,497,1.0
nearest,0,10,0.5,101,new,colorado,Gold,"[5,10)",4568,382,18272.0,0.11483619089075499,0.0,0,0,0.0,0.0,0,0,0.0,7748.0,1937,234,0.612565445026178
nearest,0,10,0.5,101,new,colorado,Gold,"[10,20)",8245,341,32980.0,0.05221085340732036,0.0,0,0,0.0,0.0,0,0,0.0,0.0,0,0,0.0
nearest,0,10,0.5,101,new,colorado,Gold,"[20,inf)",14874,150,59496.0,0.020781790492342356,0.0,0,0,0.0,0.0,0,0,0.0,0.0,0,0,0.0
nearest,0,10,0.5,101,new,colorado,Gold,no_context,12500,5,50000.0,0.0004,0.0,0,0,0.0,0.0,0,0,0.0,0.0,0,0,0.0
nearest,0,10,0.5,101,new,colorado,Copper,"[0,5)",1577,252,6308.0,0.2135488325572017,1700.0,425,98,0.3888888888888889,6308.0,1577,252,1.0,6308.0,1577,252,1.0
nearest,0,10,0.5,101,new,colorado,Copper,"[5,10)",3375,215,13500.0,0.07924348102914562,0.0,0,0,0.0,2192.0,548,42,0.19534883720930232,10692.0,2673,186,0.8651162790697674
nearest,0,10,0.5,101,new,colorado,Copper,"[10,20)",6588,224,26352.0,0.03739962472366659,0.0,0,0,0.0,0.0,0,0,0.0,0.0,0,0,0.0
nearest,0,10,0.5,101,new,colorado,Copper,"[20,inf)",19710,140,78840.0,0.016897563772058293,0.0,0,0,0.0,0.0,0,0,0.0,0.0,0,0,0.0
nearest,0,10,0.5,101,new,colorado,Copper,no_context,11250,8,45000.0,0.0007111111111111111,0.0,0,0,0.0,0.0,0,0,0.0,0.0,0,0,0.0
nearest,0,10,0.5,211,new,nevada,Gold,"[0,5)",4236,729,16944.0,0.22550001017665738,1600.0,400,121,0.16598079561042525,8000.0,2000,437,0.5994513031550068,16000.0,4000,705,0.9670781893004116
nearest,0,10,0.5,211,new,nevada,Gold,"[5,10)",8480,673,33920.0,0.09829695663553412,0.0,0,0,0.0,0.0,0,0,0.0,0.0,0,0,0.0
nearest,0,10,0.5,211,new,nevada,Gold,"[10,20)",13930,568,55720.0,0.048213715469492525,0.0,0,0,0.0,0.0,0,0,0.0,0.0,0,0,0.0
nearest,0,10,0.5,211,new,nevada,Gold,"[20,inf)",13354,378,53416.0,0.031313844578180684,0.0,0,0,0.0,0.0,0,0,0.0,0.0,0,0,0.0
nearest,0,10,0.5,211,new,nevada,Gold,no_context,0,0,0.0,,0.0,0,0,,0.0,0,0,,0.0,0,0,
nearest,0,10,0.5,211,new,nevada,Copper,"[0,5)",2663,316,10652.0,0.17774752705177127,1600.0,400,95,0.30063291139240506,8000.0,2000,271,0.8575949367088608,10652.0,2663,316,1.0
nearest,0,10,0.5,211,new,nevada,Copper,"[5,10)",6235,294,24940.0,0.059877594398006356,0.0,0,0,0.0,0.0,0,0,0.0,5348.0,1337,94,0.3197278911564626
nearest,0,10,0.5,211,new,nevada,Copper,"[10,20)",12087,317,48348.0,0.026988989165353024,0.0,0,0,0.0,0.0,0,0,0.0,0.0,0,0,0.0
nearest,0,10,0.5,211,new,nevada,Copper,"[20,inf)",17765,262,71060.0,0.016440749773242516,0.0,0,0,0.0,0.0,0,0,0.0,0.0,0,0,0.0
nearest,0,10,0.5,211,new,nevada,Copper,no_context,1250,23,5000.0,0.0184,0.0,0,0,0.0,0.0,0,0,0.0,0.0,0,0,0.0
nearest,0,10,0.5,211,new,arizona,Gold,"[0,5)",2144,378,8563.194419384003,0.24372831029540423,1692.0,423,127,0.335978835978836,8455.381867170334,2117,374,0.9894179894179894,8563.194419384003,2144,378,1.0
nearest,0,10,0.5,211,new,arizona,Gold,"[5,10)",4303,338,17191.386983962264,0.09196785587717758,0.0,0,0,0.0,0.0,0,0,0.0,8346.933490128722,2090,188,0.5562130177514792
nearest,0,10,0.5,211,new,arizona,Gold,"[10,20)",8121,271,32456.280509967357,0.03925418067030881,0.0,0,0,0.0,0.0,0,0,0.0,0.0,0,0,0.0
nearest,0,10,0.5,211,new,arizona,Gold,"[20,inf)",16477,182,65883.88436876237,0.020041496170267348,0.0,0,0,0.0,0.0,0,0,0.0,0.0,0,0,0.0
nearest,0,10,0.5,211,new,arizona,Gold,no_context,11250,3,45000.0,0.0002666666666666667,0.0,0,0,0.0,0.0,0,0,0.0,0.0,0,0,0.0
nearest,0,10,0.5,211,new,arizona,Copper,"[0,5)",2485,446,9931.172920763493,0.2516426641431642,1692.0,423,144,0.32286995515695066,8455.360368549824,2116,398,0.8923766816143498,9931.172920763493,2485,446,1.0
nearest,0,10,0.5,211,new,arizona,Copper,"[5,10)",5068,371,20258.117837281432,0.08457884604095245,0.0,0,0,0.0,0.0,0,0,0.0,6979.414183080196,1746,158,0.42587601078167114
nearest,0,10,0.5,211,new,arizona,Copper,"[10,20)",9280,314,37093.80400433019,0.03921394345112584,0.0,0,0,0.0,0.0,0,0,0.0,0.0,0,0,0.0
nearest,0,10,0.5,211,new,arizona,Copper,"[20,inf)",16712,173,66811.65151970088,0.02384714594479673,0.0,0,0,0.0,0.0,0,0,0.0,0.0,0,0,0.0
nearest,0,10,0.5,211,new,arizona,Copper,no_context,8750,6,35000.0,0.0006857142857142857,0.0,0,0,0.0,0.0,0,0,0.0,0.0,0,0,0.0
nearest,0,10,0.5,211,new,colorado,Gold,"[0,5)",2134,483,8536.0,0.313159364033036,1700.0,425,166,0.34368530020703936,8500.0,2125,482,0.9979296066252588,8536.0,2134,483,1.0
nearest,0,10,0.5,211,new,colorado,Gold,"[5,10)",4363,423,17452.0,0.11591484648717246,0.0,0,0,0.0,0.0,0,0,0.0,8464.0,2116,236,0.557919621749409
nearest,0,10,0.5,211,new,colorado,Gold,"[10,20)",8458,338,33832.0,0.05922748497207747,0.0,0,0,0.0,0.0,0,0,0.0,0.0,0,0,0.0
nearest,0,10,0.5,211,new,colorado,Gold,"[20,inf)",16295,128,65180.0,0.013333760374702878,0.0,0,0,0.0,0.0,0,0,0.0,0.0,0,0,0.0
nearest,0,10,0.5,211,new,colorado,Gold,no_context,11250,3,45000.0,0.0002666666666666667,0.0,0,0,0.0,0.0,0,0,0.0,0.0,0,0,0.0
nearest,0,10,0.5,211,new,colorado,Copper,"[0,5)",1448,261,5792.0,0.2395445305451272,1700.0,425,100,0.3831417624521073,5792.0,1448,261,1.0,5792.0,1448,261,1.0
nearest,0,10,0.5,211,new,colorado,Copper,"[5,10)",3387,224,13548.0,0.08378065377149468,0.0,0,0,0.0,2708.0,677,64,0.2857142857142857,11208.0,2802,205,0.9151785714285714
nearest,0,10,0.5,211,new,colorado,Copper,"[10,20)",7468,235,29872.0,0.04725971183003517,0.0,0,0,0.0,0.0,0,0,0.0,0.0,0,0,0.0
nearest,0,10,0.5,211,new,colorado,Copper,"[20,inf)",20197,112,80788.0,0.01310329985168566,0.0,0,0,0.0,0.0,0,0,0.0,0.0,0,0,0.0
nearest,0,10,0.5,211,new,colorado,Copper,no_context,10000,7,40000.0,0.0007,0.0,0,0,0.0,0.0,0,0,0.0,0.0,0,0,0.0
nearest,0,10,0.5,307,new,nevada,Gold,"[0,5)",4609,738,18436.0,0.2195505972430209,1600.0,400,115,0.15582655826558264,8000.0,2000,431,0.5840108401084011,16000.0,4000,686,0.9295392953929539
nearest,0,10,0.5,307,new,nevada,Gold,"[5,10)",8840,623,35360.0,0.08020410717196785,0.0,0,0,0.0,0.0,0,0,0.0,0.0,0,0,0.0
nearest,0,10,0.5,307,new,nevada,Gold,"[10,20)",14077,634,56308.0,0.04762838017235789,0.0,0,0,0.0,0.0,0,0,0.0,0.0,0,0,0.0
nearest,0,10,0.5,307,new,nevada,Gold,"[20,inf)",12474,353,49896.0,0.03351352583031233,0.0,0,0,0.0,0.0,0,0,0.0,0.0,0,0,0.0
nearest,0,10,0.5,307,new,nevada,Gold,no_context,0,0,0.0,,0.0,0,0,,0.0,0,0,,0.0,0,0,
nearest,0,10,0.5,307,new,nevada,Copper,"[0,5)",2752,346,11008.0,0.1772313703986108,1600.0,400,95,0.2745664739884393,8000.0,2000,281,0.8121387283236994,11008.0,2752,346,1.0
nearest,0,10,0.5,307,new,nevada,Copper,"[5,10)",6513,281,26052.0,0.05705882195383485,0.0,0,0,0.0,0.0,0,0,0.0,4992.0,1248,84,0.298932384341637
nearest,0,10,0.5,307,new,nevada,Copper,"[10,20)",12719,328,50876.0,0.027341231967623496,0.0,0,0,0.0,0.0,0,0,0.0,0.0,0,0,0.0
nearest,0,10,0.5,307,new,nevada,Copper,"[20,inf)",18016,257,72064.0,0.01853807929414476,0.0,0,0,0.0,0.0,0,0,0.0,0.0,0,0,0.0
nearest,0,10,0.5,307,new,nevada,Copper,no_context,0,0,0.0,,0.0,0,0,,0.0,0,0,,0.0,0,0,
nearest,0,10,0.5,307,new,arizona,Gold,"[0,5)",2183,373,8723.172920763493,0.22599731118204175,1692.0,423,121,0.32439678284182305,8455.360368549824,2116,366,0.9812332439678284,8723.172920763493,2183,373,1.0
nearest,0,10,0.5,307,new,arizona,Gold,"[5,10)",4464,355,17842.117837281432,0.09674584873369814,0.0,0,0,0.0,0.0,0,0,0.0,8189.945253701415,2050,214,0.6028169014084507
nearest,0,10,0.5,307,new,arizona,Gold,"[10,20)",7990,276,31933.804004330188,0.04234034080037346,0.0,0,0,0.0,0.0,0,0,0.0,0.0,0,0,0.0
nearest,0,10,0.5,307,new,arizona,Gold,"[20,inf)",13908,165,55595.651519700885,0.01566424050139689,0.0,0,0,0.0,0.0,0,0,0.0,0.0,0,0,0.0
nearest,0,10,0.5,307,new,arizona,Gold,no_context,13750,3,55000.0,0.00021818181818181818,0.0,0,0,0.0,0.0,0,0,0.0,0.0,0,0,0.0
nearest,0,10,0.5,307,new,arizona,Copper,"[0,5)",2438,434,9743.172920763493,0.24037188047634717,1692.0,423,130,0.2995391705069124,8455.360368549824,2116,398,0.9170506912442397,9743.172920763493,2438,434,1.0
nearest,0,10,0.5,307,new,arizona,Copper,"[5,10)",5034,394,20122.117837281432,0.09157395621923098,0.0,0,0,0.0,0.0,0,0,0.0,7167.414183080196,1793,172,0.4365482233502538
nearest,0,10,0.5,307,new,arizona,Copper,"[10,20)",8856,296,35397.80400433019,0.0390436429528744,0.0,0,0,0.0,0.0,0,0,0.0,0.0,0,0,0.0
nearest,0,10,0.5,307,new,arizona,Copper,"[20,inf)",14717,174,58831.651519700885,0.021033664712655494,0.0,0,0,0.0,0.0,0,0,0.0,0.0,0,0,0.0
nearest,0,10,0.5,307,new,arizona,Copper,no_context,11250,12,45000.0,0.0010666666666666667,0.0,0,0,0.0,0.0,0,0,0.0,0.0,0,0,0.0
nearest,0,10,0.5,307,new,colorado,Gold,"[0,5)",2273,523,9092.0,0.31358682257392534,1700.0,425,173,0.33078393881453155,8500.0,2125,502,0.9598470363288719,9092.0,2273,523,1.0
nearest,0,10,0.5,307,new,colorado,Gold,"[5,10)",4345,396,17380.0,0.12433526845130818,0.0,0,0,0.0,0.0,0,0,0.0,7908.0,1977,240,0.6060606060606061
nearest,0,10,0.5,307,new,colorado,Gold,"[10,20)",7788,309,31152.0,0.05454728405476935,0.0,0,0,0.0,0.0,0,0,0.0,0.0,0,0,0.0
nearest,0,10,0.5,307,new,colorado,Gold,"[20,inf)",16844,139,67376.0,0.015082467130332726,0.0,0,0,0.0,0.0,0,0,0.0,0.0,0,0,0.0
nearest,0,10,0.5,307,new,colorado,Gold,no_context,11250,8,45000.0,0.0007111111111111111,0.0,0,0,0.0,0.0,0,0,0.0,0.0,0,0,0.0
nearest,0,10,0.5,307,new,colorado,Copper,"[0,5)",1572,294,6288.0,0.2535012601671839,1700.0,425,110,0.3741496598639456,6288.0,1572,294,1.0,6288.0,1572,294,1.0
nearest,0,10,0.5,307,new,colorado,Copper,"[5,10)",3330,239,13320.0,0.09561357128862967,0.0,0,0,0.0,2212.0,553,60,0.2510460251046025,10712.0,2678,213,0.891213389121339
nearest,0,10,0.5,307,new,colorado,Copper,"[10,20)",6708,170,26832.0,0.03949345557527887,0.0,0,0,0.0,0.0,0,0,0.0,0.0,0,0,0.0
nearest,0,10,0.5,307,new,colorado,Copper,"[20,inf)",20890,133,83560.0,0.010756461581376763,0.0,0,0,0.0,0.0,0,0,0.0,0.0,0,0,0.0
nearest,0,10,0.5,307,new,colorado,Copper,no_context,10000,3,40000.0,0.0003,0.0,0,0,0.0,0.0,0,0,0.0,0.0,0,0,0.0
nearest,0,10,1.0,0,inherited,nevada,Gold,"[0,5)",8325,1353,33300.0,0.2335133451324838,1600.0,400,115,0.08499630450849963,8000.0,2000,546,0.4035476718403548,16000.0,4000,884,0.6533628972653363
nearest,0,10,1.0,0,inherited,nevada,Gold,"[5,10)",13302,705,53208.0,0.07081347917733946,0.0,0,0,0.0,0.0,0,0,0.0,0.0,0,0,0.0
nearest,0,10,1.0,0,inherited,nevada,Gold,"[10,20)",12897,231,51588.0,0.022355583290600042,0.0,0,0,0.0,0.0,0,0,0.0,0.0,0,0,0.0
nearest,0,10,1.0,0,inherited,nevada,Gold,"[20,inf)",5476,59,21904.0,0.010398421324650372,0.0,0,0,0.0,0.0,0,0,0.0,0.0,0,0,0.0
nearest,0,10,1.0,0,inherited,nevada,Gold,no_context,0,0,0.0,,0.0,0,0,,0.0,0,0,,0.0,0,0,
nearest,0,10,1.0,0,inherited,nevada,Copper,"[0,5)",5074,582,20296.0,0.17155325894399864,1600.0,400,91,0.1563573883161512,8000.0,2000,340,0.584192439862543,16000.0,4000,518,0.8900343642611683
nearest,0,10,1.0,0,inherited,nevada,Copper,"[5,10)",10390,363,41560.0,0.04824636785564344,0.0,0,0,0.0,0.0,0,0,0.0,0.0,0,0,0.0
nearest,0,10,1.0,0,inherited,nevada,Copper,"[10,20)",14278,207,57112.0,0.017261534667224052,0.0,0,0,0.0,0.0,0,0,0.0,0.0,0,0,0.0
nearest,0,10,1.0,0,inherited,nevada,Copper,"[20,inf)",10258,60,41032.0,0.005482580016466278,0.0,0,0,0.0,0.0,0,0,0.0,0.0,0,0,0.0
nearest,0,10,1.0,0,inherited,nevada,Copper,no_context,0,0,0.0,,0.0,0,0,,0.0,0,0,,0.0,0,0,
nearest,0,10,1.0,0,inherited,arizona,Gold,"[0,5)",3924,650,15683.194419384003,0.23796212926850563,1692.0,423,124,0.19076923076923077,8457.640236139297,2115,450,0.6923076923076923,15683.194419384003,3924,650,1.0
nearest,0,10,1.0,0,inherited,arizona,Gold,"[5,10)",6869,359,27455.386983962264,0.07114799142944472,0.0,0,0,0.0,0.0,0,0,0.0,1226.388191461563,307,15,0.04178272980501393
nearest,0,10,1.0,0,inherited,arizona,Gold,"[10,20)",9022,114,36060.28050996736,0.01579951138427791,0.0,0,0,0.0,0.0,0,0,0.0,0.0,0,0,0.0
nearest,0,10,1.0,0,inherited,arizona,Gold,"[20,inf)",11230,46,44895.884368762374,0.008198805551319504,0.0,0,0,0.0,0.0,0,0,0.0,0.0,0,0,0.0
nearest,0,10,1.0,0,inherited,arizona,Gold,no_context,11250,3,45000.0,0.0002666666666666667,0.0,0,0,0.0,0.0,0,0,0.0,0.0,0,0,0.0
nearest,0,10,1.0,0,inherited,arizona,Copper,"[0,5)",4594,755,18367.172920763493,0.23279194162488004,1692.0,423,125,0.16556291390728478,8457.919268608093,2115,467,0.6185430463576159,16911.360368549824,4230,712,0.9430463576158941
nearest,0,10,1.0,0,inherited,arizona,Copper,"[5,10)",7706,379,30806.35019686958,0.06737332324974553,0.0,0,0,0.0,0.0,0,0,0.0,0.0,0,0,0.0
nearest,0,10,1.0,0,inherited,arizona,Copper,"[10,20)",9118,118,36444.45259996131,0.0174803914915233,0.0,0,0,0.0,0.0,0,0,0.0,0.0,0,0,0.0
nearest,0,10,1.0,0,inherited,arizona,Copper,"[20,inf)",12127,52,48476.770564481616,0.010190980032216707,0.0,0,0,0.0,0.0,0,0,0.0,0.0,0,0,0.0
nearest,0,10,1.0,0,inherited,arizona,Copper,no_context,8750,6,35000.0,0.0006857142857142857,0.0,0,0,0.0,0.0,0,0,0.0,0.0,0,0,0.0
nearest,0,10,1.0,0,inherited,colorado,Gold,"[0,5)",4225,906,16900.0,0.31077056147628906,1700.0,425,170,0.18763796909492272,8500.0,2125,591,0.652317880794702,16900.0,4225,906,1.0
nearest,0,10,1.0,0,inherited,colorado,Gold,"[5,10)",6572,326,26288.0,0.08370120226037887,0.0,0,0,0.0,0.0,0,0,0.0,100.0,25,0,0.0
nearest,0,10,1.0,0,inherited,colorado,Gold,"[10,20)",8806,114,35224.0,0.020910479447418986,0.0,0,0,0.0,0.0,0,0,0.0,0.0,0,0,0.0
nearest,0,10,1.0,0,inherited,colorado,Gold,"[20,inf)",15397,27,61588.0,0.0021235849487712174,0.0,0,0,0.0,0.0,0,0,0.0,0.0,0,0,0.0
nearest,0,10,1.0,0,inherited,colorado,Gold,no_context,7500,2,30000.0,0.0002666666666666667,0.0,0,0,0.0,0.0,0,0,0.0,0.0,0,0,0.0
nearest,0,10,1.0,0,inherited,colorado,Copper,"[0,5)",2875,482,11500.0,0.23986244398121603,1700.0,425,138,0.2863070539419087,8500.0,2125,403,0.8360995850622407,11500.0,2875,482,1.0
nearest,0,10,1.0,0,inherited,colorado,Copper,"[5,10)",5168,220,20672.0,0.0686384068111798,0.0,0,0,0.0,0.0,0,0,0.0,5500.0,1375,102,0.4636363636363636
nearest,0,10,1.0,0,inherited,colorado,Copper,"[10,20)",8194,84,32776.0,0.015863877274669713,0.0,0,0,0.0,0.0,0,0,0.0,0.0,0,0,0.0
nearest,0,10,1.0,0,inherited,colorado,Copper,"[20,inf)",20013,52,80052.0,0.0054557763017087325,0.0,0,0,0.0,0.0,0,0,0.0,0.0,0,0,0.0
nearest,0,10,1.0,0,inherited,colorado,Copper,no_context,6250,1,25000.0,0.00016,0.0,0,0,0.0,0.0,0,0,0.0,0.0,0,0,0.0
nearest,0,20,0.0,0,new,nevada,Gold,"[0,5)",0,0,0.0,,0.0,0,0,,0.0,0,0,,0.0,0,0,
nearest,0,20,0.0,0,new,nevada,Gold,"[5,10)",0,0,0.0,,0.0,0,0,,0.0,0,0,,0.0,0,0,
nearest,0,20,0.0,0,new,nevada,Gold,"[10,20)",0,0,0.0,,0.0,0,0,,0.0,0,0,,0.0,0,0,
nearest,0,20,0.0,0,new,nevada,Gold,"[20,inf)",0,0,0.0,,0.0,0,0,,0.0,0,0,,0.0,0,0,
nearest,0,20,0.0,0,new,nevada,Gold,no_context,40000,2348,160000.0,0.058699999999999995,1600.0,400,23,0.009795570698466781,8000.0,2000,111,0.04727427597955707,16000.0,4000,243,0.1034923339011925
nearest,0,20,0.0,0,new,nevada,Copper,"[0,5)",0,0,0.0,,0.0,0,0,,0.0,0,0,,0.0,0,0,
nearest,0,20,0.0,0,new,nevada,Copper,"[5,10)",0,0,0.0,,0.0,0,0,,0.0,0,0,,0.0,0,0,
nearest,0,20,0.0,0,new,nevada,Copper,"[10,20)",0,0,0.0,,0.0,0,0,,0.0,0,0,,0.0,0,0,
nearest,0,20,0.0,0,new,nevada,Copper,"[20,inf)",0,0,0.0,,0.0,0,0,,0.0,0,0,,0.0,0,0,
nearest,0,20,0.0,0,new,nevada,Copper,no_context,40000,1212,160000.0,0.030299999999999997,1600.0,400,11,0.009075907590759076,8000.0,2000,60,0.04950495049504951,16000.0,4000,123,0.10148514851485149
nearest,0,20,0.0,0,new,arizona,Gold,"[0,5)",0,0,0.0,,0.0,0,0,,0.0,0,0,,0.0,0,0,
nearest,0,20,0.0,0,new,arizona,Gold,"[5,10)",0,0,0.0,,0.0,0,0,,0.0,0,0,,0.0,0,0,
nearest,0,20,0.0,0,new,arizona,Gold,"[10,20)",0,0,0.0,,0.0,0,0,,0.0,0,0,,0.0,0,0,
nearest,0,20,0.0,0,new,arizona,Gold,"[20,inf)",0,0,0.0,,0.0,0,0,,0.0,0,0,,0.0,0,0,
nearest,0,20,0.0,0,new,arizona,Gold,no_context,42295,1172,169094.746282076,0.02771013122118454,1692.0,423,10,0.008532423208191127,8456.0,2114,60,0.051194539249146756,16910.2060251832,4230,123,0.10494880546075085
nearest,0,20,0.0,0,new,arizona,Copper,"[0,5)",0,0,0.0,,0.0,0,0,,0.0,0,0,,0.0,0,0,
nearest,0,20,0.0,0,new,arizona,Copper,"[5,10)",0,0,0.0,,0.0,0,0,,0.0,0,0,,0.0,0,0,
nearest,0,20,0.0,0,new,arizona,Copper,"[10,20)",0,0,0.0,,0.0,0,0,,0.0,0,0,,0.0,0,0,
nearest,0,20,0.0,0,new,arizona,Copper,"[20,inf)",0,0,0.0,,0.0,0,0,,0.0,0,0,,0.0,0,0,
nearest,0,20,0.0,0,new,arizona,Copper,no_context,42295,1310,169094.746282076,0.030972928242108996,1692.0,423,10,0.007633587786259542,8456.0,2114,70,0.05343511450381679,16910.2060251832,4230,128,0.09770992366412214
nearest,0,20,0.0,0,new,colorado,Gold,"[0,5)",0,0,0.0,,0.0,0,0,,0.0,0,0,,0.0,0,0,
nearest,0,20,0.0,0,new,colorado,Gold,"[5,10)",0,0,0.0,,0.0,0,0,,0.0,0,0,,0.0,0,0,
nearest,0,20,0.0,0,new,colorado,Gold,"[10,20)",0,0,0.0,,0.0,0,0,,0.0,0,0,,0.0,0,0,
nearest,0,20,0.0,0,new,colorado,Gold,"[20,inf)",0,0,0.0,,0.0,0,0,,0.0,0,0,,0.0,0,0,
nearest,0,20,0.0,0,new,colorado,Gold,no_context,42500,1375,170000.0,0.032352941176470584,1700.0,425,10,0.007272727272727273,8500.0,2125,64,0.04654545454545454,17000.0,4250,144,0.10472727272727272
nearest,0,20,0.0,0,new,colorado,Copper,"[0,5)",0,0,0.0,,0.0,0,0,,0.0,0,0,,0.0,0,0,
nearest,0,20,0.0,0,new,colorado,Copper,"[5,10)",0,0,0.0,,0.0,0,0,,0.0,0,0,,0.0,0,0,
nearest,0,20,0.0,0,new,colorado,Copper,"[10,20)",0,0,0.0,,0.0,0,0,,0.0,0,0,,0.0,0,0,
nearest,0,20,0.0,0,new,colorado,Copper,"[20,inf)",0,0,0.0,,0.0,0,0,,0.0,0,0,,0.0,0,0,
nearest,0,20,0.0,0,new,colorado,Copper,no_context,42500,839,170000.0,0.019741176470588234,1700.0,425,5,0.0059594755661501785,8500.0,2125,38,0.04529201430274136,17000.0,4250,74,0.08820023837902265
nearest,0,20,0.25,101,new,nevada,Gold,"[0,5)",901,149,3604.0,0.2376817987162072,1600.0,400,88,0.5906040268456376,3604.0,901,149,1.0,3604.0,901,149,1.0
nearest,0,20,0.25,101,new,nevada,Gold,"[5,10)",2571,207,10284.0,0.08474828510521282,0.0,0,0,0.0,4396.0,1099,93,0.4492753623188406,10284.0,2571,207,1.0
nearest,0,20,0.25,101,new,nevada,Gold,"[10,20)",9517,565,38068.0,0.06315386260102998,0.0,0,0,0.0,0.0,0,0,0.0,2112.0,528,40,0.07079646017699115
nearest,0,20,0.25,101,new,nevada,Gold,"[20,inf)",25811,1390,103244.0,0.05789634313003611,0.0,0,0,0.0,0.0,0,0,0.0,0.0,0,0,0.0
nearest,0,20,0.25,101,new,nevada,Gold,no_context,1200,37,4800.0,0.030833333333333334,0.0,0,0,0.0,0.0,0,0,0.0,0.0,0,0,0.0
nearest,0,20,0.25,101,new,nevada,Copper,"[0,5)",597,64,2388.0,0.19078803588164261,1600.0,400,52,0.8125,2388.0,597,64,1.0,2388.0,597,64,1.0
nearest,0,20,0.25,101,new,nevada,Copper,"[5,10)",1815,89,7260.0,0.05723045922804291,0.0,0,0,0.0,5612.0,1403,72,0.8089887640449438,7260.0,1815,89,1.0
nearest,0,20,0.25,101,new,nevada,Copper,"[10,20)",7945,292,31780.0,0.03756069677913168,0.0,0,0,0.0,0.0,0,0,0.0,6352.0,1588,61,0.2089041095890411
nearest,0,20,0.25,101,new,nevada,Copper,"[20,inf)",27243,705,108972.0,0.028284163769025494,0.0,0,0,0.0,0.0,0,0,0.0,0.0,0,0,0.0
nearest,0,20,0.25,101,new,nevada,Copper,no_context,2400,62,9600.0,0.025833333333333333,0.0,0,0,0.0,0.0,0,0,0.0,0.0,0,0,0.0
nearest,0,20,0.25,101,new,arizona,Gold,"[0,5)",546,98,2184.0,0.23122364880017943,1692.0,423,87,0.8877551020408163,2184.0,546,98,1.0,2184.0,546,98,1.0
nearest,0,20,0.25,101,new,arizona,Gold,"[5,10)",1385,132,5540.0,0.10376688710884052,0.0,0,0,0.0,5540.0,1385,132,1.0,5540.0,1385,132,1.0
nearest,0,20,0.25,101,new,arizona,Gold,"[10,20)",5289,313,21130.960252236575,0.07663150366579838,0.0,0,0,0.0,732.0,183,23,0.07348242811501597,9188.0,2297,169,0.5399361022364217
nearest,0,20,0.25,101,new,arizona,Gold,"[20,inf)",16375,508,65439.78602983942,0.039031848577977,0.0,0,0,0.0,0.0,0,0,0.0,0.0,0,0,0.0
nearest,0,20,0.25,101,new,arizona,Gold,no_context,18700,121,74800.0,0.006470588235294118,0.0,0,0,0.0,0.0,0,0,0.0,0.0,0,0,0.0
nearest,0,20,0.25,101,new,arizona,Copper,"[0,5)",676,111,2704.0,0.23365658895170488,1692.0,423,78,0.7027027027027027,2704.0,676,111,1.0,2704.0,676,111,1.0
nearest,0,20,0.25,101,new,arizona,Copper,"[5,10)",1597,150,6388.0,0.10713038189095296,0.0,0,0,0.0,5752.0,1438,141,0.94,6388.0,1597,150,1.0
nearest,0,20,0.25,101,new,arizona,Copper,"[10,20)",5751,333,22978.960252236575,0.06946803851741153,0.0,0,0,0.0,0.0,0,0,0.0,7820.0,1955,143,0.4294294294294294
nearest,0,20,0.25,101,new,arizona,Copper,"[20,inf)",14371,596,57423.78602983942,0.04474523580400353,0.0,0,0,0.0,0.0,0,0,0.0,0.0,0,0,0.0
nearest,0,20,0.25,101,new,arizona,Copper,no_context,19900,120,79600.0,0.006030150753768845,0.0,0,0,0.0,0.0,0,0,0.0,0.0,0,0,0.0
nearest,0,20,0.25,101,new,colorado,Gold,"[0,5)",644,166,2576.0,0.3651971554455986,1700.0,425,135,0.8132530120481928,2576.0,644,166,1.0,2576.0,644,166,1.0
nearest,0,20,0.25,101,new,colorado,Gold,"[5,10)",1444,157,5776.0,0.1433688081059696,0.0,0,0,0.0,5776.0,1444,157,1.0,5776.0,1444,157,1.0
nearest,0,20,0.25,101,new,colorado,Gold,"[10,20)",5452,353,21808.0,0.06997764400790071,0.0,0,0,0.0,148.0,37,5,0.014164305949008499,8648.0,2162,149,0.42209631728045327
nearest,0,20,0.25,101,new,colorado,Gold,"[20,inf)",15160,548,60640.0,0.04360492680830756,0.0,0,0,0.0,0.0,0,0,0.0,0.0,0,0,0.0
nearest,0,20,0.25,101,new,colorado,Gold,no_context,19800,151,79200.0,0.007626262626262626,0.0,0,0,0.0,0.0,0,0,0.0,0.0,0,0,0.0
nearest,0,20,0.25,101,new,colorado,Copper,"[0,5)",453,104,1812.0,0.3269046193961229,1700.0,425,96,0.9230769230769231,1812.0,453,104,1.0,1812.0,453,104,1.0
nearest,0,20,0.25,101,new,colorado,Copper,"[5,10)",1195,95,4780.0,0.10680765875494341,0.0,0,0,0.0,4780.0,1195,95,1.0,4780.0,1195,95,1.0
nearest,0,20,0.25,101,new,colorado,Copper,"[10,20)",4772,218,19088.0,0.05386846219914105,0.0,0,0,0.0,1908.0,477,36,0.1651376146788991,10408.0,2602,124,0.5688073394495413
nearest,0,20,0.25,101,new,colorado,Copper,"[20,inf)",16380,323,65520.0,0.029316531738002912,0.0,0,0,0.0,0.0,0,0,0.0,0.0,0,0,0.0
nearest,0,20,0.25,101,new,colorado,Copper,no_context,19700,99,78800.0,0.005025380710659898,0.0,0,0,0.0,0.0,0,0,0.0,0.0,0,0,0.0
nearest,0,20,0.25,211,new,nevada,Gold,"[0,5)",1109,213,4436.0,0.2685365756536802,1600.0,400,108,0.5070422535211268,4436.0,1109,213,1.0,4436.0,1109,213,1.0
nearest,0,20,0.25,211,new,nevada,Gold,"[5,10)",2854,267,11416.0,0.1055887347876019,0.0,0,0,0.0,3564.0,891,101,0.3782771535580524,11416.0,2854,267,1.0
nearest,0,20,0.25,211,new,nevada,Gold,"[10,20)",9585,564,38340.0,0.06300821181308507,0.0,0,0,0.0,0.0,0,0,0.0,148.0,37,0,0.0
nearest,0,20,0.25,211,new,nevada,Gold,"[20,inf)",25252,1259,101008.0,0.05284388794570495,0.0,0,0,0.0,0.0,0,0,0.0,0.0,0,0,0.0
nearest,0,20,0.25,211,new,nevada,Gold,no_context,1200,45,4800.0,0.0375,0.0,0,0,0.0,0.0,0,0,0.0,0.0,0,0,0.0
nearest,0,20,0.25,211,new,nevada,Copper,"[0,5)",723,95,2892.0,0.20662134485591574,1600.0,400,65,0.6842105263157895,2892.0,723,95,1.0,2892.0,723,95,1.0
nearest,0,20,0.25,211,new,nevada,Copper,"[5,10)",2116,113,8464.0,0.058041614875058295,0.0,0,0,0.0,5108.0,1277,78,0.6902654867256637,8464.0,2116,113,1.0
nearest,0,20,0.25,211,new,nevada,Copper,"[10,20)",8317,270,33268.0,0.03425875402790305,0.0,0,0,0.0,0.0,0,0,0.0,4644.0,1161,44,0.16296296296296298
nearest,0,20,0.25,211,new,nevada,Copper,"[20,inf)",26344,670,105376.0,0.02878938483950472,0.0,0,0,0.0,0.0,0,0,0.0,0.0,0,0,0.0
nearest,0,20,0.25,211,new,nevada,Copper,no_context,2500,64,10000.0,0.0256,0.0,0,0,0.0,0.0,0,0,0.0,0.0,0,0,0.0
nearest,0,20,0.25,211,new,arizona,Gold,"[0,5)",562,85,2248.0,0.19526337757097612,1692.0,423,73,0.8588235294117647,2248.0,562,85,1.0,2248.0,562,85,1.0
nearest,0,20,0.25,211,new,arizona,Gold,"[5,10)",1373,111,5492.0,0.08886249332000597,0.0,0,0,0.0,5492.0,1373,111,1.0,5492.0,1373,111,1.0
nearest,0,20,0.25,211,new,arizona,Gold,"[10,20)",4884,236,19510.960252236575,0.0578545623282316,0.0,0,0,0.0,716.0,179,14,0.059322033898305086,9172.0,2293,126,0.5338983050847458
nearest,0,20,0.25,211,new,arizona,Gold,"[20,inf)",21576,696,86243.78602983942,0.029013876659144348,0.0,0,0,0.0,0.0,0,0,0.0,0.0,0,0,0.0
nearest,0,20,0.25,211,new,arizona,Gold,no_context,13900,44,55600.0,0.0031654676258992807,0.0,0,0,0.0,0.0,0,0,0.0,0.0,0,0,0.0
nearest,0,20,0.25,211,new,arizona,Copper,"[0,5)",618,95,2472.0,0.20989477607744766,1692.0,423,70,0.7368421052631579,2472.0,618,95,1.0,2472.0,618,95,1.0
nearest,0,20,0.25,211,new,arizona,Copper,"[5,10)",1465,130,5860.0,0.09434013464297801,0.0,0,0,0.0,5860.0,1465,130,1.0,5860.0,1465,130,1.0
nearest,0,20,0.25,211,new,arizona,Copper,"[10,20)",5440,268,21734.960252236575,0.060480954891118,0.0,0,0,0.0,124.0,31,3,0.011194029850746268,8580.0,2145,130,0.48507462686567165
nearest,0,20,0.25,211,new,arizona,Copper,"[20,inf)",21072,755,84227.78602983942,0.037182600912009735,0.0,0,0,0.0,0.0,0,0,0.0,0.0,0,0,0.0
nearest,0,20,0.25,211,new,arizona,Copper,no_context,13700,62,54800.0,0.004525547445255474,0.0,0,0,0.0,0.0,0,0,0.0,0.0,0,0,0.0
nearest,0,20,0.25,211,new,colorado,Gold,"[0,5)",587,134,2348.0,0.295654987079386,1700.0,425,113,0.8432835820895522,2348.0,587,134,1.0,2348.0,587,134,1.0
nearest,0,20,0.25,211,new,colorado,Gold,"[5,10)",1407,163,5628.0,0.1332949325236125,0.0,0,0,0.0,5628.0,1407,163,1.0,5628.0,1407,163,1.0
nearest,0,20,0.25,211,new,colorado,Gold,"[10,20)",4880,291,19520.0,0.0784448909666516,0.0,0,0,0.0,524.0,131,13,0.044673539518900345,9024.0,2256,173,0.5945017182130584
nearest,0,20,0.25,211,new,colorado,Gold,"[20,inf)",16726,547,66904.0,0.0389599090601631,0.0,0,0,0.0,0.0,0,0,0.0,0.0,0,0,0.0
nearest,0,20,0.25,211,new,colorado,Gold,no_context,18900,240,75600.0,0.012698412698412698,0.0,0,0,0.0,0.0,0,0,0.0,0.0,0,0,0.0
nearest,0,20,0.25,211,new,colorado,Copper,"[0,5)",373,69,1492.0,0.23937388666377932,1492.0,373,69,1.0,1492.0,373,69,1.0,1492.0,373,69,1.0
nearest,0,20,0.25,211,new,colorado,Copper,"[5,10)",1109,89,4436.0,0.09590693102549755,208.0,52,4,0.0449438202247191,4436.0,1109,89,1.0,4436.0,1109,89,1.0
nearest,0,20,0.25,211,new,colorado,Copper,"[10,20)",4436,192,17744.0,0.06422256343777324,0.0,0,0,0.0,2572.0,643,50,0.2604166666666667,11072.0,2768,139,0.7239583333333334
nearest,0,20,0.25,211,new,colorado,Copper,"[20,inf)",17782,312,71128.0,0.018800715436433062,0.0,0,0,0.0,0.0,0,0,0.0,0.0,0,0,0.0
nearest,0,20,0.25,211,new,colorado,Copper,no_context,18800,177,75200.0,0.009414893617021277,0.0,0,0,0.0,0.0,0,0,0.0,0.0,0,0,0.0
nearest,0,20,0.25,307,new,nevada,Gold,"[0,5)",1071,173,4284.0,0.23360130214015856,1600.0,400,95,0.5491329479768786,4284.0,1071,173,1.0,4284.0,1071,173,1.0
nearest,0,20,0.25,307,new,nevada,Gold,"[5,10)",2840,253,11360.0,0.09329766785403219,0.0,0,0,0.0,3716.0,929,91,0.35968379446640314,11360.0,2840,253,1.0
nearest,0,20,0.25,307,new,nevada,Gold,"[10,20)",10002,572,40008.0,0.06363787877570491,0.0,0,0,0.0,0.0,0,0,0.0,356.0,89,5,0.008741258741258742
nearest,0,20,0.25,307,new,nevada,Gold,"[20,inf)",26087,1350,104348.0,0.05443002926672304,0.0,0,0,0.0,0.0,0,0,0.0,0.0,0,0,0.0
nearest,0,20,0.25,307,new,nevada,Gold,no_context,0,0,0.0,,0.0,0,0,,0.0,0,0,,0.0,0,0,
nearest,0,20,0.25,307,new,nevada,Copper,"[0,5)",624,71,2496.0,0.17105433219042446,1600.0,400,58,0.8169014084507042,2496.0,624,71,1.0,2496.0,624,71,1.0
nearest,0,20,0.25,307,new,nevada,Copper,"[5,10)",1727,73,6908.0,0.05484627688821232,0.0,0,0,0.0,5504.0,1376,64,0.8767123287671232,6908.0,1727,73,1.0
nearest,0,20,0.25,307,new,nevada,Copper,"[10,20)",7235,260,28940.0,0.03529821223071859,0.0,0,0,0.0,0.0,0,0,0.0,6596.0,1649,48,0.18461538461538463
nearest,0,20,0.25,307,new,nevada,Copper,"[20,inf)",26614,720,106456.0,0.031383682094737915,0.0,0,0,0.0,0.0,0,0,0.0,0.0,0,0,0.0
nearest,0,20,0.25,307,new,nevada,Copper,no_context,3800,88,15200.0,0.023157894736842103,0.0,0,0,0.0,0.0,0,0,0.0,0.0,0,0,0.0
nearest,0,20,0.25,307,new,arizona,Gold,"[0,5)",447,81,1779.1729207634926,0.2492336582602655,1691.3603685498238,425,78,0.9629629629629629,1779.1729207634926,447,81,1.0,1779.1729207634926,447,81,1.0
nearest,0,20,0.25,307,new,arizona,Gold,"[5,10)",1390,107,5546.629598469939,0.08553532387665981,0.0,0,0,0.0,5546.629598469939,1390,107,1.0,5546.629598469939,1390,107,1.0
nearest,0,20,0.25,307,new,arizona,Gold,"[10,20)",5436,224,21711.637054983526,0.04483840947437439,0.0,0,0,0.0,1131.2393299937248,284,14,0.0625,9584.081561692059,2400,104,0.4642857142857143
nearest,0,20,0.25,307,new,arizona,Gold,"[20,inf)",18822,722,75257.30670785904,0.04083867092790363,0.0,0,0,0.0,0.0,0,0,0.0,0.0,0,0,0.0
nearest,0,20,0.25,307,new,arizona,Gold,no_context,16200,38,64800.0,0.002345679012345679,0.0,0,0,0.0,0.0,0,0,0.0,0.0,0,0,0.0
nearest,0,20,0.25,307,new,arizona,Copper,"[0,5)",540,94,2151.1729207634926,0.2550305684269545,1691.3603685498238,425,80,0.851063829787234,2151.1729207634926,540,94,1.0,2151.1729207634926,540,94,1.0
nearest,0,20,0.25,307,new,arizona,Copper,"[5,10)",1543,100,6158.629598469939,0.07038105546654481,0.0,0,0,0.0,6158.629598469939,1543,100,1.0,6158.629598469939,1543,100,1.0
nearest,0,20,0.25,307,new,arizona,Copper,"[10,20)",6198,247,24759.637054983526,0.04190779605480882,0.0,0,0,0.0,148.0,37,0,0.0,8602.407660372555,2154,86,0.3481781376518219
nearest,0,20,0.25,307,new,arizona,Copper,"[20,inf)",19114,809,76425.30670785904,0.04774846218772577,0.0,0,0,0.0,0.0,0,0,0.0,0.0,0,0,0.0
nearest,0,20,0.25,307,new,arizona,Copper,no_context,14900,60,59600.0,0.004026845637583893,0.0,0,0,0.0,0.0,0,0,0.0,0.0,0,0,0.0
nearest,0,20,0.25,307,new,colorado,Gold,"[0,5)",702,171,2808.0,0.32947285786339897,1700.0,425,129,0.7543859649122807,2808.0,702,171,1.0,2808.0,702,171,1.0
nearest,0,20,0.25,307,new,colorado,Gold,"[5,10)",1740,198,6960.0,0.13457265587990294,0.0,0,0,0.0,5692.0,1423,178,0.898989898989899,6960.0,1740,198,1.0
nearest,0,20,0.25,307,new,colorado,Gold,"[10,20)",6233,353,24932.0,0.06888090992246962,0.0,0,0,0.0,0.0,0,0,0.0,7232.0,1808,138,0.3909348441926346
nearest,0,20,0.25,307,new,colorado,Gold,"[20,inf)",17625,629,70500.0,0.03715269701404876,0.0,0,0,0.0,0.0,0,0,0.0,0.0,0,0,0.0
nearest,0,20,0.25,307,new,colorado,Gold,no_context,16200,24,64800.0,0.0014814814814814814,0.0,0,0,0.0,0.0,0,0,0.0,0.0,0,0,0.0
nearest,0,20,0.25,307,new,colorado,Copper,"[0,5)",433,99,1732.0,0.27536394034694966,1700.0,425,96,0.9696969696969697,1732.0,433,99,1.0,1732.0,433,99,1.0
nearest,0,20,0.25,307,new,colorado,Copper,"[5,10)",1152,123,4608.0,0.1336977520848467,0.0,0,0,0.0,4608.0,1152,123,1.0,4608.0,1152,123,1.0
nearest,0,20,0.25,307,new,colorado,Copper,"[10,20)",4738,198,18952.0,0.06082448906392631,0.0,0,0,0.0,2160.0,540,43,0.21717171717171718,10660.0,2665,137,0.6919191919191919
nearest,0,20,0.25,307,new,colorado,Copper,"[20,inf)",19977,385,79908.0,0.021997637311445117,0.0,0,0,0.0,0.0,0,0,0.0,0.0,0,0,0.0
nearest,0,20,0.25,307,new,colorado,Copper,no_context,16200,34,64800.0,0.0020987654320987655,0.0,0,0,0.0,0.0,0,0,0.0,0.0,0,0,0.0
nearest,0,20,0.5,101,new,nevada,Gold,"[0,5)",2025,326,8100.0,0.23861607145041705,1600.0,400,120,0.36809815950920244,8000.0,2000,324,0.9938650306748467,8100.0,2025,326,1.0
nearest,0,20,0.5,101,new,nevada,Gold,"[5,10)",5326,402,21304.0,0.07929900874609289,0.0,0,0,0.0,0.0,0,0,0.0,7900.0,1975,164,0.4079601990049751
nearest,0,20,0.5,101,new,nevada,Gold,"[10,20)",15798,847,63192.0,0.05768874688311063,0.0,0,0,0.0,0.0,0,0,0.0,0.0,0,0,0.0
nearest,0,20,0.5,101,new,nevada,Gold,"[20,inf)",15651,736,62604.0,0.05112910453252301,0.0,0,0,0.0,0.0,0,0,0.0,0.0,0,0,0.0
nearest,0,20,0.5,101,new,nevada,Gold,no_context,1200,37,4800.0,0.030833333333333334,0.0,0,0,0.0,0.0,0,0,0.0,0.0,0,0,0.0
nearest,0,20,0.5,101,new,nevada,Copper,"[0,5)",1270,152,5080.0,0.21767870962413474,1600.0,400,88,0.5789473684210527,5080.0,1270,152,1.0,5080.0,1270,152,1.0
nearest,0,20,0.5,101,new,nevada,Copper,"[5,10)",3813,182,15252.0,0.054800999351494274,0.0,0,0,0.0,2920.0,730,44,0.24175824175824176,10920.0,2730,139,0.7637362637362637
nearest,0,20,0.5,101,new,nevada,Copper,"[10,20)",13688,408,54752.0,0.03289641144343479,0.0,0,0,0.0,0.0,0,0,0.0,0.0,0,0,0.0
nearest,0,20,0.5,101,new,nevada,Copper,"[20,inf)",20029,446,80116.0,0.023574241346525956,0.0,0,0,0.0,0.0,0,0,0.0,0.0,0,0,0.0
nearest,0,20,0.5,101,new,nevada,Copper,no_context,1200,24,4800.0,0.02,0.0,0,0,0.0,0.0,0,0,0.0,0.0,0,0,0.0
nearest,0,20,0.5,101,new,arizona,Gold,"[0,5)",1055,188,4220.0,0.25987646205288817,1692.0,423,112,0.5957446808510638,4220.0,1055,188,1.0,4220.0,1055,188,1.0
nearest,0,20,0.5,101,new,arizona,Gold,"[5,10)",2663,249,10652.0,0.10486504193972022,0.0,0,0,0.0,4236.0,1059,108,0.43373493975903615,10652.0,2663,249,1.0
nearest,0,20,0.5,101,new,arizona,Gold,"[10,20)",8580,401,34281.72588564083,0.05976854267766732,0.0,0,0,0.0,0.0,0,0,0.0,2040.0,510,43,0.10723192019950124
nearest,0,20,0.5,101,new,arizona,Gold,"[20,inf)",14997,302,59941.02039643517,0.027675242867151752,0.0,0,0,0.0,0.0,0,0,0.0,0.0,0,0,0.0
nearest,0,20,0.5,101,new,arizona,Gold,no_context,15000,32,60000.0,0.0021333333333333334,0.0,0,0,0.0,0.0,0,0,0.0,0.0,0,0,0.0
nearest,0,20,0.5,101,new,arizona,Copper,"[0,5)",1276,234,5104.0,0.25914122867810824,1692.0,423,111,0.47435897435897434,5104.0,1276,234,1.0,5104.0,1276,234,1.0
nearest,0,20,0.5,101,new,arizona,Copper,"[5,10)",2993,276,11972.0,0.10391957984407964,0.0,0,0,0.0,3352.0,838,98,0.35507246376811596,11808.0,2952,276,1.0
nearest,0,20,0.5,101,new,arizona,Copper,"[10,20)",8869,420,35450.960252236575,0.054414540757337815,0.0,0,0,0.0,0.0,0,0,0.0,0.0,0,0,0.0
nearest,0,20,0.5,101,new,arizona,Copper,"[20,inf)",12957,329,51767.78602983942,0.033210772765303063,0.0,0,0,0.0,0.0,0,0,0.0,0.0,0,0,0.0
nearest,0,20,0.5,101,new,arizona,Copper,no_context,16200,51,64800.0,0.003148148148148148,0.0,0,0,0.0,0.0,0,0,0.0,0.0,0,0,0.0
nearest,0,20,0.5,101,new,colorado,Gold,"[0,5)",1287,302,5148.0,0.3073531612408393,1700.0,425,130,0.4304635761589404,5148.0,1287,302,1.0,5148.0,1287,302,1.0
nearest,0,20,0.5,101,new,colorado,Gold,"[5,10)",2942,298,11768.0,0.12726466632508837,0.0,0,0,0.0,3352.0,838,110,0.3691275167785235,11768.0,2942,298,1.0
nearest,0,20,0.5,101,new,colorado,Gold,"[10,20)",8823,479,35292.0,0.06349750795524445,0.0,0,0,0.0,0.0,0,0,0.0,84.0,21,2,0.0041753653444676405
nearest,0,20,0.5,101,new,colorado,Gold,"[20,inf)",18148,285,72592.0,0.026826307307534998,0.0,0,0,0.0,0.0,0,0,0.0,0.0,0,0,0.0
nearest,0,20,0.5,101,new,colorado,Gold,no_context,11300,11,45200.0,0.0009734513274336283,0.0,0,0,0.0,0.0,0,0,0.0,0.0,0,0,0.0
nearest,0,20,0.5,101,new,colorado,Copper,"[0,5)",754,146,3016.0,0.2686522658692736,1700.0,425,96,0.6575342465753424,3016.0,754,146,1.0,3016.0,754,146,1.0
nearest,0,20,0.5,101,new,colorado,Copper,"[5,10)",2013,153,8052.0,0.09927590876058222,0.0,0,0,0.0,5484.0,1371,127,0.8300653594771242,8052.0,2013,153,1.0
nearest,0,20,0.5,101,new,colorado,Copper,"[10,20)",7006,284,28024.0,0.05156123013674115,0.0,0,0,0.0,0.0,0,0,0.0,5932.0,1483,83,0.29225352112676056
nearest,0,20,0.5,101,new,colorado,Copper,"[20,inf)",20327,223,81308.0,0.02656534324325682,0.0,0,0,0.0,0.0,0,0,0.0,0.0,0,0,0.0
nearest,0,20,0.5,101,new,colorado,Copper,no_context,12400,33,49600.0,0.0026612903225806455,0.0,0,0,0.0,0.0,0,0,0.0,0.0,0,0,0.0
nearest,0,20,0.5,211,new,nevada,Gold,"[0,5)",2133,375,8532.0,0.25058424418409914,1600.0,400,132,0.352,8000.0,2000,356,0.9493333333333334,8532.0,2133,375,1.0
nearest,0,20,0.5,211,new,nevada,Gold,"[5,10)",5340,484,21360.0,0.09890035616401258,0.0,0,0,0.0,0.0,0,0,0.0,7468.0,1867,191,0.39462809917355374
nearest,0,20,0.5,211,new,nevada,Gold,"[10,20)",14808,824,59232.0,0.06169652324471953,0.0,0,0,0.0,0.0,0,0,0.0,0.0,0,0,0.0
nearest,0,20,0.5,211,new,nevada,Gold,"[20,inf)",17719,665,70876.0,0.042171090828334014,0.0,0,0,0.0,0.0,0,0,0.0,0.0,0,0,0.0
nearest,0,20,0.5,211,new,nevada,Gold,no_context,0,0,0.0,,0.0,0,0,,0.0,0,0,,0.0,0,0,
nearest,0,20,0.5,211,new,nevada,Copper,"[0,5)",1297,147,5188.0,0.19288753420245153,1600.0,400,80,0.54421768707483,5188.0,1297,147,1.0,5188.0,1297,147,1.0
nearest,0,20,0.5,211,new,nevada,Copper,"[5,10)",3771,194,15084.0,0.05696136951426301,0.0,0,0,0.0,2812.0,703,43,0.22164948453608246,10812.0,2703,146,0.7525773195876289
nearest,0,20,0.5,211,new,nevada,Copper,"[10,20)",12918,422,51672.0,0.03432784721925063,0.0,0,0,0.0,0.0,0,0,0.0,0.0,0,0,0.0
nearest,0,20,0.5,211,new,nevada,Copper,"[20,inf)",22014,449,88056.0,0.025262479639936417,0.0,0,0,0.0,0.0,0,0,0.0,0.0,0,0,0.0
nearest,0,20,0.5,211,new,nevada,Copper,no_context,0,0,0.0,,0.0,0,0,,0.0,0,0,,0.0,0,0,
nearest,0,20,0.5,211,new,arizona,Gold,"[0,5)",1002,160,4008.0,0.20836716952343187,1692.0,423,84,0.525,4008.0,1002,160,1.0,4008.0,1002,160,1.0
nearest,0,20,0.5,211,new,arizona,Gold,"[5,10)",2627,224,10508.0,0.09313823539782383,0.0,0,0,0.0,4448.0,1112,106,0.4732142857142857,10508.0,2627,224,1.0
nearest,0,20,0.5,211,new,arizona,Gold,"[10,20)",8826,417,35265.72588564083,0.057739393035794076,0.0,0,0,0.0,0.0,0,0,0.0,2396.0,599,41,0.09832134292565947
nearest,0,20,0.5,211,new,arizona,Gold,"[20,inf)",17240,344,68913.02039643517,0.026241276386399306,0.0,0,0,0.0,0.0,0,0,0.0,0.0,0,0,0.0
nearest,0,20,0.5,211,new,arizona,Gold,no_context,12600,27,50400.0,0.002142857142857143,0.0,0,0,0.0,0.0,0,0,0.0,0.0,0,0,0.0
nearest,0,20,0.5,211,new,arizona,Copper,"[0,5)",1158,176,4632.0,0.21159676572408329,1692.0,423,85,0.48295454545454547,4632.0,1158,176,1.0,4632.0,1158,176,1.0
nearest,0,20,0.5,211,new,arizona,Copper,"[5,10)",2950,251,11800.0,0.08953808311556995,0.0,0,0,0.0,3824.0,956,86,0.3426294820717131,11800.0,2950,251,1.0
nearest,0,20,0.5,211,new,arizona,Copper,"[10,20)",9546,458,38158.960252236575,0.060410212998844894,0.0,0,0,0.0,0.0,0,0,0.0,480.0,120,9,0.019650655021834062
nearest,0,20,0.5,211,new,arizona,Copper,"[20,inf)",18741,395,74903.78602983942,0.0319474632692976,0.0,0,0,0.0,0.0,0,0,0.0,0.0,0,0,0.0
nearest,0,20,0.5,211,new,arizona,Copper,no_context,9900,30,39600.0,0.0030303030303030303,0.0,0,0,0.0,0.0,0,0,0.0,0.0,0,0,0.0
nearest,0,20,0.5,211,new,colorado,Gold,"[0,5)",1127,233,4508.0,0.2773662127769185,1700.0,425,111,0.47639484978540775,4508.0,1127,233,1.0,4508.0,1127,233,1.0
nearest,0,20,0.5,211,new,colorado,Gold,"[5,10)",2716,274,10864.0,0.1227683991956136,0.0,0,0,0.0,3992.0,998,132,0.48175182481751827,10864.0,2716,274,1.0
nearest,0,20,0.5,211,new,colorado,Gold,"[10,20)",8223,434,32892.0,0.06640737585915168,0.0,0,0,0.0,0.0,0,0,0.0,1628.0,407,28,0.06451612903225806
nearest,0,20,0.5,211,new,colorado,Gold,"[20,inf)",16634,423,66536.0,0.027994961728096974,0.0,0,0,0.0,0.0,0,0,0.0,0.0,0,0,0.0
nearest,0,20,0.5,211,new,colorado,Gold,no_context,13800,11,55200.0,0.0007971014492753624,0.0,0,0,0.0,0.0,0,0,0.0,0.0,0,0,0.0
nearest,0,20,0.5,211,new,colorado,Copper,"[0,5)",807,138,3228.0,0.23519554308652385,1700.0,425,87,0.6304347826086957,3228.0,807,138,1.0,3228.0,807,138,1.0
nearest,0,20,0.5,211,new,colorado,Copper,"[5,10)",2161,165,8644.0,0.09333401483343944,0.0,0,0,0.0,5272.0,1318,118,0.7151515151515152,8644.0,2161,165,1.0
nearest,0,20,0.5,211,new,colorado,Copper,"[10,20)",6669,274,26676.0,0.05419226637639795,0.0,0,0,0.0,0.0,0,0,0.0,5128.0,1282,76,0.2773722627737226
nearest,0,20,0.5,211,new,colorado,Copper,"[20,inf)",19063,227,76252.0,0.01710058448123594,0.0,0,0,0.0,0.0,0,0,0.0,0.0,0,0,0.0
nearest,0,20,0.5,211,new,colorado,Copper,no_context,13800,35,55200.0,0.0025362318840579713,0.0,0,0,0.0,0.0,0,0,0.0,0.0,0,0,0.0
nearest,0,20,0.5,307,new,nevada,Gold,"[0,5)",2134,367,8536.0,0.2501997845540861,1600.0,400,130,0.3542234332425068,8000.0,2000,354,0.9645776566757494,8536.0,2134,367,1.0
nearest,0,20,0.5,307,new,nevada,Gold,"[5,10)",5419,456,21676.0,0.09001589311877133,0.0,0,0,0.0,0.0,0,0,0.0,7464.0,1866,172,0.37719298245614036
nearest,0,20,0.5,307,new,nevada,Gold,"[10,20)",15388,848,61552.0,0.060260657906501286,0.0,0,0,0.0,0.0,0,0,0.0,0.0,0,0,0.0
nearest,0,20,0.5,307,new,nevada,Gold,"[20,inf)",17059,677,68236.0,0.04766809830018315,0.0,0,0,0.0,0.0,0,0,0.0,0.0,0,0,0.0
nearest,0,20,0.5,307,new,nevada,Gold,no_context,0,0,0.0,,0.0,0,0,,0.0,0,0,,0.0,0,0,
nearest,0,20,0.5,307,new,nevada,Copper,"[0,5)",1284,156,5136.0,0.18775300244189558,1600.0,400,78,0.5,5136.0,1284,156,1.0,5136.0,1284,156,1.0
nearest,0,20,0.5,307,new,nevada,Copper,"[5,10)",3592,170,14368.0,0.05393619562508926,0.0,0,0,0.0,2864.0,716,40,0.23529411764705882,10864.0,2716,139,0.8176470588235294
nearest,0,20,0.5,307,new,nevada,Copper,"[10,20)",12777,410,51108.0,0.03227684804698657,0.0,0,0,0.0,0.0,0,0,0.0,0.0,0,0,0.0
nearest,0,20,0.5,307,new,nevada,Copper,"[20,inf)",22347,476,89388.0,0.02579246217585022,0.0,0,0,0.0,0.0,0,0,0.0,0.0,0,0,0.0
nearest,0,20,0.5,307,new,nevada,Copper,no_context,0,0,0.0,,0.0,0,0,,0.0,0,0,,0.0,0,0,
nearest,0,20,0.5,307,new,arizona,Gold,"[0,5)",991,179,3955.1729207634926,0.22037012735449946,1693.9192686080933,424,92,0.5139664804469274,3955.1729207634926,991,179,1.0,3955.1729207634926,991,179,1.0
nearest,0,20,0.5,307,new,arizona,Gold,"[5,10)",2657,230,10614.117837281432,0.09707154615250828,0.0,0,0,0.0,4501.945253701415,1128,119,0.5173913043478261,10614.117837281432,2657,230,1.0
nearest,0,20,0.5,307,new,arizona,Gold,"[10,20)",9093,402,36339.63705498353,0.05712845361652826,0.0,0,0,0.0,0.0,0,0,0.0,2343.239329993725,587,47,0.11691542288557213
nearest,0,20,0.5,307,new,arizona,Gold,"[20,inf)",15754,347,62985.81846904755,0.032187001761516544,0.0,0,0,0.0,0.0,0,0,0.0,0.0,0,0,0.0
nearest,0,20,0.5,307,new,arizona,Gold,no_context,13800,14,55200.0,0.0010144927536231885,0.0,0,0,0.0,0.0,0,0,0.0,0.0,0,0,0.0
nearest,0,20,0.5,307,new,arizona,Copper,"[0,5)",1220,208,4871.172920763493,0.22516173123307184,1692.0,423,95,0.4567307692307692,4871.172920763493,1220,208,1.0,4871.172920763493,1220,208,1.0
nearest,0,20,0.5,307,new,arizona,Copper,"[5,10)",3094,255,12362.117837281432,0.09251597465133225,0.0,0,0,0.0,3587.4141830801964,898,87,0.3411764705882353,12042.117837281432,3014,254,0.996078431372549
nearest,0,20,0.5,307,new,arizona,Copper,"[10,20)",9959,451,39803.63705498353,0.05167752895166304,0.0,0,0,0.0,0.0,0,0,0.0,0.0,0,0,0.0
nearest,0,20,0.5,307,new,arizona,Copper,"[20,inf)",15522,388,62057.81846904755,0.03369176861055861,0.0,0,0,0.0,0.0,0,0,0.0,0.0,0,0,0.0
nearest,0,20,0.5,307,new,arizona,Copper,no_context,12500,8,50000.0,0.00064,0.0,0,0,0.0,0.0,0,0,0.0,0.0,0,0,0.0
nearest,0,20,0.5,307,new,colorado,Gold,"[0,5)",1217,296,4868.0,0.3210641910570578,1700.0,425,134,0.4527027027027027,4868.0,1217,296,1.0,4868.0,1217,296,1.0
nearest,0,20,0.5,307,new,colorado,Gold,"[5,10)",2846,301,11384.0,0.1334582886182633,0.0,0,0,0.0,3632.0,908,131,0.43521594684385384,11384.0,2846,301,1.0
nearest,0,20,0.5,307,new,colorado,Gold,"[10,20)",8829,489,35316.0,0.07265402945429617,0.0,0,0,0.0,0.0,0,0,0.0,748.0,187,14,0.028629856850715747
nearest,0,20,0.5,307,new,colorado,Gold,"[20,inf)",15908,278,63632.0,0.028000105833127915,0.0,0,0,0.0,0.0,0,0,0.0,0.0,0,0,0.0
nearest,0,20,0.5,307,new,colorado,Gold,no_context,13700,11,54800.0,0.000802919708029197,0.0,0,0,0.0,0.0,0,0,0.0,0.0,0,0,0.0
nearest,0,20,0.5,307,new,colorado,Copper,"[0,5)",848,173,3392.0,0.28530332072051917,1700.0,425,108,0.6242774566473989,3392.0,848,173,1.0,3392.0,848,173,1.0
nearest,0,20,0.5,307,new,colorado,Copper,"[5,10)",2173,181,8692.0,0.10342746938752356,0.0,0,0,0.0,5108.0,1277,127,0.7016574585635359,8692.0,2173,181,1.0
nearest,0,20,0.5,307,new,colorado,Copper,"[10,20)",7998,288,31992.0,0.0499505362585909,0.0,0,0,0.0,0.0,0,0,0.0,4916.0,1229,74,0.2569444444444444
nearest,0,20,0.5,307,new,colorado,Copper,"[20,inf)",21581,191,86324.0,0.015652097843601564,0.0,0,0,0.0,0.0,0,0,0.0,0.0,0,0,0.0
nearest,0,20,0.5,307,new,colorado,Copper,no_context,9900,6,39600.0,0.0006060606060606061,0.0,0,0,0.0,0.0,0,0,0.0,0.0,0,0,0.0
nearest,0,20,1.0,0,inherited,nevada,Gold,"[0,5)",3988,669,15952.0,0.23801951490916975,1600.0,400,126,0.18834080717488788,8000.0,2000,434,0.648729446935725,15952.0,3988,669,1.0
nearest,0,20,1.0,0,inherited,nevada,Gold,"[5,10)",9792,763,39168.0,0.08800249868748429,0.0,0,0,0.0,0.0,0,0,0.0,48.0,12,0,0.0
nearest,0,20,1.0,0,inherited,nevada,Gold,"[10,20)",19950,787,79800.0,0.048983815103495074,0.0,0,0,0.0,0.0,0,0,0.0,0.0,0,0,0.0
nearest,0,20,1.0,0,inherited,nevada,Gold,"[20,inf)",6270,129,25080.0,0.02654550258157975,0.0,0,0,0.0,0.0,0,0,0.0,0.0,0,0,0.0
nearest,0,20,1.0,0,inherited,nevada,Gold,no_context,0,0,0.0,,0.0,0,0,,0.0,0,0,,0.0,0,0,
nearest,0,20,1.0,0,inherited,nevada,Copper,"[0,5)",2486,296,9944.0,0.18086014830809763,1600.0,400,98,0.3310810810810811,8000.0,2000,267,0.902027027027027,9944.0,2486,296,1.0
nearest,0,20,1.0,0,inherited,nevada,Copper,"[5,10)",7017,353,28068.0,0.055637859689815335,0.0,0,0,0.0,0.0,0,0,0.0,6056.0,1514,86,0.24362606232294617
nearest,0,20,1.0,0,inherited,nevada,Copper,"[10,20)",19207,437,76828.0,0.026676940458365217,0.0,0,0,0.0,0.0,0,0,0.0,0.0,0,0,0.0
nearest,0,20,1.0,0,inherited,nevada,Copper,"[20,inf)",11290,126,45160.0,0.01396218112497873,0.0,0,0,0.0,0.0,0,0,0.0,0.0,0,0,0.0
nearest,0,20,1.0,0,inherited,nevada,Copper,no_context,0,0,0.0,,0.0,0,0,,0.0,0,0,,0.0,0,0,
nearest,0,20,1.0,0,inherited,arizona,Gold,"[0,5)",2014,338,8047.172920763493,0.22738742707242804,1692.0,423,110,0.3254437869822485,8047.172920763493,2014,338,1.0,8047.172920763493,2014,338,1.0
nearest,0,20,1.0,0,inherited,arizona,Gold,"[5,10)",4939,408,19742.117837281432,0.09327764828365954,0.0,0,0,0.0,408.0,102,11,0.02696078431372549,8865.945253701415,2219,206,0.5049019607843137
nearest,0,20,1.0,0,inherited,arizona,Gold,"[10,20)",12676,355,50653.28364360705,0.04205781588744914,0.0,0,0,0.0,0.0,0,0,0.0,0.0,0,0,0.0
nearest,0,20,1.0,0,inherited,arizona,Gold,"[20,inf)",11266,68,45052.17188042402,0.012090850969237232,0.0,0,0,0.0,0.0,0,0,0.0,0.0,0,0,0.0
nearest,0,20,1.0,0,inherited,arizona,Gold,no_context,11400,3,45600.0,0.0002631578947368421,0.0,0,0,0.0,0.0,0,0,0.0,0.0,0,0,0.0
nearest,0,20,1.0,0,inherited,arizona,Copper,"[0,5)",2307,376,9219.172920763493,0.22191200193602395,1692.0,423,120,0.3191489361702128,8455.360368549824,2116,349,0.9281914893617021,9219.172920763493,2307,376,1.0
nearest,0,20,1.0,0,inherited,arizona,Copper,"[5,10)",5590,456,22346.117837281432,0.09000424858913417,0.0,0,0,0.0,0.0,0,0,0.0,7691.419852824416,1925,184,0.40350877192982454
nearest,0,20,1.0,0,inherited,arizona,Copper,"[10,20)",13381,416,53486.518010202795,0.0440642809965529,0.0,0,0,0.0,0.0,0,0,0.0,0.0,0,0,0.0
nearest,0,20,1.0,0,inherited,arizona,Copper,"[20,inf)",13517,62,54042.93751382828,0.014433009094214239,0.0,0,0,0.0,0.0,0,0,0.0,0.0,0,0,0.0
nearest,0,20,1.0,0,inherited,arizona,Copper,no_context,7500,0,30000.0,,0.0,0,0,,0.0,0,0,,0.0,0,0,
nearest,0,20,1.0,0,inherited,colorado,Gold,"[0,5)",2135,457,8540.0,0.2829577077894396,1700.0,425,144,0.3150984682713348,8500.0,2125,455,0.9956236323851203,8540.0,2135,457,1.0
nearest,0,20,1.0,0,inherited,colorado,Gold,"[5,10)",4942,452,19768.0,0.1166311463995102,0.0,0,0,0.0,0.0,0,0,0.0,8460.0,2115,252,0.5575221238938053
nearest,0,20,1.0,0,inherited,colorado,Gold,"[10,20)",12043,397,48172.0,0.04876784871316638,0.0,0,0,0.0,0.0,0,0,0.0,0.0,0,0,0.0
nearest,0,20,1.0,0,inherited,colorado,Gold,"[20,inf)",13380,58,53520.0,0.012391911236322925,0.0,0,0,0.0,0.0,0,0,0.0,0.0,0,0,0.0
nearest,0,20,1.0,0,inherited,colorado,Gold,no_context,10000,11,40000.0,0.0011,0.0,0,0,0.0,0.0,0,0,0.0,0.0,0,0,0.0
nearest,0,20,1.0,0,inherited,colorado,Copper,"[0,5)",1404,225,5616.0,0.22884471810935983,1700.0,425,94,0.4177777777777778,5616.0,1404,225,1.0,5616.0,1404,225,1.0
nearest,0,20,1.0,0,inherited,colorado,Copper,"[5,10)",3744,253,14976.0,0.08668996204474606,0.0,0,0,0.0,2884.0,721,74,0.2924901185770751,11384.0,2846,224,0.8853754940711462
nearest,0,20,1.0,0,inherited,colorado,Copper,"[10,20)",10754,276,43016.0,0.0448597594040945,0.0,0,0,0.0,0.0,0,0,0.0,0.0,0,0,0.0
nearest,0,20,1.0,0,inherited,colorado,Copper,"[20,inf)",19198,82,76792.0,0.008203381330396756,0.0,0,0,0.0,0.0,0,0,0.0,0.0,0,0,0.0
nearest,0,20,1.0,0,inherited,colorado,Copper,no_context,7400,3,29600.0,0.0004054054054054054,0.0,0,0,0.0,0.0,0,0,0.0,0.0,0,0,0.0
spatial_rf,731,10,0.0,0,new,nevada,Gold,"[0,5)",0,0,0.0,,0.0,0,0,,0.0,0,0,,0.0,0,0,
spatial_rf,731,10,0.0,0,new,nevada,Gold,"[5,10)",0,0,0.0,,0.0,0,0,,0.0,0,0,,0.0,0,0,
spatial_rf,731,10,0.0,0,new,nevada,Gold,"[10,20)",0,0,0.0,,0.0,0,0,,0.0,0,0,,0.0,0,0,
spatial_rf,731,10,0.0,0,new,nevada,Gold,"[20,inf)",0,0,0.0,,0.0,0,0,,0.0,0,0,,0.0,0,0,
spatial_rf,731,10,0.0,0,new,nevada,Gold,no_context,40000,2348,160000.0,0.058699999999999995,1600.0,400,23,0.009795570698466781,8000.0,2000,111,0.04727427597955707,16000.0,4000,243,0.1034923339011925
spatial_rf,731,10,0.0,0,new,nevada,Copper,"[0,5)",0,0,0.0,,0.0,0,0,,0.0,0,0,,0.0,0,0,
spatial_rf,731,10,0.0,0,new,nevada,Copper,"[5,10)",0,0,0.0,,0.0,0,0,,0.0,0,0,,0.0,0,0,
spatial_rf,731,10,0.0,0,new,nevada,Copper,"[10,20)",0,0,0.0,,0.0,0,0,,0.0,0,0,,0.0,0,0,
spatial_rf,731,10,0.0,0,new,nevada,Copper,"[20,inf)",0,0,0.0,,0.0,0,0,,0.0,0,0,,0.0,0,0,
spatial_rf,731,10,0.0,0,new,nevada,Copper,no_context,40000,1212,160000.0,0.030299999999999997,1600.0,400,11,0.009075907590759076,8000.0,2000,60,0.04950495049504951,16000.0,4000,123,0.10148514851485149
spatial_rf,731,10,0.0,0,new,arizona,Gold,"[0,5)",0,0,0.0,,0.0,0,0,,0.0,0,0,,0.0,0,0,
spatial_rf,731,10,0.0,0,new,arizona,Gold,"[5,10)",0,0,0.0,,0.0,0,0,,0.0,0,0,,0.0,0,0,
spatial_rf,731,10,0.0,0,new,arizona,Gold,"[10,20)",0,0,0.0,,0.0,0,0,,0.0,0,0,,0.0,0,0,
spatial_rf,731,10,0.0,0,new,arizona,Gold,"[20,inf)",0,0,0.0,,0.0,0,0,,0.0,0,0,,0.0,0,0,
spatial_rf,731,10,0.0,0,new,arizona,Gold,no_context,42295,1172,169094.746282076,0.02771013122118454,1692.0,423,10,0.008532423208191127,8456.0,2114,60,0.051194539249146756,16910.2060251832,4230,123,0.10494880546075085
spatial_rf,731,10,0.0,0,new,arizona,Copper,"[0,5)",0,0,0.0,,0.0,0,0,,0.0,0,0,,0.0,0,0,
spatial_rf,731,10,0.0,0,new,arizona,Copper,"[5,10)",0,0,0.0,,0.0,0,0,,0.0,0,0,,0.0,0,0,
spatial_rf,731,10,0.0,0,new,arizona,Copper,"[10,20)",0,0,0.0,,0.0,0,0,,0.0,0,0,,0.0,0,0,
spatial_rf,731,10,0.0,0,new,arizona,Copper,"[20,inf)",0,0,0.0,,0.0,0,0,,0.0,0,0,,0.0,0,0,
spatial_rf,731,10,0.0,0,new,arizona,Copper,no_context,42295,1310,169094.746282076,0.030972928242108996,1692.0,423,10,0.007633587786259542,8456.0,2114,70,0.05343511450381679,16910.2060251832,4230,128,0.09770992366412214
spatial_rf,731,10,0.0,0,new,colorado,Gold,"[0,5)",0,0,0.0,,0.0,0,0,,0.0,0,0,,0.0,0,0,
spatial_rf,731,10,0.0,0,new,colorado,Gold,"[5,10)",0,0,0.0,,0.0,0,0,,0.0,0,0,,0.0,0,0,
spatial_rf,731,10,0.0,0,new,colorado,Gold,"[10,20)",0,0,0.0,,0.0,0,0,,0.0,0,0,,0.0,0,0,
spatial_rf,731,10,0.0,0,new,colorado,Gold,"[20,inf)",0,0,0.0,,0.0,0,0,,0.0,0,0,,0.0,0,0,
spatial_rf,731,10,0.0,0,new,colorado,Gold,no_context,42500,1375,170000.0,0.032352941176470584,1700.0,425,10,0.007272727272727273,8500.0,2125,64,0.04654545454545454,17000.0,4250,144,0.10472727272727272
spatial_rf,731,10,0.0,0,new,colorado,Copper,"[0,5)",0,0,0.0,,0.0,0,0,,0.0,0,0,,0.0,0,0,
spatial_rf,731,10,0.0,0,new,colorado,Copper,"[5,10)",0,0,0.0,,0.0,0,0,,0.0,0,0,,0.0,0,0,
spatial_rf,731,10,0.0,0,new,colorado,Copper,"[10,20)",0,0,0.0,,0.0,0,0,,0.0,0,0,,0.0,0,0,
spatial_rf,731,10,0.0,0,new,colorado,Copper,"[20,inf)",0,0,0.0,,0.0,0,0,,0.0,0,0,,0.0,0,0,
spatial_rf,731,10,0.0,0,new,colorado,Copper,no_context,42500,839,170000.0,0.019741176470588234,1700.0,425,5,0.0059594755661501785,8500.0,2125,38,0.04529201430274136,17000.0,4250,74,0.08820023837902265
spatial_rf,731,10,0.25,101,new,nevada,Gold,"[0,5)",2249,390,8996.0,0.25887709171206197,1408.0,352,105,0.2692307692307692,4836.0,1209,274,0.7025641025641025,6568.0,1642,333,0.8538461538461538
spatial_rf,731,10,0.25,101,new,nevada,Gold,"[5,10)",4947,442,19788.0,0.1642009065415846,192.0,48,12,0.027149321266968326,2536.0,634,113,0.25565610859728505,5556.0,1389,205,0.4638009049773756
spatial_rf,731,10,0.25,101,new,nevada,Gold,"[10,20)",11505,666,46020.0,0.07634302951557306,0.0,0,0,0.0,612.0,153,15,0.02252252252252252,3104.0,776,68,0.1021021021021021
spatial_rf,731,10,0.25,101,new,nevada,Gold,"[20,inf)",21299,850,85196.0,0.05432388765064657,0.0,0,0,0.0,16.0,4,1,0.001176470588235294,772.0,193,17,0.02
spatial_rf,731,10,0.25,101,new,nevada,Gold,no_context,0,0,0.0,,0.0,0,0,,0.0,0,0,,0.0,0,0,
spatial_rf,731,10,0.25,101,new,nevada,Copper,"[0,5)",1427,189,5708.0,0.16418114165397305,1224.0,306,55,0.291005291005291,3596.0,899,143,0.7566137566137566,4500.0,1125,165,0.873015873015873
spatial_rf,731,10,0.25,101,new,nevada,Copper,"[5,10)",3546,171,14184.0,0.07765950316220177,376.0,94,8,0.04678362573099415,2592.0,648,64,0.3742690058479532,4792.0,1198,87,0.5087719298245614
spatial_rf,731,10,0.25,101,new,nevada,Copper,"[10,20)",9217,327,36868.0,0.037795053153047646,0.0,0,0,0.0,680.0,170,5,0.01529051987767584,2892.0,723,33,0.10091743119266056
spatial_rf,731,10,0.25,101,new,nevada,Copper,"[20,inf)",25810,525,103240.0,0.028669078842947844,0.0,0,0,0.0,1132.0,283,12,0.022857142857142857,3816.0,954,35,0.06666666666666667
spatial_rf,731,10,0.25,101,new,nevada,Copper,no_context,0,0,0.0,,0.0,0,0,,0.0,0,0,,0.0,0,0,
spatial_rf,731,10,0.25,101,new,arizona,Gold,"[0,5)",1247,194,4979.172920763493,0.29661998765774494,1372.0,343,95,0.4896907216494845,3292.0,823,160,0.8247422680412371,3940.0,985,175,0.9020618556701031
spatial_rf,731,10,0.25,101,new,arizona,Gold,"[5,10)",2701,228,10790.117837281432,0.15425564713609907,316.0,79,17,0.07456140350877193,2252.0,563,92,0.40350877192982454,3719.0044004917145,930,124,0.543859649122807
spatial_rf,731,10,0.25,101,new,arizona,Gold,"[10,20)",6349,358,25371.2179623954,0.10929714049389232,4.0,1,0,0.0,1076.0,269,41,0.11452513966480447,2736.0,684,95,0.26536312849162014
spatial_rf,731,10,0.25,101,new,arizona,Gold,"[20,inf)",18248,389,72954.23756163567,0.04277545050012043,0.0,0,0,0.0,220.0,55,9,0.02313624678663239,1052.0,263,28,0.07197943444730077
spatial_rf,731,10,0.25,101,new,arizona,Gold,no_context,13750,3,55000.0,0.0003853828547036707,0.0,0,0,0.0,1616.0,404,0,0.0,5464.0,1366,0,0.0
spatial_rf,731,10,0.25,101,new,arizona,Copper,"[0,5)",1415,227,5651.172920763493,0.24105600433265795,944.0,236,70,0.30837004405286345,2164.0,541,117,0.5154185022026432,3516.0,879,167,0.73568281938326
spatial_rf,731,10,0.25,101,new,arizona,Copper,"[5,10)",3067,253,12250.350196869578,0.13372968805945656,244.0,61,10,0.039525691699604744,1120.0,280,48,0.18972332015810275,2780.0,695,101,0.39920948616600793
spatial_rf,731,10,0.25,101,new,arizona,Copper,"[10,20)",6964,402,27834.985602807254,0.10698591980789485,0.0,0,0,0.0,204.0,51,12,0.029850746268656716,1084.0,271,49,0.12189054726368159
spatial_rf,731,10,0.25,101,new,arizona,Copper,"[20,inf)",18349,420,73358.23756163567,0.058387930793789525,0.0,0,0,0.0,100.0,25,0,0.0,648.0,162,19,0.04523809523809524
spatial_rf,731,10,0.25,101,new,arizona,Copper,no_context,12500,8,50000.0,0.002235105633567459,504.0,126,0,0.0,4868.0,1217,3,0.375,8884.0,2221,6,0.75
spatial_rf,731,10,0.25,101,new,colorado,Gold,"[0,5)",1220,284,4880.0,0.460921560193579,1344.0,336,159,0.5598591549295775,2892.0,723,234,0.823943661971831,3508.0,877,249,0.8767605633802817
spatial_rf,731,10,0.25,101,new,colorado,Gold,"[5,10)",2569,235,10276.0,0.23029764376414857,356.0,89,32,0.13617021276595745,2144.0,536,122,0.5191489361702127,3552.0,888,157,0.6680851063829787
spatial_rf,731,10,0.25,101,new,colorado,Gold,"[10,20)",6178,378,24712.0,0.16061362838714857,0.0,0,0,0.0,1244.0,311,77,0.2037037037037037,2676.0,669,125,0.3306878306878307
spatial_rf,731,10,0.25,101,new,colorado,Gold,"[20,inf)",17533,444,70132.0,0.06755958378448929,0.0,0,0,0.0,424.0,106,13,0.02927927927927928,3056.0,764,95,0.21396396396396397
spatial_rf,731,10,0.25,101,new,colorado,Gold,no_context,15000,34,60000.0,0.004599010159569698,0.0,0,0,0.0,1796.0,449,2,0.058823529411764705,4208.0,1052,10,0.29411764705882354
spatial_rf,731,10,0.25,101,new,colorado,Copper,"[0,5)",763,130,3052.0,0.2607432802464641,880.0,220,63,0.4846153846153846,1792.0,448,99,0.7615384615384615,2244.0,561,117,0.9
spatial_rf,731,10,0.25,101,new,colorado,Copper,"[5,10)",1778,101,7112.0,0.11037409529626534,340.0,85,14,0.13861386138613863,1336.0,334,35,0.3465346534653465,2268.0,567,55,0.5445544554455446
spatial_rf,731,10,0.25,101,new,colorado,Copper,"[10,20)",4506,230,18024.0,0.10617308787795016,0.0,0,0,0.0,692.0,173,20,0.08695652173913043,2044.0,511,71,0.30869565217391304
spatial_rf,731,10,0.25,101,new,colorado,Copper,"[20,inf)",21703,351,86812.0,0.03793105661583426,0.0,0,0,0.0,1264.0,316,9,0.02564102564102564,6220.0,1555,90,0.2564102564102564
spatial_rf,731,10,0.25,101,new,colorado,Copper,no_context,13750,27,55000.0,0.0021793500934062233,480.0,120,0,0.0,3416.0,854,2,0.07407407407407407,4224.0,1056,4,0.14814814814814814
spatial_rf,731,10,0.25,211,new,nevada,Gold,"[0,5)",2219,364,8876.0,0.23167260881485263,1300.0,325,86,0.23626373626373626,4500.0,1125,237,0.6510989010989011,6200.0,1550,306,0.8406593406593407
spatial_rf,731,10,0.25,211,new,nevada,Gold,"[5,10)",4898,407,19592.0,0.11489551151879669,296.0,74,7,0.0171990171990172,2492.0,623,83,0.20393120393120392,5436.0,1359,179,0.4398034398034398
spatial_rf,731,10,0.25,211,new,nevada,Gold,"[10,20)",11000,659,44000.0,0.0865016819677748,4.0,1,0,0.0,908.0,227,22,0.03338391502276176,3456.0,864,91,0.13808801213960548
spatial_rf,731,10,0.25,211,new,nevada,Gold,"[20,inf)",20633,862,82532.0,0.060034399917108155,0.0,0,0,0.0,100.0,25,2,0.002320185614849188,908.0,227,26,0.030162412993039442
spatial_rf,731,10,0.25,211,new,nevada,Gold,no_context,1250,56,5000.0,0.2538859636860166,0.0,0,0,0.0,0.0,0,0,0.0,0.0,0,0,0.0
spatial_rf,731,10,0.25,211,new,nevada,Copper,"[0,5)",1389,158,5556.0,0.1448411846768142,1272.0,318,43,0.2721518987341772,3348.0,837,118,0.7468354430379747,4204.0,1051,140,0.8860759493670886
spatial_rf,731,10,0.25,211,new,nevada,Copper,"[5,10)",3498,172,13992.0,0.07737099370887747,328.0,82,8,0.046511627906976744,2496.0,624,54,0.313953488372093,4608.0,1152,89,0.5174418604651163
spatial_rf,731,10,0.25,211,new,nevada,Copper,"[10,20)",8696,333,34784.0,0.04269604071728708,0.0,0,0,0.0,968.0,242,12,0.036036036036036036,3032.0,758,26,0.07807807807807808
spatial_rf,731,10,0.25,211,new,nevada,Copper,"[20,inf)",25167,526,100668.0,0.024824780640410347,0.0,0,0,0.0,852.0,213,4,0.0076045627376425855,2940.0,735,19,0.03612167300380228
spatial_rf,731,10,0.25,211,new,nevada,Copper,no_context,1250,23,5000.0,0.03082658284366042,0.0,0,0,0.0,336.0,84,3,0.13043478260869565,1216.0,304,4,0.17391304347826086
spatial_rf,731,10,0.25,211,new,arizona,Gold,"[0,5)",1161,188,4644.0,0.2665997926198362,1348.0,337,85,0.4521276595744681,3016.0,754,149,0.7925531914893617,3496.0,874,160,0.851063829787234
spatial_rf,731,10,0.25,211,new,arizona,Gold,"[5,10)",2485,190,9940.0,0.10996102874326498,344.0,86,10,0.05263157894736842,2112.0,528,62,0.3263157894736842,3304.0,826,86,0.45263157894736844
spatial_rf,731,10,0.25,211,new,arizona,Gold,"[10,20)",5948,328,23777.063062746078,0.08707506611046441,0.0,0,0,0.0,868.0,217,29,0.08841463414634146,1884.0,471,65,0.19817073170731708
spatial_rf,731,10,0.25,211,new,arizona,Gold,"[20,inf)",20201,463,80733.68321932992,0.07911606039126798,0.0,0,0,0.0,208.0,52,25,0.05399568034557235,960.0,240,45,0.09719222462203024
spatial_rf,731,10,0.25,211,new,arizona,Gold,no_context,12500,3,50000.0,0.000260685210899995,0.0,0,0,0.0,2252.0,563,0,0.0,7268.0,1817,0,0.0
spatial_rf,731,10,0.25,211,new,arizona,Copper,"[0,5)",1242,197,4968.0,0.2212477930325104,984.0,246,62,0.3147208121827411,1940.0,485,106,0.5380710659898477,3024.0,756,142,0.7208121827411168
spatial_rf,731,10,0.25,211,new,arizona,Copper,"[5,10)",2807,227,11228.0,0.10642378047685543,272.0,68,9,0.039647577092511016,1064.0,266,33,0.14537444933920704,2360.0,590,70,0.30837004405286345
spatial_rf,731,10,0.25,211,new,arizona,Copper,"[10,20)",6925,360,27685.063062746078,0.08491756535148459,0.0,0,0,0.0,108.0,27,1,0.002777777777777778,1060.0,265,35,0.09722222222222222
spatial_rf,731,10,0.25,211,new,arizona,Copper,"[20,inf)",20071,519,80213.68321932992,0.08729657582812356,0.0,0,0,0.0,4.0,1,0,0.0,296.0,74,29,0.055876685934489405
spatial_rf,731,10,0.25,211,new,arizona,Copper,no_context,11250,7,45000.0,0.001557681036036361,436.0,109,0,0.0,5340.0,1335,1,0.14285714285714285,10172.0,2543,4,0.5714285714285714
spatial_rf,731,10,0.25,211,new,colorado,Gold,"[0,5)",1238,315,4952.0,0.508829080040192,1372.0,343,165,0.5238095238095238,2976.0,744,269,0.8539682539682539,3848.0,962,292,0.926984126984127
spatial_rf,731,10,0.25,211,new,colorado,Gold,"[5,10)",2406,297,9624.0,0.3040982571873888,328.0,82,37,0.12457912457912458,2044.0,511,155,0.5218855218855218,3560.0,890,204,0.6868686868686869
spatial_rf,731,10,0.25,211,new,colorado,Gold,"[10,20)",5517,414,22068.0,0.1550427000861637,0.0,0,0,0.0,1004.0,251,55,0.13285024154589373,1932.0,483,95,0.22946859903381642
spatial_rf,731,10,0.25,211,new,colorado,Gold,"[20,inf)",15839,309,63356.0,0.04823779475938911,0.0,0,0,0.0,220.0,55,5,0.016181229773462782,952.0,238,26,0.08414239482200647
spatial_rf,731,10,0.25,211,new,colorado,Gold,no_context,17500,40,70000.0,0.006356829780737145,0.0,0,0,0.0,2256.0,564,1,0.025,6708.0,1677,9,0.225
spatial_rf,731,10,0.25,211,new,colorado,Copper,"[0,5)",824,168,3296.0,0.23799262808307692,1032.0,258,57,0.3392857142857143,1924.0,481,127,0.7559523809523809,2460.0,615,155,0.9226190476190477
spatial_rf,731,10,0.25,211,new,colorado,Copper,"[5,10)",1877,143,7508.0,0.12898588002250477,308.0,77,13,0.09090909090909091,1304.0,326,43,0.3006993006993007,2256.0,564,77,0.5384615384615384
spatial_rf,731,10,0.25,211,new,colorado,Copper,"[10,20)",4738,237,18952.0,0.0913321827407684,0.0,0,0,0.0,400.0,100,11,0.046413502109704644,1448.0,362,52,0.21940928270042195
spatial_rf,731,10,0.25,211,new,colorado,Copper,"[20,inf)",18811,274,75244.0,0.026533072187357343,0.0,0,0,0.0,300.0,75,0,0.0,2540.0,635,27,0.09854014598540146
spatial_rf,731,10,0.25,211,new,colorado,Copper,no_context,16250,17,65000.0,0.0016566950324612912,360.0,90,0,0.0,4572.0,1143,0,0.0,8296.0,2074,3,0.17647058823529413
spatial_rf,731,10,0.25,307,new,nevada,Gold,"[0,5)",2225,391,8900.0,0.2675289594029447,1420.0,355,102,0.2608695652173913,4700.0,1175,272,0.6956521739130435,6412.0,1603,325,0.8312020460358056
spatial_rf,731,10,0.25,307,new,nevada,Gold,"[5,10)",5003,409,20012.0,0.11908271792497861,180.0,45,6,0.014669926650366748,2500.0,625,88,0.21515892420537897,5432.0,1358,168,0.41075794621026895
spatial_rf,731,10,0.25,307,new,nevada,Gold,"[10,20)",10999,594,43996.0,0.07502321204658233,0.0,0,0,0.0,708.0,177,10,0.016835016835016835,3104.0,776,55,0.09259259259259259
spatial_rf,731,10,0.25,307,new,nevada,Gold,"[20,inf)",21773,954,87092.0,0.06819478045557287,0.0,0,0,0.0,92.0,23,3,0.0031446540880503146,1052.0,263,22,0.023060796645702306
spatial_rf,731,10,0.25,307,new,nevada,Gold,no_context,0,0,0.0,,0.0,0,0,,0.0,0,0,,0.0,0,0,
spatial_rf,731,10,0.25,307,new,nevada,Copper,"[0,5)",1336,189,5344.0,0.1629962062254347,1244.0,311,48,0.25396825396825395,3312.0,828,135,0.7142857142857143,4188.0,1047,160,0.8465608465608465
spatial_rf,731,10,0.25,307,new,nevada,Copper,"[5,10)",3588,192,14352.0,0.06609259142788766,356.0,89,2,0.010416666666666666,2736.0,684,54,0.28125,4460.0,1115,81,0.421875
spatial_rf,731,10,0.25,307,new,nevada,Copper,"[10,20)",8860,255,35440.0,0.03671116436691949,0.0,0,0,0.0,1000.0,250,13,0.050980392156862744,2964.0,741,33,0.12941176470588237
spatial_rf,731,10,0.25,307,new,nevada,Copper,"[20,inf)",23716,531,94864.0,0.028705422374247933,0.0,0,0,0.0,732.0,183,9,0.01694915254237288,3132.0,783,28,0.05273069679849341
spatial_rf,731,10,0.25,307,new,nevada,Copper,no_context,2500,45,10000.0,0.03957470045206661,0.0,0,0,0.0,220.0,55,6,0.13333333333333333,1256.0,314,15,0.3333333333333333
spatial_rf,731,10,0.25,307,new,arizona,Gold,"[0,5)",1084,163,4336.0,0.38760009471328516,1312.0,328,100,0.6134969325153374,2408.0,602,125,0.7668711656441718,3256.0,814,147,0.901840490797546
spatial_rf,731,10,0.25,307,new,arizona,Gold,"[5,10)",2448,229,9791.488238811493,0.15647666510939062,380.0,95,19,0.08296943231441048,1796.0,449,77,0.33624454148471616,3372.0,843,130,0.5676855895196506
spatial_rf,731,10,0.25,307,new,arizona,Gold,"[10,20)",5751,363,22993.076178561896,0.10721232059783674,0.0,0,0,0.0,1056.0,264,43,0.1184573002754821,2224.0,556,64,0.1763085399449036
spatial_rf,731,10,0.25,307,new,arizona,Gold,"[20,inf)",19262,414,76974.18186470261,0.03170662299616189,0.0,0,0,0.0,324.0,81,5,0.012077294685990338,1820.0,455,20,0.04830917874396135
spatial_rf,731,10,0.25,307,new,arizona,Gold,no_context,13750,3,55000.0,0.00048584548596654125,0.0,0,0,0.0,2872.0,718,0,0.0,6240.0,1560,0,0.0
spatial_rf,731,10,0.25,307,new,arizona,Copper,"[0,5)",1196,192,4784.0,0.22750531618900585,680.0,170,49,0.2552083333333333,2036.0,509,106,0.5520833333333334,3228.0,807,141,0.734375
spatial_rf,731,10,0.25,307,new,arizona,Copper,"[5,10)",2727,241,10907.488238811493,0.11697277320818027,160.0,40,3,0.012448132780082987,1292.0,323,51,0.21161825726141079,3376.0,844,96,0.3983402489626556
spatial_rf,731,10,0.25,307,new,arizona,Copper,"[10,20)",6238,370,24941.076178561896,0.10343527376752819,0.0,0,0,0.0,180.0,45,15,0.04054054054054054,1436.0,359,53,0.14324324324324325
spatial_rf,731,10,0.25,307,new,arizona,Copper,"[20,inf)",18384,474,73462.18186470261,0.04028474723953975,0.0,0,0,0.0,108.0,27,0,0.0,1016.0,254,14,0.029535864978902954
spatial_rf,731,10,0.25,307,new,arizona,Copper,no_context,13750,33,55000.0,0.004710254008803117,852.0,213,0,0.0,4840.0,1210,0,0.0,7856.0,1964,5,0.15151515151515152
spatial_rf,731,10,0.25,307,new,colorado,Gold,"[0,5)",1143,232,4572.0,0.3274692014742118,1308.0,327,125,0.5387931034482759,2856.0,714,184,0.7931034482758621,3652.0,913,212,0.9137931034482759
spatial_rf,731,10,0.25,307,new,colorado,Gold,"[5,10)",2493,231,9972.0,0.2159404708223288,384.0,96,31,0.1341991341991342,2024.0,506,116,0.5021645021645021,3636.0,909,150,0.6493506493506493
spatial_rf,731,10,0.25,307,new,colorado,Gold,"[10,20)",5817,369,23268.0,0.139236648725572,8.0,2,0,0.0,1164.0,291,71,0.19241192411924118,2904.0,726,128,0.34688346883468835
spatial_rf,731,10,0.25,307,new,colorado,Gold,"[20,inf)",18047,518,72188.0,0.07590049709192519,0.0,0,0,0.0,560.0,140,34,0.06563706563706563,2484.0,621,58,0.11196911196911197
spatial_rf,731,10,0.25,307,new,colorado,Gold,no_context,15000,25,60000.0,0.005020318411194863,0.0,0,0,0.0,1896.0,474,1,0.04,4324.0,1081,2,0.08
spatial_rf,731,10,0.25,307,new,colorado,Copper,"[0,5)",708,103,2832.0,0.24642854659139812,896.0,224,59,0.5728155339805825,1656.0,414,83,0.8058252427184466,2072.0,518,89,0.8640776699029126
spatial_rf,731,10,0.25,307,new,colorado,Copper,"[5,10)",1885,94,7540.0,0.1058249708130504,308.0,77,14,0.14893617021276595,1212.0,303,29,0.30851063829787234,2168.0,542,43,0.4574468085106383
spatial_rf,731,10,0.25,307,new,colorado,Copper,"[10,20)",4809,190,19236.0,0.0778754956932071,4.0,1,0,0.0,588.0,147,18,0.09473684210526316,1992.0,498,47,0.24736842105263157
spatial_rf,731,10,0.25,307,new,colorado,Copper,"[20,inf)",20098,417,80392.0,0.04214259474678056,8.0,2,0,0.0,1880.0,470,11,0.026378896882494004,6152.0,1538,67,0.1606714628297362
spatial_rf,731,10,0.25,307,new,colorado,Copper,no_context,15000,35,60000.0,0.011792072397197168,484.0,121,0,0.0,3164.0,791,15,0.42857142857142855,4616.0,1154,22,0.6285714285714286
spatial_rf,731,10,0.5,101,new,nevada,Gold,"[0,5)",4348,735,17392.0,0.289280937211768,1544.0,386,134,0.18231292517006803,6456.0,1614,422,0.5741496598639456,10368.0,2592,566,0.7700680272108843
spatial_rf,731,10,0.5,101,new,nevada,Gold,"[5,10)",8665,670,34660.0,0.15881175121776167,56.0,14,8,0.011940298507462687,1500.0,375,84,0.1253731343283582,4768.0,1192,197,0.29402985074626864
spatial_rf,731,10,0.5,101,new,nevada,Gold,"[10,20)",13910,574,55640.0,0.06478551458392204,0.0,0,0,0.0,44.0,11,0,0.0,860.0,215,19,0.033101045296167246
spatial_rf,731,10,0.5,101,new,nevada,Gold,"[20,inf)",13077,369,52308.0,0.03954766160072493,0.0,0,0,0.0,0.0,0,0,0.0,4.0,1,0,0.0
spatial_rf,731,10,0.5,101,new,nevada,Gold,no_context,0,0,0.0,,0.0,0,0,,0.0,0,0,,0.0,0,0,
spatial_rf,731,10,0.5,101,new,nevada,Copper,"[0,5)",2597,330,10388.0,0.18152793612783238,1524.0,381,74,0.22424242424242424,5532.0,1383,225,0.6818181818181818,7512.0,1878,274,0.8303030303030303
spatial_rf,731,10,0.5,101,new,nevada,Copper,"[5,10)",6039,268,24156.0,0.06996537973543747,76.0,19,5,0.018656716417910446,2288.0,572,42,0.15671641791044777,5920.0,1480,113,0.4216417910447761
spatial_rf,731,10,0.5,101,new,nevada,Copper,"[10,20)",12469,340,49876.0,0.03048215365945863,0.0,0,0,0.0,144.0,36,1,0.0029411764705882353,2004.0,501,10,0.029411764705882353
spatial_rf,731,10,0.5,101,new,nevada,Copper,"[20,inf)",18895,274,75580.0,0.01635405029786907,0.0,0,0,0.0,36.0,9,0,0.0,564.0,141,4,0.014598540145985401
spatial_rf,731,10,0.5,101,new,nevada,Copper,no_context,0,0,0.0,,0.0,0,0,,0.0,0,0,,0.0,0,0,
spatial_rf,731,10,0.5,101,new,arizona,Gold,"[0,5)",2307,367,9215.194419384003,0.3401989428507729,1504.0,376,140,0.3814713896457766,5304.0,1326,291,0.7929155313351499,6775.392221927643,1697,326,0.888283378746594
spatial_rf,731,10,0.5,101,new,arizona,Gold,"[5,10)",4721,369,18863.386983962264,0.1752022137827727,188.0,47,14,0.037940379403794036,2528.0,632,115,0.3116531165311653,5090.09959602356,1274,180,0.4878048780487805
spatial_rf,731,10,0.5,101,new,arizona,Gold,"[10,20)",8635,298,34525.92731709406,0.08315917989729946,0.0,0,0,0.0,348.0,87,15,0.050335570469798654,1384.0,346,50,0.16778523489932887
spatial_rf,731,10,0.5,101,new,arizona,Gold,"[20,inf)",12882,135,51490.23756163567,0.015270136718610225,0.0,0,0,0.0,40.0,10,0,0.0,156.0,39,2,0.014814814814814815
spatial_rf,731,10,0.5,101,new,arizona,Gold,no_context,13750,3,55000.0,0.00040016199860929254,0.0,0,0,0.0,236.0,59,0,0.0,3504.0,876,0,0.0
spatial_rf,731,10,0.5,101,new,arizona,Copper,"[0,5)",2798,457,11183.172920763493,0.2765820664190968,1480.0,370,118,0.25820568927789933,4424.0,1106,272,0.5951859956236324,6575.232404828072,1645,339,0.7417943107221007
spatial_rf,731,10,0.5,101,new,arizona,Copper,"[5,10)",5407,399,21610.35019686958,0.1413848413360753,196.0,49,14,0.03508771929824561,1640.0,410,83,0.20802005012531327,3944.0,986,148,0.37092731829573933
spatial_rf,731,10,0.5,101,new,arizona,Copper,"[10,20)",9299,288,37174.98560280725,0.0704460779161613,0.0,0,0,0.0,44.0,11,3,0.010416666666666666,560.0,140,24,0.08333333333333333
spatial_rf,731,10,0.5,101,new,arizona,Copper,"[20,inf)",14791,159,59126.23756163567,0.02443394350083624,0.0,0,0,0.0,32.0,8,0,0.0,220.0,55,0,0.0
spatial_rf,731,10,0.5,101,new,arizona,Copper,no_context,10000,7,40000.0,0.00226289549628906,16.0,4,0,0.0,2316.0,579,0,0.0,5612.0,1403,2,0.2857142857142857
spatial_rf,731,10,0.5,101,new,colorado,Gold,"[0,5)",2313,497,9252.0,0.4234711091427755,1476.0,369,183,0.3682092555331992,4744.0,1186,411,0.8269617706237424,6192.0,1548,444,0.8933601609657947
spatial_rf,731,10,0.5,101,new,colorado,Gold,"[5,10)",4568,382,18272.0,0.26118653708515965,224.0,56,21,0.0549738219895288,2292.0,573,176,0.4607329842931937,4880.0,1220,240,0.6282722513089005
spatial_rf,731,10,0.5,101,new,colorado,Gold,"[10,20)",8245,341,32980.0,0.1833611935062826,0.0,0,0,0.0,712.0,178,72,0.21114369501466276,1732.0,433,108,0.31671554252199413
spatial_rf,731,10,0.5,101,new,colorado,Gold,"[20,inf)",14874,150,59496.0,0.06655178266183819,0.0,0,0,0.0,28.0,7,3,0.02,728.0,182,19,0.12666666666666668
spatial_rf,731,10,0.5,101,new,colorado,Gold,no_context,12500,5,50000.0,0.0010632002945329545,0.0,0,0,0.0,724.0,181,0,0.0,3468.0,867,1,0.2
spatial_rf,731,10,0.5,101,new,colorado,Copper,"[0,5)",1577,252,6308.0,0.26532138045825865,1304.0,326,88,0.3492063492063492,3068.0,767,184,0.7301587301587301,4204.0,1051,224,0.8888888888888888
spatial_rf,731,10,0.5,101,new,colorado,Copper,"[5,10)",3375,215,13500.0,0.15900151527889644,352.0,88,24,0.11162790697674418,1556.0,389,74,0.34418604651162793,3004.0,751,114,0.5302325581395348
spatial_rf,731,10,0.5,101,new,colorado,Copper,"[10,20)",6588,224,26352.0,0.12604253181779987,0.0,0,0,0.0,396.0,99,21,0.09375,1988.0,497,87,0.38839285714285715
spatial_rf,731,10,0.5,101,new,colorado,Copper,"[20,inf)",19710,140,78840.0,0.018304450173186198,0.0,0,0,0.0,168.0,42,1,0.007142857142857143,1116.0,279,11,0.07857142857142857
spatial_rf,731,10,0.5,101,new,colorado,Copper,no_context,11250,8,45000.0,0.002013090423943184,44.0,11,0,0.0,3312.0,828,0,0.0,6688.0,1672,3,0.375
spatial_rf,731,10,0.5,211,new,nevada,Gold,"[0,5)",4236,729,16944.0,0.27968536582358317,1492.0,373,130,0.17832647462277093,6248.0,1562,403,0.5528120713305898,10072.0,2518,565,0.7750342935528121
spatial_rf,731,10,0.5,211,new,nevada,Gold,"[5,10)",8480,673,33920.0,0.12333035594774487,108.0,27,8,0.01188707280832095,1672.0,418,64,0.0950965824665676,4728.0,1182,165,0.2451708766716196
spatial_rf,731,10,0.5,211,new,nevada,Gold,"[10,20)",13930,568,55720.0,0.06771437639402865,0.0,0,0,0.0,80.0,20,1,0.0017605633802816902,1088.0,272,31,0.05457746478873239
spatial_rf,731,10,0.5,211,new,nevada,Gold,"[20,inf)",13354,378,53416.0,0.048584109640747816,0.0,0,0,0.0,0.0,0,0,0.0,112.0,28,1,0.0026455026455026454
spatial_rf,731,10,0.5,211,new,nevada,Gold,no_context,0,0,0.0,,0.0,0,0,,0.0,0,0,,0.0,0,0,
spatial_rf,731,10,0.5,211,new,nevada,Copper,"[0,5)",2663,316,10652.0,0.17920120102863069,1428.0,357,71,0.22468354430379747,4996.0,1249,211,0.6677215189873418,7036.0,1759,253,0.8006329113924051
spatial_rf,731,10,0.5,211,new,nevada,Copper,"[5,10)",6235,294,24940.0,0.07340264911414479,172.0,43,2,0.006802721088435374,2168.0,542,44,0.14965986394557823,5636.0,1409,115,0.391156462585034
spatial_rf,731,10,0.5,211,new,nevada,Copper,"[10,20)",12087,317,48348.0,0.03127774629980277,0.0,0,0,0.0,272.0,68,2,0.006309148264984227,2052.0,513,17,0.05362776025236593
spatial_rf,731,10,0.5,211,new,nevada,Copper,"[20,inf)",17765,262,71060.0,0.025773756495917073,0.0,0,0,0.0,380.0,95,10,0.03816793893129771,668.0,167,14,0.05343511450381679
spatial_rf,731,10,0.5,211,new,nevada,Copper,no_context,1250,23,5000.0,0.03521358022505779,0.0,0,0,0.0,184.0,46,4,0.17391304347826086,608.0,152,5,0.21739130434782608
spatial_rf,731,10,0.5,211,new,arizona,Gold,"[0,5)",2144,378,8563.194419384003,0.3503238107217811,1488.0,372,141,0.373015873015873,5105.344989597797,1278,298,0.7883597883597884,6515.194419384003,1632,344,0.91005291005291
spatial_rf,731,10,0.5,211,new,arizona,Gold,"[5,10)",4303,338,17191.386983962264,0.16807636949712837,204.0,51,19,0.05621301775147929,2430.0995960235596,609,105,0.3106508875739645,5447.898745150771,1367,182,0.5384615384615384
spatial_rf,731,10,0.5,211,new,arizona,Gold,"[10,20)",8121,271,32456.280509967357,0.09343909645831708,0.0,0,0,0.0,524.0,131,26,0.0959409594095941,1420.0,355,53,0.19557195571955718
spatial_rf,731,10,0.5,211,new,arizona,Gold,"[20,inf)",16477,182,65883.88436876237,0.025915012113125965,0.0,0,0,0.0,64.0,16,2,0.01098901098901099,604.0,151,4,0.02197802197802198
spatial_rf,731,10,0.5,211,new,arizona,Gold,no_context,11250,3,45000.0,0.0006352439996322065,0.0,0,0,0.0,332.0,83,0,0.0,2924.0,731,0,0.0
spatial_rf,731,10,0.5,211,new,arizona,Copper,"[0,5)",2485,446,9931.172920763493,0.265389519880366,1452.0,363,111,0.24887892376681614,4341.313136219978,1086,272,0.6098654708520179,6191.04495704174,1549,345,0.773542600896861
spatial_rf,731,10,0.5,211,new,arizona,Copper,"[5,10)",5068,371,20258.117837281432,0.13170174110527547,192.0,48,12,0.03234501347708895,1744.0,436,85,0.22911051212938005,4283.37695226213,1073,141,0.38005390835579517
spatial_rf,731,10,0.5,211,new,arizona,Copper,"[10,20)",9280,314,37093.80400433019,0.0745140577765094,0.0,0,0,0.0,224.0,56,10,0.03184713375796178,980.0,245,45,0.14331210191082802
spatial_rf,731,10,0.5,211,new,arizona,Copper,"[20,inf)",16712,173,66811.65151970088,0.017293286753484603,0.0,0,0,0.0,392.0,98,0,0.0,1264.0,316,1,0.005780346820809248
spatial_rf,731,10,0.5,211,new,arizona,Copper,no_context,8750,6,35000.0,0.0016775777185839868,48.0,12,0,0.0,1756.0,439,0,0.0,4192.0,1048,0,0.0
spatial_rf,731,10,0.5,211,new,colorado,Gold,"[0,5)",2134,483,8536.0,0.5075355349176126,1480.0,370,207,0.42857142857142855,4620.0,1155,410,0.8488612836438924,6208.0,1552,444,0.9192546583850931
spatial_rf,731,10,0.5,211,new,colorado,Gold,"[5,10)",4363,423,17452.0,0.30139001566184487,220.0,55,26,0.061465721040189124,2656.0,664,210,0.49645390070921985,5432.0,1358,284,0.6713947990543735
spatial_rf,731,10,0.5,211,new,colorado,Gold,"[10,20)",8458,338,33832.0,0.13403654934348483,0.0,0,0,0.0,616.0,154,45,0.13313609467455623,1524.0,381,75,0.22189349112426035
spatial_rf,731,10,0.5,211,new,colorado,Gold,"[20,inf)",16295,128,65180.0,0.018838897811259053,0.0,0,0,0.0,48.0,12,1,0.0078125,492.0,123,4,0.03125
spatial_rf,731,10,0.5,211,new,colorado,Gold,no_context,11250,3,45000.0,0.0007166480939907934,0.0,0,0,0.0,560.0,140,0,0.0,3344.0,836,0,0.0
spatial_rf,731,10,0.5,211,new,colorado,Copper,"[0,5)",1448,261,5792.0,0.27798112158628135,1304.0,326,87,0.3333333333333333,3120.0,780,219,0.8390804597701149,3976.0,994,243,0.9310344827586207
spatial_rf,731,10,0.5,211,new,colorado,Copper,"[5,10)",3387,224,13548.0,0.14070185289135975,352.0,88,16,0.07142857142857142,1712.0,428,78,0.3482142857142857,3332.0,833,124,0.5535714285714286
spatial_rf,731,10,0.5,211,new,colorado,Copper,"[10,20)",7468,235,29872.0,0.07926770841552687,0.0,0,0,0.0,324.0,81,15,0.06382978723404255,1904.0,476,55,0.23404255319148937
spatial_rf,731,10,0.5,211,new,colorado,Copper,"[20,inf)",20197,112,80788.0,0.012346025989375023,0.0,0,0,0.0,328.0,82,2,0.017857142857142856,2036.0,509,13,0.11607142857142858
spatial_rf,731,10,0.5,211,new,colorado,Copper,no_context,10000,7,40000.0,0.0023428999568869996,44.0,11,0,0.0,3016.0,754,0,0.0,5752.0,1438,3,0.42857142857142855
spatial_rf,731,10,0.5,307,new,nevada,Gold,"[0,5)",4609,738,18436.0,0.2718327916020976,1504.0,376,120,0.16260162601626016,6376.0,1594,398,0.5392953929539296,10720.0,2680,566,0.7669376693766937
spatial_rf,731,10,0.5,307,new,nevada,Gold,"[5,10)",8840,623,35360.0,0.10994837057915707,96.0,24,2,0.0032102728731942215,1564.0,391,61,0.09791332263242375,4372.0,1093,145,0.23274478330658105
spatial_rf,731,10,0.5,307,new,nevada,Gold,"[10,20)",14077,634,56308.0,0.07267380171257176,0.0,0,0,0.0,60.0,15,2,0.0031545741324921135,904.0,226,30,0.0473186119873817
spatial_rf,731,10,0.5,307,new,nevada,Gold,"[20,inf)",12474,353,49896.0,0.04409860283211097,0.0,0,0,0.0,0.0,0,0,0.0,4.0,1,0,0.0
spatial_rf,731,10,0.5,307,new,nevada,Gold,no_context,0,0,0.0,,0.0,0,0,,0.0,0,0,,0.0,0,0,
spatial_rf,731,10,0.5,307,new,nevada,Copper,"[0,5)",2752,346,11008.0,0.18965246012095385,1504.0,376,74,0.2138728323699422,5396.0,1349,224,0.6473988439306358,7472.0,1868,269,0.7774566473988439
spatial_rf,731,10,0.5,307,new,nevada,Copper,"[5,10)",6513,281,26052.0,0.07566931722708499,96.0,24,5,0.017793594306049824,2216.0,554,51,0.18149466192170818,5812.0,1453,106,0.37722419928825623
spatial_rf,731,10,0.5,307,new,nevada,Copper,"[10,20)",12719,328,50876.0,0.029393022512144183,0.0,0,0,0.0,204.0,51,0,0.0,1860.0,465,15,0.04573170731707317
spatial_rf,731,10,0.5,307,new,nevada,Copper,"[20,inf)",18016,257,72064.0,0.019187891560140263,0.0,0,0,0.0,184.0,46,2,0.007782101167315175,856.0,214,7,0.027237354085603113
spatial_rf,731,10,0.5,307,new,nevada,Copper,no_context,0,0,0.0,,0.0,0,0,,0.0,0,0,,0.0,0,0,
spatial_rf,731,10,0.5,307,new,arizona,Gold,"[0,5)",2183,373,8723.172920763493,0.3388932260739451,1544.0,386,142,0.3806970509383378,5133.313136219978,1284,292,0.7828418230563002,6483.172920763493,1623,335,0.8981233243967829
spatial_rf,731,10,0.5,307,new,arizona,Gold,"[5,10)",4464,355,17842.117837281432,0.15318971114028215,148.0,37,13,0.036619718309859155,2418.6465880274773,607,113,0.3183098591549296,5130.629598469939,1286,175,0.49295774647887325
spatial_rf,731,10,0.5,307,new,arizona,Gold,"[10,20)",7990,276,31933.804004330188,0.06934070130956739,0.0,0,0,0.0,372.0,93,11,0.03985507246376811,1222.960297524929,307,38,0.13768115942028986
spatial_rf,731,10,0.5,307,new,arizona,Gold,"[20,inf)",13908,165,55595.651519700885,0.02982961065252559,0.0,0,0,0.0,0.0,0,0,0.0,308.0,77,5,0.030303030303030304
spatial_rf,731,10,0.5,307,new,arizona,Gold,no_context,13750,3,55000.0,0.0006087817141105722,0.0,0,0,0.0,532.0,133,0,0.0,3768.0,942,0,0.0
spatial_rf,731,10,0.5,307,new,arizona,Copper,"[0,5)",2438,434,9743.172920763493,0.2744022035697998,1460.0,365,111,0.2557603686635945,4361.313136219978,1091,275,0.6336405529953917,6391.172920763493,1600,347,0.7995391705069125
spatial_rf,731,10,0.5,307,new,arizona,Copper,"[5,10)",5034,394,20122.117837281432,0.12037782822106233,196.0,49,10,0.025380710659898477,1715.4141830801964,430,71,0.1802030456852792,4304.126856894698,1079,142,0.3604060913705584
spatial_rf,731,10,0.5,307,new,arizona,Copper,"[10,20)",8856,296,35397.80400433019,0.05253897861828392,0.0,0,0,0.0,140.0,35,4,0.013513513513513514,788.0,197,22,0.07432432432432433
spatial_rf,731,10,0.5,307,new,arizona,Copper,"[20,inf)",14717,174,58831.651519700885,0.02153762793844436,0.0,0,0,0.0,20.0,5,0,0.0,300.0,75,2,0.011494252873563218
spatial_rf,731,10,0.5,307,new,arizona,Copper,no_context,11250,12,45000.0,0.0016100410136984588,36.0,9,0,0.0,2220.0,555,0,0.0,5128.0,1282,0,0.0
spatial_rf,731,10,0.5,307,new,colorado,Gold,"[0,5)",2273,523,9092.0,0.5085349558089106,1480.0,370,210,0.40152963671128106,5220.0,1305,445,0.8508604206500956,6636.0,1659,471,0.9005736137667304
spatial_rf,731,10,0.5,307,new,colorado,Gold,"[5,10)",4345,396,17380.0,0.32745778191022523,220.0,55,33,0.08333333333333333,2484.0,621,195,0.49242424242424243,5536.0,1384,277,0.6994949494949495
spatial_rf,731,10,0.5,307,new,colorado,Gold,"[10,20)",7788,309,31152.0,0.12815661131125333,0.0,0,0,0.0,600.0,150,37,0.11974110032362459,1736.0,434,83,0.2686084142394822
spatial_rf,731,10,0.5,307,new,colorado,Gold,"[20,inf)",16844,139,67376.0,0.020514398391423837,0.0,0,0,0.0,60.0,15,2,0.014388489208633094,1020.0,255,4,0.02877697841726619
spatial_rf,731,10,0.5,307,new,colorado,Gold,no_context,11250,8,45000.0,0.001959048636243309,0.0,0,0,0.0,136.0,34,0,0.0,2072.0,518,0,0.0
spatial_rf,731,10,0.5,307,new,colorado,Copper,"[0,5)",1572,294,6288.0,0.3005940149343035,1404.0,351,101,0.3435374149659864,3780.0,945,242,0.8231292517006803,4624.0,1156,263,0.8945578231292517
spatial_rf,731,10,0.5,307,new,colorado,Copper,"[5,10)",3330,239,13320.0,0.17659284661684735,296.0,74,19,0.0794979079497908,1824.0,456,93,0.3891213389121339,3576.0,894,137,0.5732217573221757
spatial_rf,731,10,0.5,307,new,colorado,Copper,"[10,20)",6708,170,26832.0,0.061722417860235225,0.0,0,0,0.0,392.0,98,13,0.07647058823529412,2000.0,500,32,0.18823529411764706
spatial_rf,731,10,0.5,307,new,colorado,Copper,"[20,inf)",20890,133,83560.0,0.010393302705118639,0.0,0,0,0.0,744.0,186,0,0.0,3836.0,959,11,0.08270676691729323
spatial_rf,731,10,0.5,307,new,colorado,Copper,no_context,10000,3,40000.0,0.0003612191447997332,0.0,0,0,0.0,1760.0,440,0,0.0,2964.0,741,0,0.0
spatial_rf,731,10,1.0,0,new,nevada,Gold,"[0,5)",8325,1353,33300.0,0.28631693721435586,1588.0,397,154,0.11382113821138211,7588.0,1897,576,0.42572062084257206,14236.0,3559,876,0.647450110864745
spatial_rf,731,10,1.0,0,new,nevada,Gold,"[5,10)",13302,705,53208.0,0.09530343207313063,12.0,3,0,0.0,412.0,103,17,0.024113475177304965,1764.0,441,63,0.08936170212765958
spatial_rf,731,10,1.0,0,new,nevada,Gold,"[10,20)",12897,231,51588.0,0.025675304422133047,0.0,0,0,0.0,0.0,0,0,0.0,0.0,0,0,0.0
spatial_rf,731,10,1.0,0,new,nevada,Gold,"[20,inf)",5476,59,21904.0,0.02185261058913448,0.0,0,0,0.0,0.0,0,0,0.0,0.0,0,0,0.0
spatial_rf,731,10,1.0,0,new,nevada,Gold,no_context,0,0,0.0,,0.0,0,0,,0.0,0,0,,0.0,0,0,
spatial_rf,731,10,1.0,0,new,nevada,Copper,"[0,5)",5074,582,20296.0,0.19603721518493258,1600.0,400,93,0.15979381443298968,7072.0,1768,329,0.5652920962199313,11336.0,2834,425,0.7302405498281787
spatial_rf,731,10,1.0,0,new,nevada,Copper,"[5,10)",10390,363,41560.0,0.05902144039871484,0.0,0,0,0.0,920.0,230,26,0.07162534435261708,4468.0,1117,78,0.21487603305785125
spatial_rf,731,10,1.0,0,new,nevada,Copper,"[10,20)",14278,207,57112.0,0.016657580157352983,0.0,0,0,0.0,8.0,2,0,0.0,196.0,49,1,0.004830917874396135
spatial_rf,731,10,1.0,0,new,nevada,Copper,"[20,inf)",10258,60,41032.0,0.013265988272116136,0.0,0,0,0.0,0.0,0,0,0.0,0.0,0,0,0.0
spatial_rf,731,10,1.0,0,new,nevada,Copper,no_context,0,0,0.0,,0.0,0,0,,0.0,0,0,,0.0,0,0,
spatial_rf,731,10,1.0,0,new,arizona,Gold,"[0,5)",3924,650,15683.194419384003,0.3522012261450198,1640.0,410,184,0.28307692307692306,7331.720967531204,1833,469,0.7215384615384616,11211.381867170334,2806,588,0.9046153846153846
spatial_rf,731,10,1.0,0,new,arizona,Gold,"[5,10)",6869,359,27455.386983962264,0.13338934876518835,52.0,13,5,0.013927576601671309,1118.0995960235596,281,60,0.1671309192200557,5350.105265767779,1340,148,0.41225626740947074
spatial_rf,731,10,1.0,0,new,arizona,Gold,"[10,20)",9022,114,36060.28050996736,0.028538959828752018,0.0,0,0,0.0,4.0,1,0,0.0,296.0,74,3,0.02631578947368421
spatial_rf,731,10,1.0,0,new,arizona,Gold,"[20,inf)",11230,46,44895.884368762374,0.012198218209854639,0.0,0,0,0.0,0.0,0,0,0.0,20.0,5,0,0.0
spatial_rf,731,10,1.0,0,new,arizona,Gold,no_context,11250,3,45000.0,0.00043242509124862065,0.0,0,0,0.0,4.0,1,0,0.0,32.0,8,0,0.0
spatial_rf,731,10,1.0,0,new,arizona,Copper,"[0,5)",4594,755,18367.172920763493,0.28723065549192983,1644.0,411,147,0.1947019867549669,7212.0,1803,446,0.590728476821192,11481.313136219978,2871,602,0.7973509933774835
spatial_rf,731,10,1.0,0,new,arizona,Copper,"[5,10)",7706,379,30806.35019686958,0.10650884879990054,48.0,12,4,0.010554089709762533,1243.717074306216,313,55,0.14511873350923482,5347.717074306216,1339,137,0.36147757255936674
spatial_rf,731,10,1.0,0,new,arizona,Copper,"[10,20)",9118,118,36444.45259996131,0.019393954253660348,0.0,0,0,0.0,0.0,0,0,0.0,68.0,17,0,0.0
spatial_rf,731,10,1.0,0,new,arizona,Copper,"[20,inf)",12127,52,48476.770564481616,0.022275618648150086,0.0,0,0,0.0,0.0,0,0,0.0,4.0,1,0,0.0
spatial_rf,731,10,1.0,0,new,arizona,Copper,no_context,8750,6,35000.0,0.003969598185187199,0.0,0,0,0.0,0.0,0,0,0.0,12.0,3,0,0.0
spatial_rf,731,10,1.0,0,new,colorado,Gold,"[0,5)",4225,906,16900.0,0.5061342594063183,1652.0,413,250,0.27593818984547464,7480.0,1870,717,0.7913907284768212,11604.0,2901,806,0.8896247240618101
spatial_rf,731,10,1.0,0,new,colorado,Gold,"[5,10)",6572,326,26288.0,0.18711373520290678,48.0,12,4,0.012269938650306749,1008.0,252,76,0.2331288343558282,5284.0,1321,174,0.5337423312883436
spatial_rf,731,10,1.0,0,new,colorado,Gold,"[10,20)",8806,114,35224.0,0.06173676487274882,0.0,0,0,0.0,12.0,3,2,0.017543859649122806,48.0,12,5,0.043859649122807015
spatial_rf,731,10,1.0,0,new,colorado,Gold,"[20,inf)",15397,27,61588.0,0.003607363360255689,0.0,0,0,0.0,0.0,0,0,0.0,0.0,0,0,0.0
spatial_rf,731,10,1.0,0,new,colorado,Gold,no_context,7500,2,30000.0,0.0002666666666666667,0.0,0,0,0.0,0.0,0,0,0.0,64.0,16,0,0.0
spatial_rf,731,10,1.0,0,new,colorado,Copper,"[0,5)",2875,482,11500.0,0.30849879412121306,1620.0,405,142,0.2946058091286307,6492.0,1623,403,0.8360995850622407,8704.0,2176,451,0.9356846473029046
spatial_rf,731,10,1.0,0,new,colorado,Copper,"[5,10)",5168,220,20672.0,0.10332080647876395,80.0,20,4,0.01818181818181818,1888.0,472,59,0.2681818181818182,5996.0,1499,115,0.5227272727272727
spatial_rf,731,10,1.0,0,new,colorado,Copper,"[10,20)",8194,84,32776.0,0.0207383946163509,0.0,0,0,0.0,112.0,28,1,0.011904761904761904,2116.0,529,14,0.16666666666666666
spatial_rf,731,10,1.0,0,new,colorado,Copper,"[20,inf)",20013,52,80052.0,0.0073398460017688955,0.0,0,0,0.0,8.0,2,0,0.0,184.0,46,0,0.0
spatial_rf,731,10,1.0,0,new,colorado,Copper,no_context,6250,1,25000.0,0.00016,0.0,0,0,0.0,0.0,0,0,0.0,0.0,0,0,0.0
spatial_rf,731,20,0.0,0,new,nevada,Gold,"[0,5)",0,0,0.0,,0.0,0,0,,0.0,0,0,,0.0,0,0,
spatial_rf,731,20,0.0,0,new,nevada,Gold,"[5,10)",0,0,0.0,,0.0,0,0,,0.0,0,0,,0.0,0,0,
spatial_rf,731,20,0.0,0,new,nevada,Gold,"[10,20)",0,0,0.0,,0.0,0,0,,0.0,0,0,,0.0,0,0,
spatial_rf,731,20,0.0,0,new,nevada,Gold,"[20,inf)",0,0,0.0,,0.0,0,0,,0.0,0,0,,0.0,0,0,
spatial_rf,731,20,0.0,0,new,nevada,Gold,no_context,40000,2348,160000.0,0.058699999999999995,1600.0,400,23,0.009795570698466781,8000.0,2000,111,0.04727427597955707,16000.0,4000,243,0.1034923339011925
spatial_rf,731,20,0.0,0,new,nevada,Copper,"[0,5)",0,0,0.0,,0.0,0,0,,0.0,0,0,,0.0,0,0,
spatial_rf,731,20,0.0,0,new,nevada,Copper,"[5,10)",0,0,0.0,,0.0,0,0,,0.0,0,0,,0.0,0,0,
spatial_rf,731,20,0.0,0,new,nevada,Copper,"[10,20)",0,0,0.0,,0.0,0,0,,0.0,0,0,,0.0,0,0,
spatial_rf,731,20,0.0,0,new,nevada,Copper,"[20,inf)",0,0,0.0,,0.0,0,0,,0.0,0,0,,0.0,0,0,
spatial_rf,731,20,0.0,0,new,nevada,Copper,no_context,40000,1212,160000.0,0.030299999999999997,1600.0,400,11,0.009075907590759076,8000.0,2000,60,0.04950495049504951,16000.0,4000,123,0.10148514851485149
spatial_rf,731,20,0.0,0,new,arizona,Gold,"[0,5)",0,0,0.0,,0.0,0,0,,0.0,0,0,,0.0,0,0,
spatial_rf,731,20,0.0,0,new,arizona,Gold,"[5,10)",0,0,0.0,,0.0,0,0,,0.0,0,0,,0.0,0,0,
spatial_rf,731,20,0.0,0,new,arizona,Gold,"[10,20)",0,0,0.0,,0.0,0,0,,0.0,0,0,,0.0,0,0,
spatial_rf,731,20,0.0,0,new,arizona,Gold,"[20,inf)",0,0,0.0,,0.0,0,0,,0.0,0,0,,0.0,0,0,
spatial_rf,731,20,0.0,0,new,arizona,Gold,no_context,42295,1172,169094.746282076,0.02771013122118454,1692.0,423,10,0.008532423208191127,8456.0,2114,60,0.051194539249146756,16910.2060251832,4230,123,0.10494880546075085
spatial_rf,731,20,0.0,0,new,arizona,Copper,"[0,5)",0,0,0.0,,0.0,0,0,,0.0,0,0,,0.0,0,0,
spatial_rf,731,20,0.0,0,new,arizona,Copper,"[5,10)",0,0,0.0,,0.0,0,0,,0.0,0,0,,0.0,0,0,
spatial_rf,731,20,0.0,0,new,arizona,Copper,"[10,20)",0,0,0.0,,0.0,0,0,,0.0,0,0,,0.0,0,0,
spatial_rf,731,20,0.0,0,new,arizona,Copper,"[20,inf)",0,0,0.0,,0.0,0,0,,0.0,0,0,,0.0,0,0,
spatial_rf,731,20,0.0,0,new,arizona,Copper,no_context,42295,1310,169094.746282076,0.030972928242108996,1692.0,423,10,0.007633587786259542,8456.0,2114,70,0.05343511450381679,16910.2060251832,4230,128,0.09770992366412214
spatial_rf,731,20,0.0,0,new,colorado,Gold,"[0,5)",0,0,0.0,,0.0,0,0,,0.0,0,0,,0.0,0,0,
spatial_rf,731,20,0.0,0,new,colorado,Gold,"[5,10)",0,0,0.0,,0.0,0,0,,0.0,0,0,,0.0,0,0,
spatial_rf,731,20,0.0,0,new,colorado,Gold,"[10,20)",0,0,0.0,,0.0,0,0,,0.0,0,0,,0.0,0,0,
spatial_rf,731,20,0.0,0,new,colorado,Gold,"[20,inf)",0,0,0.0,,0.0,0,0,,0.0,0,0,,0.0,0,0,
spatial_rf,731,20,0.0,0,new,colorado,Gold,no_context,42500,1375,170000.0,0.032352941176470584,1700.0,425,10,0.007272727272727273,8500.0,2125,64,0.04654545454545454,17000.0,4250,144,0.10472727272727272
spatial_rf,731,20,0.0,0,new,colorado,Copper,"[0,5)",0,0,0.0,,0.0,0,0,,0.0,0,0,,0.0,0,0,
spatial_rf,731,20,0.0,0,new,colorado,Copper,"[5,10)",0,0,0.0,,0.0,0,0,,0.0,0,0,,0.0,0,0,
spatial_rf,731,20,0.0,0,new,colorado,Copper,"[10,20)",0,0,0.0,,0.0,0,0,,0.0,0,0,,0.0,0,0,
spatial_rf,731,20,0.0,0,new,colorado,Copper,"[20,inf)",0,0,0.0,,0.0,0,0,,0.0,0,0,,0.0,0,0,
spatial_rf,731,20,0.0,0,new,colorado,Copper,no_context,42500,839,170000.0,0.019741176470588234,1700.0,425,5,0.0059594755661501785,8500.0,2125,38,0.04529201430274136,17000.0,4250,74,0.08820023837902265
spatial_rf,731,20,0.25,101,new,nevada,Gold,"[0,5)",901,149,3604.0,0.23059258427942203,1208.0,302,80,0.5369127516778524,2452.0,613,125,0.8389261744966443,2900.0,725,133,0.8926174496644296
spatial_rf,731,20,0.25,101,new,nevada,Gold,"[5,10)",2571,207,10284.0,0.1335690674506758,392.0,98,17,0.0821256038647343,2344.0,586,79,0.38164251207729466,4016.0,1004,123,0.5942028985507246
spatial_rf,731,20,0.25,101,new,nevada,Gold,"[10,20)",9517,565,38068.0,0.08590262701084538,0.0,0,0,0.0,2156.0,539,50,0.08849557522123894,4496.0,1124,109,0.1929203539823009
spatial_rf,731,20,0.25,101,new,nevada,Gold,"[20,inf)",25811,1390,103244.0,0.06507870567776664,0.0,0,0,0.0,1048.0,262,30,0.02158273381294964,4588.0,1147,81,0.05827338129496403
spatial_rf,731,20,0.25,101,new,nevada,Gold,no_context,1200,37,4800.0,0.031531531531531536,0.0,0,0,0.0,0.0,0,0,0.0,0.0,0,0,0.0
spatial_rf,731,20,0.25,101,new,nevada,Copper,"[0,5)",597,64,2388.0,0.12876572773693,916.0,229,29,0.453125,1576.0,394,46,0.71875,1844.0,461,52,0.8125
spatial_rf,731,20,0.25,101,new,nevada,Copper,"[5,10)",1815,89,7260.0,0.08062964848646982,572.0,143,14,0.15730337078651685,1824.0,456,39,0.43820224719101125,2836.0,709,53,0.5955056179775281
spatial_rf,731,20,0.25,101,new,nevada,Copper,"[10,20)",7945,292,31780.0,0.04696848718233676,68.0,17,0,0.0,1704.0,426,18,0.06164383561643835,3656.0,914,48,0.1643835616438356
spatial_rf,731,20,0.25,101,new,nevada,Copper,"[20,inf)",27243,705,108972.0,0.03038299425633928,44.0,11,0,0.0,2896.0,724,12,0.01702127659574468,7660.0,1915,54,0.07659574468085106
spatial_rf,731,20,0.25,101,new,nevada,Copper,no_context,2400,62,9600.0,0.027945197121114238,0.0,0,0,0.0,0.0,0,0,0.0,4.0,1,0,0.0
spatial_rf,731,20,0.25,101,new,arizona,Gold,"[0,5)",546,98,2184.0,0.3371520530741068,996.0,249,65,0.6632653061224489,1348.0,337,78,0.7959183673469388,1436.0,359,81,0.826530612244898
spatial_rf,731,20,0.25,101,new,arizona,Gold,"[5,10)",1385,132,5540.0,0.1400294185982333,548.0,137,18,0.13636363636363635,1120.0,280,47,0.3560606060606061,1428.0,357,59,0.44696969696969696
spatial_rf,731,20,0.25,101,new,arizona,Gold,"[10,20)",5289,313,21130.960252236575,0.12034502149233627,28.0,7,0,0.0,776.0,194,36,0.11501597444089456,1592.0,398,71,0.2268370607028754
spatial_rf,731,20,0.25,101,new,arizona,Gold,"[20,inf)",16375,508,65439.78602983942,0.04488583378730906,0.0,0,0,0.0,224.0,56,4,0.007874015748031496,1328.0,332,17,0.03346456692913386
spatial_rf,731,20,0.25,101,new,arizona,Gold,no_context,18700,121,74800.0,0.006715713027799517,120.0,30,0,0.0,4988.0,1247,3,0.024793388429752067,11128.0,2782,9,0.0743801652892562
spatial_rf,731,20,0.25,101,new,arizona,Copper,"[0,5)",676,111,2704.0,0.27917288307545035,604.0,151,48,0.43243243243243246,928.0,232,65,0.5855855855855856,1332.0,333,81,0.7297297297297297
spatial_rf,731,20,0.25,101,new,arizona,Copper,"[5,10)",1597,150,6388.0,0.1608668500779438,196.0,49,6,0.04,512.0,128,22,0.14666666666666667,1004.0,251,47,0.31333333333333335
spatial_rf,731,20,0.25,101,new,arizona,Copper,"[10,20)",5751,333,22978.960252236575,0.0944369389509894,0.0,0,0,0.0,48.0,12,0,0.0,624.0,156,17,0.05105105105105105
spatial_rf,731,20,0.25,101,new,arizona,Copper,"[20,inf)",14371,596,57423.78602983942,0.06165601794041288,0.0,0,0,0.0,0.0,0,0,0.0,268.0,67,2,0.003355704697986577
spatial_rf,731,20,0.25,101,new,arizona,Copper,no_context,19900,120,79600.0,0.005893757735611708,892.0,223,1,0.008333333333333333,6968.0,1742,9,0.075,13684.0,3421,23,0.19166666666666668
spatial_rf,731,20,0.25,101,new,colorado,Gold,"[0,5)",644,166,2576.0,0.6137129041345499,1016.0,254,118,0.7108433734939759,1944.0,486,157,0.9457831325301205,2212.0,553,161,0.9698795180722891
spatial_rf,731,20,0.25,101,new,colorado,Gold,"[5,10)",1444,157,5776.0,0.4035001276179713,556.0,139,69,0.4394904458598726,1884.0,471,117,0.7452229299363057,2764.0,691,122,0.7770700636942676
spatial_rf,731,20,0.25,101,new,colorado,Gold,"[10,20)",5452,353,21808.0,0.1742294762875599,108.0,27,10,0.028328611898016998,2176.0,544,121,0.34277620396600567,3920.0,980,152,0.43059490084985835
spatial_rf,731,20,0.25,101,new,colorado,Gold,"[20,inf)",15160,548,60640.0,0.04898648884575472,0.0,0,0,0.0,948.0,237,17,0.03102189781021898,4504.0,1126,58,0.10583941605839416
spatial_rf,731,20,0.25,101,new,colorado,Gold,no_context,19800,151,79200.0,0.006439346928582983,20.0,5,0,0.0,1548.0,387,0,0.0,3600.0,900,2,0.013245033112582781
spatial_rf,731,20,0.25,101,new,colorado,Copper,"[0,5)",453,104,1812.0,0.39740610642062274,832.0,208,73,0.7019230769230769,1284.0,321,96,0.9230769230769231,1436.0,359,99,0.9519230769230769
spatial_rf,731,20,0.25,101,new,colorado,Copper,"[5,10)",1195,95,4780.0,0.2171236674353694,436.0,109,29,0.30526315789473685,1308.0,327,62,0.6526315789473685,1888.0,472,73,0.7684210526315789
spatial_rf,731,20,0.25,101,new,colorado,Copper,"[10,20)",4772,218,19088.0,0.09576635675495473,68.0,17,0,0.0,1352.0,338,49,0.22477064220183487,3148.0,787,91,0.41743119266055045
spatial_rf,731,20,0.25,101,new,colorado,Copper,"[20,inf)",16380,323,65520.0,0.02649169853361819,0.0,0,0,0.0,1716.0,429,11,0.034055727554179564,4932.0,1233,46,0.14241486068111456
spatial_rf,731,20,0.25,101,new,colorado,Copper,no_context,19700,99,78800.0,0.014892974255817306,364.0,91,0,0.0,2840.0,710,14,0.1414141414141414,5596.0,1399,36,0.36363636363636365
spatial_rf,731,20,0.25,211,new,nevada,Gold,"[0,5)",1109,213,4436.0,0.31126767535561445,1192.0,298,92,0.431924882629108,2868.0,717,173,0.812206572769953,3444.0,861,186,0.8732394366197183
spatial_rf,731,20,0.25,211,new,nevada,Gold,"[5,10)",2854,267,11416.0,0.1303380882853743,408.0,102,15,0.056179775280898875,2504.0,626,93,0.34831460674157305,4508.0,1127,133,0.49812734082397003
spatial_rf,731,20,0.25,211,new,nevada,Gold,"[10,20)",9585,564,38340.0,0.07982707832147869,0.0,0,0,0.0,1904.0,476,53,0.09397163120567376,4732.0,1183,99,0.17553191489361702
spatial_rf,731,20,0.25,211,new,nevada,Gold,"[20,inf)",25252,1259,101008.0,0.05785397873083042,0.0,0,0,0.0,724.0,181,14,0.011119936457505957,3316.0,829,64,0.050833995234312944
spatial_rf,731,20,0.25,211,new,nevada,Gold,no_context,1200,45,4800.0,0.031932377196358566,0.0,0,0,0.0,0.0,0,0,0.0,0.0,0,0,0.0
spatial_rf,731,20,0.25,211,new,nevada,Copper,"[0,5)",723,95,2892.0,0.1792150951332205,1044.0,261,41,0.43157894736842106,1928.0,482,67,0.7052631578947368,2380.0,595,79,0.8315789473684211
spatial_rf,731,20,0.25,211,new,nevada,Copper,"[5,10)",2116,113,8464.0,0.07069296399880581,540.0,135,9,0.07964601769911504,2064.0,516,38,0.336283185840708,3752.0,938,64,0.5663716814159292
spatial_rf,731,20,0.25,211,new,nevada,Copper,"[10,20)",8317,270,33268.0,0.041023397541991594,16.0,4,0,0.0,1780.0,445,22,0.08148148148148149,4248.0,1062,54,0.2
spatial_rf,731,20,0.25,211,new,nevada,Copper,"[20,inf)",26344,670,105376.0,0.030960728330648123,0.0,0,0,0.0,2164.0,541,11,0.016417910447761194,4256.0,1064,38,0.056716417910447764
spatial_rf,731,20,0.25,211,new,nevada,Copper,no_context,2500,64,10000.0,0.04356512408811101,0.0,0,0,0.0,64.0,16,1,0.015625,1364.0,341,17,0.265625
spatial_rf,731,20,0.25,211,new,arizona,Gold,"[0,5)",562,85,2248.0,0.32788062042784233,1064.0,266,64,0.7529411764705882,1568.0,392,77,0.9058823529411765,1808.0,452,82,0.9647058823529412
spatial_rf,731,20,0.25,211,new,arizona,Gold,"[5,10)",1373,111,5492.0,0.11476996921235814,540.0,135,16,0.14414414414414414,1784.0,446,53,0.4774774774774775,2712.0,678,76,0.6846846846846847
spatial_rf,731,20,0.25,211,new,arizona,Gold,"[10,20)",4884,236,19510.960252236575,0.09196693807007163,88.0,22,5,0.0211864406779661,2455.7114045619965,615,70,0.2966101694915254,3778.4104818701744,947,90,0.3813559322033898
spatial_rf,731,20,0.25,211,new,arizona,Gold,"[20,inf)",21576,696,86243.78602983942,0.03925156330820502,0.0,0,0,0.0,2581.44676968595,648,12,0.017241379310344827,6038.113773973193,1514,69,0.09913793103448276
spatial_rf,731,20,0.25,211,new,arizona,Gold,no_context,13900,44,55600.0,0.0034226136163553324,0.0,0,0,0.0,68.0,17,0,0.0,2576.0,644,0,0.0
spatial_rf,731,20,0.25,211,new,arizona,Copper,"[0,5)",618,95,2472.0,0.23639768354420246,892.0,223,57,0.6,1644.0,411,76,0.8,2012.0,503,84,0.8842105263157894
spatial_rf,731,20,0.25,211,new,arizona,Copper,"[5,10)",1465,130,5860.0,0.12323706818686203,464.0,116,12,0.09230769230769231,1532.0,383,49,0.3769230769230769,2536.0,634,79,0.6076923076923076
spatial_rf,731,20,0.25,211,new,arizona,Copper,"[10,20)",5440,268,21734.960252236575,0.08038067440874586,24.0,6,2,0.007462686567164179,1492.0,373,39,0.1455223880597015,3643.9570994377136,911,85,0.31716417910447764
spatial_rf,731,20,0.25,211,new,arizona,Copper,"[20,inf)",21072,755,84227.78602983942,0.039221708054290205,0.0,0,0,0.0,1872.0,468,9,0.011920529801324504,6295.579332113266,1575,45,0.059602649006622516
spatial_rf,731,20,0.25,211,new,arizona,Copper,no_context,13700,62,54800.0,0.0042510486519901835,312.0,78,0,0.0,1916.0,479,0,0.0,2424.0,606,0,0.0
spatial_rf,731,20,0.25,211,new,colorado,Gold,"[0,5)",587,134,2348.0,0.540681747897475,924.0,231,93,0.6940298507462687,1416.0,354,108,0.8059701492537313,1784.0,446,117,0.8731343283582089
spatial_rf,731,20,0.25,211,new,colorado,Gold,"[5,10)",1407,163,5628.0,0.3364668518054086,568.0,142,53,0.32515337423312884,1308.0,327,96,0.588957055214724,2136.0,534,114,0.6993865030674846
spatial_rf,731,20,0.25,211,new,colorado,Gold,"[10,20)",4880,291,19520.0,0.18664737005327203,184.0,46,15,0.05154639175257732,1432.0,358,88,0.3024054982817869,2412.0,603,128,0.43986254295532645
spatial_rf,731,20,0.25,211,new,colorado,Gold,"[20,inf)",16726,547,66904.0,0.04620994740190463,20.0,5,0,0.0,688.0,172,12,0.021937842778793418,1724.0,431,23,0.04204753199268738
spatial_rf,731,20,0.25,211,new,colorado,Gold,no_context,18900,240,75600.0,0.07963337859713598,4.0,1,0,0.0,3656.0,914,112,0.4666666666666667,8944.0,2236,118,0.49166666666666664
spatial_rf,731,20,0.25,211,new,colorado,Copper,"[0,5)",373,69,1492.0,0.3021429168293001,640.0,160,49,0.7101449275362319,832.0,208,55,0.7971014492753623,992.0,248,61,0.8840579710144928
spatial_rf,731,20,0.25,211,new,colorado,Copper,"[5,10)",1109,89,4436.0,0.2016101393621931,396.0,99,23,0.25842696629213485,760.0,190,33,0.3707865168539326,1236.0,309,52,0.5842696629213483
spatial_rf,731,20,0.25,211,new,colorado,Copper,"[10,20)",4436,192,17744.0,0.11634258623255202,28.0,7,1,0.005208333333333333,440.0,110,25,0.13020833333333334,1724.0,431,51,0.265625
spatial_rf,731,20,0.25,211,new,colorado,Copper,"[20,inf)",17782,312,71128.0,0.025684199046973298,0.0,0,0,0.0,244.0,61,2,0.00641025641025641,3648.0,912,18,0.057692307692307696
spatial_rf,731,20,0.25,211,new,colorado,Copper,no_context,18800,177,75200.0,0.04335306832707142,636.0,159,0,0.0,6224.0,1556,97,0.5480225988700564,9400.0,2350,107,0.6045197740112994
spatial_rf,731,20,0.25,307,new,nevada,Gold,"[0,5)",1071,173,4284.0,0.24212310733708764,1144.0,286,66,0.3815028901734104,2656.0,664,124,0.7167630057803468,3348.0,837,147,0.8497109826589595
spatial_rf,731,20,0.25,307,new,nevada,Gold,"[5,10)",2840,253,11360.0,0.1325718088681649,424.0,106,23,0.09090909090909091,2360.0,590,78,0.308300395256917,4420.0,1105,123,0.48616600790513836
spatial_rf,731,20,0.25,307,new,nevada,Gold,"[10,20)",10002,572,40008.0,0.08995075487559075,32.0,8,1,0.0017482517482517483,2364.0,591,56,0.0979020979020979,5120.0,1280,147,0.256993006993007
spatial_rf,731,20,0.25,307,new,nevada,Gold,"[20,inf)",26087,1350,104348.0,0.0722091841293511,0.0,0,0,0.0,620.0,155,17,0.012592592592592593,3112.0,778,82,0.06074074074074074
spatial_rf,731,20,0.25,307,new,nevada,Gold,no_context,0,0,0.0,,0.0,0,0,,0.0,0,0,,0.0,0,0,
spatial_rf,731,20,0.25,307,new,nevada,Copper,"[0,5)",624,71,2496.0,0.18665554582439842,1024.0,256,30,0.4225352112676056,1796.0,449,54,0.7605633802816901,2060.0,515,57,0.8028169014084507
spatial_rf,731,20,0.25,307,new,nevada,Copper,"[5,10)",1727,73,6908.0,0.05879318444500572,500.0,125,10,0.136986301369863,2008.0,502,27,0.3698630136986301,3012.0,753,38,0.5205479452054794
spatial_rf,731,20,0.25,307,new,nevada,Copper,"[10,20)",7235,260,28940.0,0.04592253271541851,56.0,14,0,0.0,1868.0,467,12,0.046153846153846156,3848.0,962,55,0.21153846153846154
spatial_rf,731,20,0.25,307,new,nevada,Copper,"[20,inf)",26614,720,106456.0,0.03654712035061585,16.0,4,1,0.001388888888888889,2068.0,517,22,0.030555555555555555,6452.0,1613,61,0.08472222222222223
spatial_rf,731,20,0.25,307,new,nevada,Copper,no_context,3800,88,15200.0,0.022733855664383882,4.0,1,0,0.0,260.0,65,1,0.011363636363636364,628.0,157,4,0.045454545454545456
spatial_rf,731,20,0.25,307,new,arizona,Gold,"[0,5)",447,81,1779.1729207634926,0.3956630449179393,796.0,199,55,0.6790123456790124,993.3131362199783,249,66,0.8148148148148148,1311.1729207634926,330,73,0.9012345679012346
spatial_rf,731,20,0.25,307,new,arizona,Gold,"[5,10)",1390,107,5546.629598469939,0.13756838418384623,523.0044004917145,131,22,0.205607476635514,1078.242475183215,272,39,0.3644859813084112,1942.629598469939,489,63,0.5887850467289719
spatial_rf,731,20,0.25,307,new,arizona,Gold,"[10,20)",5436,224,21711.637054983526,0.06971337596099088,192.0,48,9,0.04017857142857143,1096.0,274,32,0.14285714285714285,2796.9450846910477,702,64,0.2857142857142857
spatial_rf,731,20,0.25,307,new,arizona,Gold,"[20,inf)",18822,722,75257.30670785904,0.051080778451258815,16.0,4,1,0.0013850415512465374,608.0,152,16,0.0221606648199446,3576.0,894,51,0.07063711911357341
spatial_rf,731,20,0.25,307,new,arizona,Gold,no_context,16200,38,64800.0,0.0038793084031497585,164.0,41,0,0.0,4680.0,1170,0,0.0,7284.0,1821,1,0.02631578947368421
spatial_rf,731,20,0.25,307,new,arizona,Copper,"[0,5)",540,94,2151.1729207634926,0.29885707437622344,288.0,72,28,0.2978723404255319,761.3131362199783,191,49,0.5212765957446809,1355.1729207634926,341,76,0.8085106382978723
spatial_rf,731,20,0.25,307,new,arizona,Copper,"[5,10)",1543,100,6158.629598469939,0.11097578352162595,160.0,40,8,0.08,536.0,134,18,0.18,1734.652257771697,437,46,0.46
spatial_rf,731,20,0.25,307,new,arizona,Copper,"[10,20)",6198,247,24759.637054983526,0.059759991930807645,0.0,0,0,0.0,436.0,109,11,0.044534412955465584,1948.0,487,35,0.1417004048582996
spatial_rf,731,20,0.25,307,new,arizona,Copper,"[20,inf)",19114,809,76425.30670785904,0.07439605874400756,0.0,0,0,0.0,496.0,124,7,0.00865265760197775,2216.0,554,42,0.0519159456118665
spatial_rf,731,20,0.25,307,new,arizona,Copper,no_context,14900,60,59600.0,0.0066061888945496096,1244.0,311,0,0.0,6228.0,1557,1,0.016666666666666666,9656.0,2414,9,0.15
spatial_rf,731,20,0.25,307,new,colorado,Gold,"[0,5)",702,171,2808.0,0.5769273579042141,1116.0,279,124,0.7251461988304093,1708.0,427,144,0.8421052631578947,1992.0,498,148,0.8654970760233918
spatial_rf,731,20,0.25,307,new,colorado,Gold,"[5,10)",1740,198,6960.0,0.35196741706643964,548.0,137,62,0.31313131313131315,1624.0,406,122,0.6161616161616161,2572.0,643,144,0.7272727272727273
spatial_rf,731,20,0.25,307,new,colorado,Gold,"[10,20)",6233,353,24932.0,0.17735477199870206,36.0,9,3,0.0084985835694051,1672.0,418,97,0.2747875354107649,3296.0,824,153,0.43342776203966005
spatial_rf,731,20,0.25,307,new,colorado,Gold,"[20,inf)",17625,629,70500.0,0.06196989030268709,0.0,0,0,0.0,460.0,115,31,0.0492845786963434,2084.0,521,52,0.08267090620031796
spatial_rf,731,20,0.25,307,new,colorado,Gold,no_context,16200,24,64800.0,0.0030214275377204187,0.0,0,0,0.0,3036.0,759,0,0.0,7056.0,1764,3,0.125
spatial_rf,731,20,0.25,307,new,colorado,Copper,"[0,5)",433,99,1732.0,0.40463398331810535,796.0,199,73,0.7373737373737373,1144.0,286,87,0.8787878787878788,1380.0,345,93,0.9393939393939394
spatial_rf,731,20,0.25,307,new,colorado,Copper,"[5,10)",1152,123,4608.0,0.26573478724694777,392.0,98,32,0.2601626016260163,1016.0,254,65,0.5284552845528455,1728.0,432,92,0.7479674796747967
spatial_rf,731,20,0.25,307,new,colorado,Copper,"[10,20)",4738,198,18952.0,0.10355881493353597,0.0,0,0,0.0,696.0,174,32,0.16161616161616163,2216.0,554,68,0.3434343434343434
spatial_rf,731,20,0.25,307,new,colorado,Copper,"[20,inf)",19977,385,79908.0,0.025997329327086562,0.0,0,0,0.0,120.0,30,0,0.0,3068.0,767,26,0.06753246753246753
spatial_rf,731,20,0.25,307,new,colorado,Copper,no_context,16200,34,64800.0,0.005493161631595912,512.0,128,0,0.0,5524.0,1381,7,0.20588235294117646,8608.0,2152,16,0.47058823529411764
spatial_rf,731,20,0.5,101,new,nevada,Gold,"[0,5)",2025,326,8100.0,0.25296691915644287,1392.0,348,98,0.3006134969325153,4288.0,1072,230,0.7055214723926381,5656.0,1414,269,0.8251533742331288
spatial_rf,731,20,0.5,101,new,nevada,Gold,"[5,10)",5326,402,21304.0,0.13059958579069375,208.0,52,9,0.022388059701492536,2700.0,675,102,0.2537313432835821,5708.0,1427,176,0.43781094527363185
spatial_rf,731,20,0.5,101,new,nevada,Gold,"[10,20)",15798,847,63192.0,0.0827933442468224,0.0,0,0,0.0,972.0,243,25,0.0295159386068477,3880.0,970,100,0.1180637544273908
spatial_rf,731,20,0.5,101,new,nevada,Gold,"[20,inf)",15651,736,62604.0,0.06216707183815203,0.0,0,0,0.0,40.0,10,1,0.001358695652173913,756.0,189,14,0.019021739130434784
spatial_rf,731,20,0.5,101,new,nevada,Gold,no_context,1200,37,4800.0,0.031625375375375374,0.0,0,0,0.0,0.0,0,0,0.0,0.0,0,0,0.0
spatial_rf,731,20,0.5,101,new,nevada,Copper,"[0,5)",1270,152,5080.0,0.1761444927917641,1264.0,316,52,0.34210526315789475,3124.0,781,106,0.6973684210526315,3748.0,937,127,0.8355263157894737
spatial_rf,731,20,0.5,101,new,nevada,Copper,"[5,10)",3813,182,15252.0,0.05986725666629949,336.0,84,5,0.027472527472527472,3116.0,779,48,0.26373626373626374,5448.0,1362,79,0.4340659340659341
spatial_rf,731,20,0.5,101,new,nevada,Copper,"[10,20)",13688,408,54752.0,0.03580473370021605,0.0,0,0,0.0,1380.0,345,13,0.031862745098039214,4556.0,1139,41,0.10049019607843138
spatial_rf,731,20,0.5,101,new,nevada,Copper,"[20,inf)",20029,446,80116.0,0.029687852637473235,0.0,0,0,0.0,380.0,95,0,0.0,2248.0,562,10,0.02242152466367713
spatial_rf,731,20,0.5,101,new,nevada,Copper,no_context,1200,24,4800.0,0.02,0.0,0,0,0.0,0.0,0,0,0.0,0.0,0,0,0.0
spatial_rf,731,20,0.5,101,new,arizona,Gold,"[0,5)",1055,188,4220.0,0.3190909561293125,1436.0,359,103,0.5478723404255319,2696.0,674,152,0.8085106382978723,3128.0,782,164,0.8723404255319149
spatial_rf,731,20,0.5,101,new,arizona,Gold,"[5,10)",2663,249,10652.0,0.14343454602224484,256.0,64,7,0.028112449799196786,2124.0,531,94,0.37751004016064255,3156.0,789,126,0.5060240963855421
spatial_rf,731,20,0.5,101,new,arizona,Gold,"[10,20)",8580,401,34281.72588564083,0.11792916785693001,0.0,0,0,0.0,992.0,248,46,0.11471321695760599,2411.754305124283,604,98,0.24438902743142144
spatial_rf,731,20,0.5,101,new,arizona,Gold,"[20,inf)",14997,302,59941.02039643517,0.032794373468204144,0.0,0,0,0.0,72.0,18,1,0.0033112582781456954,1729.318805964198,434,15,0.04966887417218543
spatial_rf,731,20,0.5,101,new,arizona,Gold,no_context,15000,32,60000.0,0.0020591647916966514,0.0,0,0,0.0,2572.0,643,0,0.0,6488.0,1622,0,0.0
spatial_rf,731,20,0.5,101,new,arizona,Copper,"[0,5)",1276,234,5104.0,0.30773780449506277,1164.0,291,96,0.41025641025641024,2272.0,568,151,0.6452991452991453,3132.0,783,184,0.7863247863247863
spatial_rf,731,20,0.5,101,new,arizona,Copper,"[5,10)",2993,276,11972.0,0.17088537860264494,224.0,56,12,0.043478260869565216,1288.0,322,70,0.2536231884057971,2548.0,637,119,0.4311594202898551
spatial_rf,731,20,0.5,101,new,arizona,Copper,"[10,20)",8869,420,35450.960252236575,0.07890638525751847,0.0,0,0,0.0,120.0,30,1,0.002380952380952381,1176.0,294,37,0.0880952380952381
spatial_rf,731,20,0.5,101,new,arizona,Copper,"[20,inf)",12957,329,51767.78602983942,0.04132302655794549,0.0,0,0,0.0,0.0,0,0,0.0,236.0,59,1,0.00303951367781155
spatial_rf,731,20,0.5,101,new,arizona,Copper,no_context,16200,51,64800.0,0.0034065312988890233,304.0,76,0,0.0,4776.0,1194,0,0.0,9820.0,2455,2,0.0392156862745098
spatial_rf,731,20,0.5,101,new,colorado,Gold,"[0,5)",1287,302,5148.0,0.5333286449909103,1304.0,326,160,0.5298013245033113,3416.0,854,264,0.8741721854304636,4036.0,1009,280,0.9271523178807947
spatial_rf,731,20,0.5,101,new,colorado,Gold,"[5,10)",2942,298,11768.0,0.34117478127506945,396.0,99,51,0.17114093959731544,2708.0,677,186,0.6241610738255033,4772.0,1193,222,0.7449664429530202
spatial_rf,731,20,0.5,101,new,colorado,Gold,"[10,20)",8823,479,35292.0,0.17194366465248032,0.0,0,0,0.0,1384.0,346,97,0.20250521920668058,3388.0,847,168,0.35073068893528186
spatial_rf,731,20,0.5,101,new,colorado,Gold,"[20,inf)",18148,285,72592.0,0.02730097287173713,0.0,0,0,0.0,820.0,205,4,0.014035087719298246,2720.0,680,16,0.056140350877192984
spatial_rf,731,20,0.5,101,new,colorado,Gold,no_context,11300,11,45200.0,0.0012036527341350081,0.0,0,0,0.0,172.0,43,0,0.0,2084.0,521,0,0.0
spatial_rf,731,20,0.5,101,new,colorado,Copper,"[0,5)",754,146,3016.0,0.3841790679552866,1108.0,277,91,0.6232876712328768,2100.0,525,131,0.8972602739726028,2372.0,593,139,0.952054794520548
spatial_rf,731,20,0.5,101,new,colorado,Copper,"[5,10)",2013,153,8052.0,0.1960783219623722,444.0,111,30,0.19607843137254902,1984.0,496,88,0.5751633986928104,3180.0,795,114,0.7450980392156863
spatial_rf,731,20,0.5,101,new,colorado,Copper,"[10,20)",7006,284,28024.0,0.10565265368818971,0.0,0,0,0.0,1096.0,274,48,0.16901408450704225,3436.0,859,96,0.3380281690140845
spatial_rf,731,20,0.5,101,new,colorado,Copper,"[20,inf)",20327,223,81308.0,0.014629695371120946,0.0,0,0,0.0,1032.0,258,3,0.013452914798206279,4316.0,1079,15,0.06726457399103139
spatial_rf,731,20,0.5,101,new,colorado,Copper,no_context,12400,33,49600.0,0.007889945946813184,148.0,37,0,0.0,2288.0,572,2,0.06060606060606061,3696.0,924,6,0.18181818181818182
spatial_rf,731,20,0.5,211,new,nevada,Gold,"[0,5)",2133,375,8532.0,0.2807473102676954,1356.0,339,107,0.2853333333333333,4624.0,1156,269,0.7173333333333334,6016.0,1504,312,0.832
spatial_rf,731,20,0.5,211,new,nevada,Gold,"[5,10)",5340,484,21360.0,0.12549428615107117,244.0,61,7,0.014462809917355372,2644.0,661,106,0.2190082644628099,5652.0,1413,185,0.3822314049586777
spatial_rf,731,20,0.5,211,new,nevada,Gold,"[10,20)",14808,824,59232.0,0.07609940178941793,0.0,0,0,0.0,724.0,181,15,0.01820388349514563,3240.0,810,74,0.08980582524271845
spatial_rf,731,20,0.5,211,new,nevada,Gold,"[20,inf)",17719,665,70876.0,0.05361542192801696,0.0,0,0,0.0,8.0,2,0,0.0,1092.0,273,13,0.019548872180451128
spatial_rf,731,20,0.5,211,new,nevada,Gold,no_context,0,0,0.0,,0.0,0,0,,0.0,0,0,,0.0,0,0,
spatial_rf,731,20,0.5,211,new,nevada,Copper,"[0,5)",1297,147,5188.0,0.14236196542315133,1252.0,313,46,0.3129251700680272,3276.0,819,106,0.7210884353741497,4152.0,1038,123,0.8367346938775511
spatial_rf,731,20,0.5,211,new,nevada,Copper,"[5,10)",3771,194,15084.0,0.06641296628026208,348.0,87,6,0.030927835051546393,3012.0,753,53,0.27319587628865977,5884.0,1471,101,0.520618556701031
spatial_rf,731,20,0.5,211,new,nevada,Copper,"[10,20)",12918,422,51672.0,0.04044841655817477,0.0,0,0,0.0,1120.0,280,13,0.030805687203791468,4120.0,1030,41,0.0971563981042654
spatial_rf,731,20,0.5,211,new,nevada,Copper,"[20,inf)",22014,449,88056.0,0.02678398001801271,0.0,0,0,0.0,592.0,148,3,0.0066815144766146995,1844.0,461,17,0.0378619153674833
spatial_rf,731,20,0.5,211,new,nevada,Copper,no_context,0,0,0.0,,0.0,0,0,,0.0,0,0,,0.0,0,0,
spatial_rf,731,20,0.5,211,new,arizona,Gold,"[0,5)",1002,160,4008.0,0.322073493171717,1264.0,316,85,0.53125,2628.0,657,131,0.81875,3084.0,771,144,0.9
spatial_rf,731,20,0.5,211,new,arizona,Gold,"[5,10)",2627,224,10508.0,0.13781443343881242,428.0,107,16,0.07142857142857142,2720.0,680,103,0.45982142857142855,4088.0,1022,133,0.59375
spatial_rf,731,20,0.5,211,new,arizona,Gold,"[10,20)",8826,417,35265.72588564083,0.08524492487030379,0.0,0,0,0.0,2076.0,519,62,0.1486810551558753,4170.09959602356,1044,114,0.2733812949640288
spatial_rf,731,20,0.5,211,new,arizona,Gold,"[20,inf)",17240,344,68913.02039643517,0.025915423133416354,0.0,0,0,0.0,180.0,45,2,0.005813953488372093,2145.318805964198,538,17,0.04941860465116279
spatial_rf,731,20,0.5,211,new,arizona,Gold,no_context,12600,27,50400.0,0.0023428392467476273,0.0,0,0,0.0,852.0,213,0,0.0,3424.0,856,0,0.0
spatial_rf,731,20,0.5,211,new,arizona,Copper,"[0,5)",1158,176,4632.0,0.22725825562897323,1100.0,275,66,0.375,2484.0,621,130,0.7386363636363636,3280.0,820,148,0.8409090909090909
spatial_rf,731,20,0.5,211,new,arizona,Copper,"[5,10)",2950,251,11800.0,0.13897226903366708,380.0,95,21,0.08366533864541832,1948.0,487,74,0.2948207171314741,3872.0,968,129,0.5139442231075697
spatial_rf,731,20,0.5,211,new,arizona,Copper,"[10,20)",9546,458,38158.960252236575,0.08043097336096232,0.0,0,0,0.0,896.0,224,39,0.0851528384279476,3156.0,789,87,0.18995633187772926
spatial_rf,731,20,0.5,211,new,arizona,Copper,"[20,inf)",18741,395,74903.78602983942,0.028942769126479043,64.0,16,0,0.0,1824.0,456,1,0.002531645569620253,4396.0,1099,12,0.030379746835443037
spatial_rf,731,20,0.5,211,new,arizona,Copper,no_context,9900,30,39600.0,0.002955457241171527,148.0,37,0,0.0,1304.0,326,0,0.0,2208.0,552,0,0.0
spatial_rf,731,20,0.5,211,new,colorado,Gold,"[0,5)",1127,233,4508.0,0.48933740327180664,1268.0,317,129,0.5536480686695279,2860.0,715,197,0.8454935622317596,3544.0,886,215,0.9227467811158798
spatial_rf,731,20,0.5,211,new,colorado,Gold,"[5,10)",2716,274,10864.0,0.3036344671602525,424.0,106,49,0.17883211678832117,2468.0,617,147,0.5364963503649635,4308.0,1077,192,0.7007299270072993
spatial_rf,731,20,0.5,211,new,colorado,Gold,"[10,20)",8223,434,32892.0,0.19233763780997842,8.0,2,0,0.0,1744.0,436,119,0.27419354838709675,3328.0,832,174,0.4009216589861751
spatial_rf,731,20,0.5,211,new,colorado,Gold,"[20,inf)",16634,423,66536.0,0.04695330229669738,0.0,0,0,0.0,720.0,180,10,0.02364066193853428,3076.0,769,57,0.1347517730496454
spatial_rf,731,20,0.5,211,new,colorado,Gold,no_context,13800,11,55200.0,0.001424284652478533,0.0,0,0,0.0,708.0,177,0,0.0,2744.0,686,0,0.0
spatial_rf,731,20,0.5,211,new,colorado,Copper,"[0,5)",807,138,3228.0,0.24115587019334747,1116.0,279,70,0.5072463768115942,1972.0,493,112,0.8115942028985508,2332.0,583,126,0.9130434782608695
spatial_rf,731,20,0.5,211,new,colorado,Copper,"[5,10)",2161,165,8644.0,0.1679211021849752,400.0,100,25,0.15151515151515152,1568.0,392,70,0.42424242424242425,2516.0,629,95,0.5757575757575758
spatial_rf,731,20,0.5,211,new,colorado,Copper,"[10,20)",6669,274,26676.0,0.12403299377818909,0.0,0,0,0.0,708.0,177,41,0.14963503649635038,2288.0,572,91,0.33211678832116787
spatial_rf,731,20,0.5,211,new,colorado,Copper,"[20,inf)",19063,227,76252.0,0.03042420843780133,0.0,0,0,0.0,272.0,68,4,0.01762114537444934,2732.0,683,35,0.15418502202643172
spatial_rf,731,20,0.5,211,new,colorado,Copper,no_context,13800,35,55200.0,0.004633614628163155,184.0,46,0,0.0,3980.0,995,2,0.05714285714285714,7132.0,1783,13,0.37142857142857144
spatial_rf,731,20,0.5,307,new,nevada,Gold,"[0,5)",2134,367,8536.0,0.27749759578392513,1408.0,352,110,0.2997275204359673,4360.0,1090,248,0.6757493188010899,5896.0,1474,298,0.8119891008174387
spatial_rf,731,20,0.5,307,new,nevada,Gold,"[5,10)",5419,456,21676.0,0.13883697131305056,192.0,48,14,0.03070175438596491,2604.0,651,104,0.22807017543859648,5744.0,1436,183,0.40131578947368424
spatial_rf,731,20,0.5,307,new,nevada,Gold,"[10,20)",15388,848,61552.0,0.08051528237012279,0.0,0,0,0.0,968.0,242,27,0.031839622641509434,3564.0,891,76,0.08962264150943396
spatial_rf,731,20,0.5,307,new,nevada,Gold,"[20,inf)",17059,677,68236.0,0.053657058070145494,0.0,0,0,0.0,68.0,17,2,0.0029542097488921715,796.0,199,7,0.0103397341211226
spatial_rf,731,20,0.5,307,new,nevada,Gold,no_context,0,0,0.0,,0.0,0,0,,0.0,0,0,,0.0,0,0,
spatial_rf,731,20,0.5,307,new,nevada,Copper,"[0,5)",1284,156,5136.0,0.13948247598473484,1296.0,324,49,0.3141025641025641,3192.0,798,101,0.6474358974358975,3968.0,992,117,0.75
spatial_rf,731,20,0.5,307,new,nevada,Copper,"[5,10)",3592,170,14368.0,0.06499377347741055,304.0,76,7,0.041176470588235294,2848.0,712,42,0.24705882352941178,5060.0,1265,79,0.4647058823529412
spatial_rf,731,20,0.5,307,new,nevada,Copper,"[10,20)",12777,410,51108.0,0.03791964586029996,0.0,0,0,0.0,1156.0,289,7,0.01707317073170732,4080.0,1020,40,0.0975609756097561
spatial_rf,731,20,0.5,307,new,nevada,Copper,"[20,inf)",22347,476,89388.0,0.025990301531713576,0.0,0,0,0.0,804.0,201,7,0.014705882352941176,2892.0,723,16,0.03361344537815126
spatial_rf,731,20,0.5,307,new,nevada,Copper,no_context,0,0,0.0,,0.0,0,0,,0.0,0,0,,0.0,0,0,
spatial_rf,731,20,0.5,307,new,arizona,Gold,"[0,5)",991,179,3955.1729207634926,0.3449867046969959,1280.0,320,99,0.553072625698324,2353.3131362199783,589,140,0.7821229050279329,2863.3603685498238,718,156,0.8715083798882681
spatial_rf,731,20,0.5,307,new,arizona,Gold,"[5,10)",2657,230,10614.117837281432,0.16731369701356902,408.0,102,22,0.09565217391304348,2175.754305124283,545,97,0.4217391304347826,3242.242475183215,813,137,0.5956521739130435
spatial_rf,731,20,0.5,307,new,arizona,Gold,"[10,20)",9093,402,36339.63705498353,0.0899321540015487,4.0,1,0,0.0,1364.0,341,48,0.11940298507462686,2898.388191461563,725,105,0.26119402985074625
spatial_rf,731,20,0.5,307,new,arizona,Gold,"[20,inf)",15754,347,62985.81846904755,0.03360821615104631,0.0,0,0,0.0,104.0,26,1,0.002881844380403458,1028.0,257,23,0.06628242074927954
spatial_rf,731,20,0.5,307,new,arizona,Gold,no_context,13800,14,55200.0,0.0018376834374401864,0.0,0,0,0.0,2460.0,615,1,0.07142857142857142,6880.0,1720,1,0.07142857142857142
spatial_rf,731,20,0.5,307,new,arizona,Copper,"[0,5)",1220,208,4871.172920763493,0.2542387072901153,936.0,234,68,0.3269230769230769,1784.0,446,118,0.5673076923076923,2545.3131362199783,637,145,0.6971153846153846
spatial_rf,731,20,0.5,307,new,arizona,Copper,"[5,10)",3094,255,12362.117837281432,0.14171272831256754,324.0,81,14,0.054901960784313725,1176.0,294,55,0.21568627450980393,2143.010070235934,537,91,0.3568627450980392
spatial_rf,731,20,0.5,307,new,arizona,Copper,"[10,20)",9959,451,39803.63705498353,0.08040887791544536,0.0,0,0,0.0,204.0,51,2,0.004434589800443459,1456.0,364,49,0.10864745011086474
spatial_rf,731,20,0.5,307,new,arizona,Copper,"[20,inf)",15522,388,62057.81846904755,0.056268013658341845,0.0,0,0,0.0,0.0,0,0,0.0,644.0,161,13,0.03350515463917526
spatial_rf,731,20,0.5,307,new,arizona,Copper,no_context,12500,8,50000.0,0.002033508927952792,432.0,108,0,0.0,5292.0,1323,3,0.375,10124.0,2531,5,0.625
spatial_rf,731,20,0.5,307,new,colorado,Gold,"[0,5)",1217,296,4868.0,0.5531111417332684,1328.0,332,174,0.5878378378378378,2796.0,699,248,0.8378378378378378,3564.0,891,263,0.8885135135135135
spatial_rf,731,20,0.5,307,new,colorado,Gold,"[5,10)",2846,301,11384.0,0.3445713500345674,372.0,93,51,0.16943521594684385,2148.0,537,167,0.5548172757475083,4300.0,1075,215,0.7142857142857143
spatial_rf,731,20,0.5,307,new,colorado,Gold,"[10,20)",8829,489,35316.0,0.2614250241753636,0.0,0,0,0.0,1412.0,353,129,0.26380368098159507,3736.0,934,223,0.4560327198364008
spatial_rf,731,20,0.5,307,new,colorado,Gold,"[20,inf)",15908,278,63632.0,0.03793474543384097,0.0,0,0,0.0,148.0,37,6,0.02158273381294964,904.0,226,16,0.05755395683453238
spatial_rf,731,20,0.5,307,new,colorado,Gold,no_context,13700,11,54800.0,0.00230035274722968,0.0,0,0,0.0,1996.0,499,0,0.0,4496.0,1124,0,0.0
spatial_rf,731,20,0.5,307,new,colorado,Copper,"[0,5)",848,173,3392.0,0.38560985522305136,1152.0,288,108,0.6242774566473989,2000.0,500,144,0.8323699421965318,2612.0,653,164,0.9479768786127167
spatial_rf,731,20,0.5,307,new,colorado,Copper,"[5,10)",2173,181,8692.0,0.2144784760413671,376.0,94,30,0.16574585635359115,1592.0,398,82,0.4530386740331492,3132.0,783,129,0.712707182320442
spatial_rf,731,20,0.5,307,new,colorado,Copper,"[10,20)",7998,288,31992.0,0.12285291397267849,0.0,0,0,0.0,712.0,178,42,0.14583333333333334,3588.0,897,105,0.3645833333333333
spatial_rf,731,20,0.5,307,new,colorado,Copper,"[20,inf)",21581,191,86324.0,0.012614481761859975,0.0,0,0,0.0,840.0,210,0,0.0,3828.0,957,12,0.06282722513089005
spatial_rf,731,20,0.5,307,new,colorado,Copper,no_context,9900,6,39600.0,0.0016152729585565406,172.0,43,0,0.0,3356.0,839,2,0.3333333333333333,3840.0,960,2,0.3333333333333333
spatial_rf,731,20,1.0,0,new,nevada,Gold,"[0,5)",3988,669,15952.0,0.27908973751703836,1484.0,371,134,0.20029895366218237,6256.0,1564,372,0.5560538116591929,9456.0,2364,501,0.7488789237668162
spatial_rf,731,20,1.0,0,new,nevada,Gold,"[5,10)",9792,763,39168.0,0.1286046220845601,116.0,29,4,0.005242463958060288,1724.0,431,86,0.1127129750982962,6108.0,1527,221,0.28964613368283093
spatial_rf,731,20,1.0,0,new,nevada,Gold,"[10,20)",19950,787,79800.0,0.06841610268498499,0.0,0,0,0.0,20.0,5,0,0.0,436.0,109,14,0.017789072426937738
spatial_rf,731,20,1.0,0,new,nevada,Gold,"[20,inf)",6270,129,25080.0,0.03465364161032906,0.0,0,0,0.0,0.0,0,0,0.0,0.0,0,0,0.0
spatial_rf,731,20,1.0,0,new,nevada,Gold,no_context,0,0,0.0,,0.0,0,0,,0.0,0,0,,0.0,0,0,
spatial_rf,731,20,1.0,0,new,nevada,Copper,"[0,5)",2486,296,9944.0,0.17176008723904163,1456.0,364,62,0.20945945945945946,5132.0,1283,180,0.6081081081081081,7024.0,1756,224,0.7567567567567568
spatial_rf,731,20,1.0,0,new,nevada,Copper,"[5,10)",7017,353,28068.0,0.0691299832838969,144.0,36,0,0.0,2856.0,714,59,0.1671388101983003,7992.0,1998,142,0.40226628895184136
spatial_rf,731,20,1.0,0,new,nevada,Copper,"[10,20)",19207,437,76828.0,0.0325433871126028,0.0,0,0,0.0,12.0,3,0,0.0,952.0,238,12,0.02745995423340961
spatial_rf,731,20,1.0,0,new,nevada,Copper,"[20,inf)",11290,126,45160.0,0.016547251700015163,0.0,0,0,0.0,0.0,0,0,0.0,32.0,8,0,0.0
spatial_rf,731,20,1.0,0,new,nevada,Copper,no_context,0,0,0.0,,0.0,0,0,,0.0,0,0,,0.0,0,0,
spatial_rf,731,20,1.0,0,new,arizona,Gold,"[0,5)",2014,338,8047.172920763493,0.3164596606099292,1532.0,383,128,0.378698224852071,4916.0,1229,274,0.8106508875739645,6357.313136219978,1590,309,0.9142011834319527
spatial_rf,731,20,1.0,0,new,arizona,Gold,"[5,10)",4939,408,19742.117837281432,0.1429531820525949,160.0,40,4,0.00980392156862745,3191.717074306216,800,138,0.3382352941176471,7766.242475183215,1944,256,0.6274509803921569
spatial_rf,731,20,1.0,0,new,arizona,Gold,"[10,20)",12676,355,50653.28364360705,0.0713357619644001,0.0,0,0,0.0,336.0,84,17,0.04788732394366197,1954.4200448393822,490,53,0.14929577464788732
spatial_rf,731,20,1.0,0,new,arizona,Gold,"[20,inf)",11266,68,45052.17188042402,0.00708960464798956,0.0,0,0,0.0,0.0,0,0,0.0,188.0,47,0,0.0
spatial_rf,731,20,1.0,0,new,arizona,Gold,no_context,11400,3,45600.0,0.000413486501211863,0.0,0,0,0.0,12.0,3,0,0.0,644.0,161,0,0.0
spatial_rf,731,20,1.0,0,new,arizona,Copper,"[0,5)",2307,376,9219.172920763493,0.2705654261061931,1496.0,374,121,0.32180851063829785,4904.0,1226,262,0.6968085106382979,6529.313136219978,1633,322,0.8563829787234043
spatial_rf,731,20,1.0,0,new,arizona,Copper,"[5,10)",5590,456,22346.117837281432,0.14707868731834248,196.0,49,9,0.019736842105263157,3383.0044004917145,846,141,0.3092105263157895,7294.652257771697,1827,248,0.543859649122807
spatial_rf,731,20,1.0,0,new,arizona,Copper,"[10,20)",13381,416,53486.518010202795,0.05838818882657004,0.0,0,0,0.0,60.0,15,1,0.002403846153846154,1132.0,283,34,0.08173076923076923
spatial_rf,731,20,1.0,0,new,arizona,Copper,"[20,inf)",13517,62,54042.93751382828,0.008460851140354006,0.0,0,0,0.0,4.0,1,0,0.0,396.0,99,0,0.0
spatial_rf,731,20,1.0,0,new,arizona,Copper,no_context,7500,0,30000.0,,0.0,0,0,,104.0,26,0,,1560.0,390,0,
spatial_rf,731,20,1.0,0,new,colorado,Gold,"[0,5)",2135,457,8540.0,0.45093054618267686,1472.0,368,189,0.4135667396061269,4756.0,1189,375,0.8205689277899344,6460.0,1615,413,0.9037199124726477
spatial_rf,731,20,1.0,0,new,colorado,Gold,"[5,10)",4942,452,19768.0,0.29707243791597726,228.0,57,26,0.05752212389380531,3120.0,780,228,0.504424778761062,7488.0,1872,332,0.7345132743362832
spatial_rf,731,20,1.0,0,new,colorado,Gold,"[10,20)",12043,397,48172.0,0.23679678457001077,0.0,0,0,0.0,616.0,154,75,0.1889168765743073,2024.0,506,139,0.3501259445843829
spatial_rf,731,20,1.0,0,new,colorado,Gold,"[20,inf)",13380,58,53520.0,0.032613659066143136,0.0,0,0,0.0,8.0,2,1,0.017241379310344827,860.0,215,2,0.034482758620689655
spatial_rf,731,20,1.0,0,new,colorado,Gold,no_context,10000,11,40000.0,0.002534996768948847,0.0,0,0,0.0,0.0,0,0,0.0,168.0,42,0,0.0
spatial_rf,731,20,1.0,0,new,colorado,Copper,"[0,5)",1404,225,5616.0,0.3138302738972067,1420.0,355,112,0.49777777777777776,3660.0,915,201,0.8933333333333333,4368.0,1092,215,0.9555555555555556
spatial_rf,731,20,1.0,0,new,colorado,Copper,"[5,10)",3744,253,14976.0,0.16159137337052573,280.0,70,12,0.04743083003952569,3384.0,846,137,0.541501976284585,6060.0,1515,182,0.7193675889328063
spatial_rf,731,20,1.0,0,new,colorado,Copper,"[10,20)",10754,276,43016.0,0.1323448096384876,0.0,0,0,0.0,764.0,191,54,0.1956521739130435,3488.0,872,95,0.3442028985507246
spatial_rf,731,20,1.0,0,new,colorado,Copper,"[20,inf)",19198,82,76792.0,0.00676970144826296,0.0,0,0,0.0,60.0,15,0,0.0,944.0,236,3,0.036585365853658534
spatial_rf,731,20,1.0,0,new,colorado,Copper,no_context,7400,3,29600.0,0.0014571861048869967,0.0,0,0,0.0,632.0,158,0,0.0,2140.0,535,0,0.0
