method,model_seed,L_km,keep_fraction,context_repeat,origin,phase,region,target,ap,cells,positives,area_km2,target_groups,coverage_1,group_hit_1,actual_area_1,coverage_5,group_hit_5,actual_area_5,zero_positive_block_selected_area_km2,coverage_10,group_hit_10,actual_area_10
kernel_density,0,10,0.0,0,new,merged,nevada,Gold,0.058699999999999995,40000,2348,160000.0,4804,0.009795570698466781,0.00791007493755204,0.01,0.04727427597955707,0.08118234804329726,0.05,4316.0,0.1034923339011925,0.14050791007493754,0.1
kernel_density,0,10,0.0,0,new,merged,nevada,Copper,0.030299999999999997,40000,1212,160000.0,2147,0.009075907590759076,0.007452258965999069,0.01,0.04950495049504951,0.05775500698649278,0.05,5380.0,0.10148514851485149,0.1159757801583605,0.1
kernel_density,0,10,0.0,0,new,merged,arizona,Gold,0.02771013122118454,42295,1172,169094.746282076,2217,0.008532423208191127,0.008570139828597204,0.010006224540988897,0.051194539249146756,0.046008119079837616,0.05000746732777903,6656.0,0.10494880546075085,0.09607577807848444,0.10000432536782888
kernel_density,0,10,0.0,0,new,merged,arizona,Copper,0.030972928242108996,42295,1310,169094.746282076,2527,0.007633587786259542,0.007123070834982192,0.010006224540988897,0.05343511450381679,0.06252473288484368,0.05000746732777903,6420.0,0.09770992366412214,0.10051444400474871,0.10000432536782888
kernel_density,0,10,0.0,0,new,merged,colorado,Gold,0.032352941176470584,42500,1375,170000.0,5258,0.007272727272727273,0.004374286801065044,0.01,0.04654545454545454,0.04184100418410042,0.05,6664.0,0.10472727272727272,0.09452263217953595,0.1
kernel_density,0,10,0.0,0,new,merged,colorado,Copper,0.019741176470588234,42500,839,170000.0,2064,0.0059594755661501785,0.00436046511627907,0.01,0.04529201430274136,0.040213178294573645,0.05,7028.0,0.08820023837902265,0.08624031007751938,0.1
kernel_density,0,10,0.25,101,new,merged,nevada,Gold,0.10760358313539267,40000,2348,160000.0,4804,0.014054514480408859,0.011656952539550375,0.01,0.12180579216354344,0.14883430474604498,0.05,2272.0,0.24787052810902896,0.2624895920066611,0.1
kernel_density,0,10,0.25,101,new,merged,nevada,Copper,0.05737935613864015,40000,1212,160000.0,2147,0.033003300330033,0.059152305542617606,0.01,0.10973597359735973,0.13227759664648348,0.05,3508.0,0.2400990099009901,0.2519795062878435,0.1
kernel_density,0,10,0.25,101,new,merged,arizona,Gold,0.13437213573354745,42295,1172,169094.746282076,2217,0.0674061433447099,0.09427153811456923,0.010006224540988897,0.31313993174061433,0.3712223725755526,0.05000746732777903,2212.0,0.5170648464163823,0.5904375281912494,0.10001079364965926
kernel_density,0,10,0.25,101,new,merged,arizona,Copper,0.13241691993127613,42295,1310,169094.746282076,2527,0.050381679389312976,0.06727344677483181,0.010006224540988897,0.28473282442748094,0.3506133755441235,0.05000746732777903,1844.0,0.4595419847328244,0.5314602295211713,0.10001104735690464
kernel_density,0,10,0.25,101,new,merged,colorado,Gold,0.21998416697061865,42500,1375,170000.0,5258,0.128,0.22441993153290224,0.01,0.3869090909090909,0.44123240775960443,0.05,1568.0,0.5461818181818182,0.5557246101179155,0.1
kernel_density,0,10,0.25,101,new,merged,colorado,Copper,0.11166032228738981,42500,839,170000.0,2064,0.12395709177592372,0.2655038759689923,0.01,0.3075089392133492,0.4321705426356589,0.05,2748.0,0.43504171632896305,0.5174418604651163,0.1
kernel_density,0,10,0.25,211,new,merged,nevada,Gold,0.11037692778589983,40000,2348,160000.0,4804,0.019165247018739354,0.022481265611990008,0.01,0.1201022146507666,0.13863447127393838,0.05,1992.0,0.2555366269165247,0.2587427144046628,0.1
kernel_density,0,10,0.25,211,new,merged,nevada,Copper,0.05785461611588067,40000,1212,160000.0,2147,0.03135313531353135,0.04471355379599441,0.01,0.13696369636963696,0.1639496972519795,0.05,3628.0,0.2615511551155115,0.29017233348858873,0.1
kernel_density,0,10,0.25,211,new,merged,arizona,Gold,0.15883342467105271,42295,1172,169094.746282076,2217,0.10238907849829351,0.15155615696887687,0.010006224540988897,0.2764505119453925,0.3243121335137573,0.05000746732777903,2728.0,0.43686006825938567,0.4727108705457826,0.10001493465555807
kernel_density,0,10,0.25,211,new,merged,arizona,Copper,0.12019414485141479,42295,1310,169094.746282076,2527,0.07099236641221374,0.08587257617728532,0.010006224540988897,0.23969465648854962,0.26869806094182824,0.05000746732777903,2144.0,0.3893129770992366,0.4178868223189553,0.10001493465555807
kernel_density,0,10,0.25,211,new,merged,colorado,Gold,0.2964592758674084,42500,1375,170000.0,5258,0.16727272727272727,0.3392925066565234,0.01,0.4421818181818182,0.603651578546976,0.05,1404.0,0.6036363636363636,0.699315329022442,0.1
kernel_density,0,10,0.25,211,new,merged,colorado,Copper,0.1692494182744383,42500,839,170000.0,2064,0.14541120381406436,0.29457364341085274,0.01,0.433849821215733,0.5707364341085271,0.05,2348.0,0.5923718712753278,0.6986434108527132,0.1
kernel_density,0,10,0.25,307,new,merged,nevada,Gold,0.1038466704754285,40000,2348,160000.0,4804,0.015332197614991482,0.015195670274771023,0.01,0.11328790459965929,0.13238967527060783,0.05,2372.0,0.22913117546848383,0.231473771856786,0.1
kernel_density,0,10,0.25,307,new,merged,nevada,Copper,0.06181339132032103,40000,1212,160000.0,2147,0.03217821782178218,0.05496040987424313,0.01,0.14273927392739275,0.15882626921285514,0.05,3132.0,0.2698019801980198,0.2925011644154634,0.1
kernel_density,0,10,0.25,307,new,merged,arizona,Gold,0.1178763323310143,42295,1172,169094.746282076,2217,0.051194539249146756,0.07622913847541724,0.010006224540988897,0.29436860068259385,0.35904375281912493,0.05000746732777903,2644.0,0.48208191126279865,0.5475868290482634,0.10001493465555807
kernel_density,0,10,0.25,307,new,merged,arizona,Copper,0.11739508484037484,42295,1310,169094.746282076,2527,0.04351145038167939,0.04669568658488326,0.010006224540988897,0.27022900763358776,0.3035219628017412,0.05000746732777903,2036.0,0.43587786259541983,0.4709141274238227,0.10001493465555807
kernel_density,0,10,0.25,307,new,merged,colorado,Gold,0.23196082140206434,42500,1375,170000.0,5258,0.1389090909090909,0.26492963103841766,0.01,0.384,0.5106504374286801,0.05,1488.0,0.5112727272727273,0.6770635222518068,0.1
kernel_density,0,10,0.25,307,new,merged,colorado,Copper,0.10637128588972534,42500,839,170000.0,2064,0.10607866507747318,0.24273255813953487,0.01,0.2896305125148987,0.43362403100775193,0.05,3100.0,0.3957091775923719,0.5402131782945736,0.1
kernel_density,0,10,0.5,101,new,merged,nevada,Gold,0.14473941167829582,40000,2348,160000.0,4804,0.04386712095400341,0.04683597002497918,0.01,0.1793015332197615,0.2587427144046628,0.05,1388.0,0.31388415672913117,0.40611990008326393,0.1
kernel_density,0,10,0.5,101,new,merged,nevada,Copper,0.07714391657022318,40000,1212,160000.0,2147,0.05115511551155116,0.08430367955286447,0.01,0.1707920792079208,0.21564974382859806,0.05,2528.0,0.3069306930693069,0.35537959944108055,0.1
kernel_density,0,10,0.5,101,new,merged,arizona,Gold,0.20010040924485004,42295,1172,169094.746282076,2217,0.12030716723549488,0.19711321605773569,0.010006224540988897,0.3575085324232082,0.43437077131258456,0.05000746732777903,1432.0,0.5691126279863481,0.6391520072169599,0.10001697774719809
kernel_density,0,10,0.5,101,new,merged,arizona,Copper,0.18974509825557032,42295,1310,169094.746282076,2527,0.0916030534351145,0.1187178472497032,0.010006224540988897,0.34580152671755726,0.4258013454689355,0.05000746732777903,1348.0,0.5129770992366413,0.5821131776810448,0.10000973250350417
kernel_density,0,10,0.5,101,new,merged,colorado,Gold,0.3524770015728086,42500,1375,170000.0,5258,0.18545454545454546,0.3480410802586535,0.01,0.5221818181818182,0.6407379231647015,0.05,680.0,0.6516363636363637,0.7034994294408521,0.1
kernel_density,0,10,0.5,101,new,merged,colorado,Copper,0.2119065119293031,42500,839,170000.0,2064,0.18116805721096543,0.3125,0.01,0.4612634088200238,0.6041666666666666,0.05,1928.0,0.6233611442193087,0.7180232558139535,0.1
kernel_density,0,10,0.5,211,new,merged,nevada,Gold,0.14556437982038772,40000,2348,160000.0,4804,0.030238500851788756,0.03871773522064946,0.01,0.17504258943781942,0.22085761865112408,0.05,932.0,0.31899488926746167,0.4163197335553705,0.1
kernel_density,0,10,0.5,211,new,merged,nevada,Copper,0.08794844051801638,40000,1212,160000.0,2147,0.05858085808580858,0.08616674429436423,0.01,0.21122112211221122,0.23334885887284584,0.05,2036.0,0.3589108910891089,0.3889147647880764,0.1
kernel_density,0,10,0.5,211,new,merged,arizona,Gold,0.19010168630298563,42295,1172,169094.746282076,2217,0.12286689419795221,0.18448353631032927,0.010006224540988897,0.3430034129692833,0.4280559314388814,0.05002119250776579,1886.8706004619598,0.5494880546075085,0.6233649075327018,0.10000970577540116
kernel_density,0,10,0.5,211,new,merged,arizona,Copper,0.1649145958753957,42295,1310,169094.746282076,2527,0.08931297709923663,0.11832212109220419,0.010006224540988897,0.33893129770992364,0.3988919667590028,0.05000746732777903,1208.0,0.5106870229007634,0.5647012267510882,0.10000126166493546
kernel_density,0,10,0.5,211,new,merged,colorado,Gold,0.38413949189210367,42500,1375,170000.0,5258,0.1970909090909091,0.38702928870292885,0.01,0.5156363636363637,0.6787751996957018,0.05,756.0,0.6596363636363637,0.7422974515024724,0.1
kernel_density,0,10,0.5,211,new,merged,colorado,Copper,0.2345782171888832,42500,839,170000.0,2064,0.18951132300357568,0.3493217054263566,0.01,0.5077473182359953,0.6836240310077519,0.05,1876.0,0.6555423122765197,0.7834302325581395,0.1
kernel_density,0,10,0.5,307,new,merged,nevada,Gold,0.12961030199085594,40000,2348,160000.0,4804,0.030238500851788756,0.04059117402164863,0.01,0.14906303236797275,0.1650707743547044,0.05,1684.0,0.272572402044293,0.2801831806827644,0.1
kernel_density,0,10,0.5,307,new,merged,nevada,Copper,0.07718657251716314,40000,1212,160000.0,2147,0.03547854785478548,0.05216581276199348,0.01,0.18316831683168316,0.21238938053097345,0.05,2432.0,0.3341584158415842,0.3712156497438286,0.1
kernel_density,0,10,0.5,307,new,merged,arizona,Gold,0.18928718412676598,42295,1172,169094.746282076,2217,0.11348122866894197,0.16238159675236807,0.010006224540988897,0.39590443686006827,0.4767704104645918,0.05000586637818373,1180.0,0.5725255972696246,0.6414073071718539,0.10001638486841188
kernel_density,0,10,0.5,307,new,merged,arizona,Copper,0.17792873970071468,42295,1310,169094.746282076,2527,0.09083969465648854,0.11278195488721804,0.010006224540988897,0.34961832061068704,0.41274238227146814,0.05000402784769446,800.0,0.5312977099236641,0.5801345468935497,0.10001638486841188
kernel_density,0,10,0.5,307,new,merged,colorado,Gold,0.38630871863469757,42500,1375,170000.0,5258,0.19927272727272727,0.3497527577025485,0.01,0.5214545454545455,0.6854317230886269,0.05,596.0,0.6705454545454546,0.807151007987828,0.1
kernel_density,0,10,0.5,307,new,merged,colorado,Copper,0.2517316444929218,42500,839,170000.0,2064,0.2169249106078665,0.3696705426356589,0.01,0.5077473182359953,0.6603682170542635,0.05,1596.0,0.6531585220500596,0.7892441860465116,0.1
kernel_density,0,10,1.0,0,new,merged,nevada,Gold,0.21235829347149243,40000,2348,160000.0,4804,0.065587734241908,0.09054954204829309,0.01,0.24105621805792163,0.35095753538717733,0.05,604.0,0.3956558773424191,0.5074937552039966,0.1
kernel_density,0,10,1.0,0,new,merged,nevada,Copper,0.1334805496596307,40000,1212,160000.0,2147,0.08415841584158416,0.13274336283185842,0.01,0.2706270627062706,0.32836516068933397,0.05,1696.0,0.42574257425742573,0.48346530041918956,0.1
kernel_density,0,10,1.0,0,new,merged,arizona,Gold,0.276212490665836,42295,1172,169094.746282076,2217,0.16382252559726962,0.2552999548940009,0.010006224540988897,0.43430034129692835,0.5137573297248534,0.05000937872043326,1024.0,0.6484641638225256,0.7235002255299955,0.10001940113761969
kernel_density,0,10,1.0,0,new,merged,arizona,Copper,0.2508203509516795,42295,1310,169094.746282076,2527,0.1366412213740458,0.17570241392956074,0.010006224540988897,0.41068702290076337,0.49624060150375937,0.05000746732777903,756.0,0.5931297709923664,0.6814404432132964,0.10000837025923767
kernel_density,0,10,1.0,0,new,merged,colorado,Gold,0.4916298567330934,42500,1375,170000.0,5258,0.23563636363636364,0.4473183720045645,0.01,0.5876363636363636,0.7499049068086725,0.05,456.0,0.7381818181818182,0.8138075313807531,0.1
kernel_density,0,10,1.0,0,new,merged,colorado,Copper,0.34417021443391904,42500,839,170000.0,2064,0.2562574493444577,0.436046511627907,0.01,0.5876042908224076,0.7558139534883721,0.05,1336.0,0.7306317044100119,0.8502906976744186,0.1
kernel_density,0,20,0.0,0,new,merged,nevada,Gold,0.058699999999999995,40000,2348,160000.0,4804,0.009795570698466781,0.00791007493755204,0.01,0.04727427597955707,0.08118234804329726,0.05,1736.0,0.1034923339011925,0.14050791007493754,0.1
kernel_density,0,20,0.0,0,new,merged,nevada,Copper,0.030299999999999997,40000,1212,160000.0,2147,0.009075907590759076,0.007452258965999069,0.01,0.04950495049504951,0.05775500698649278,0.05,3028.0,0.10148514851485149,0.1159757801583605,0.1
kernel_density,0,20,0.0,0,new,merged,arizona,Gold,0.02771013122118454,42295,1172,169094.746282076,2217,0.008532423208191127,0.008570139828597204,0.010006224540988897,0.051194539249146756,0.046008119079837616,0.05000746732777903,4984.0,0.10494880546075085,0.09607577807848444,0.10000432536782888
kernel_density,0,20,0.0,0,new,merged,arizona,Copper,0.030972928242108996,42295,1310,169094.746282076,2527,0.007633587786259542,0.007123070834982192,0.010006224540988897,0.05343511450381679,0.06252473288484368,0.05000746732777903,4720.0,0.09770992366412214,0.10051444400474871,0.10000432536782888
kernel_density,0,20,0.0,0,new,merged,colorado,Gold,0.032352941176470584,42500,1375,170000.0,5258,0.007272727272727273,0.004374286801065044,0.01,0.04654545454545454,0.04184100418410042,0.05,5088.0,0.10472727272727272,0.09452263217953595,0.1
kernel_density,0,20,0.0,0,new,merged,colorado,Copper,0.019741176470588234,42500,839,170000.0,2064,0.0059594755661501785,0.00436046511627907,0.01,0.04529201430274136,0.040213178294573645,0.05,5668.0,0.08820023837902265,0.08624031007751938,0.1
kernel_density,0,20,0.25,101,new,merged,nevada,Gold,0.08305030152380705,40000,2348,160000.0,4804,0.007240204429301534,0.004579517069109076,0.01,0.08262350936967632,0.07285595337218984,0.05,428.0,0.1839863713798978,0.18172356369691922,0.1
kernel_density,0,20,0.25,101,new,merged,nevada,Copper,0.044036819109768054,40000,1212,160000.0,2147,0.0165016501650165,0.017699115044247787,0.01,0.08003300330033003,0.0680018630647415,0.05,1164.0,0.18646864686468648,0.16581276199347927,0.1
kernel_density,0,20,0.25,101,new,merged,arizona,Gold,0.08977986490440705,42295,1172,169094.746282076,2217,0.026450511945392493,0.03563373928732522,0.010006224540988897,0.2508532423208191,0.3116824537663509,0.050019727084548354,724.7599242404103,0.4325938566552901,0.4934596301308074,0.10001815902560314
kernel_density,0,20,0.25,101,new,merged,arizona,Copper,0.08630585290245266,42295,1310,169094.746282076,2527,0.020610687022900764,0.01780767708745548,0.010006224540988897,0.2015267175572519,0.22318955282944203,0.05001706814196808,537.623447239399,0.37786259541984735,0.39691333597150774,0.10001796069564838
kernel_density,0,20,0.25,101,new,merged,colorado,Gold,0.17554345572718377,42500,1375,170000.0,5258,0.11345454545454546,0.12400152149106124,0.01,0.3629090909090909,0.401293267402054,0.05,1244.0,0.44872727272727275,0.46253328261696464,0.1
kernel_density,0,20,0.25,101,new,merged,colorado,Copper,0.09650929490538167,42500,839,170000.0,2064,0.08462455303933254,0.08284883720930232,0.01,0.3468414779499404,0.45106589147286824,0.05,1792.0,0.4934445768772348,0.6012596899224806,0.1
kernel_density,0,20,0.25,211,new,merged,nevada,Gold,0.08807785050328981,40000,2348,160000.0,4804,0.016183986371379896,0.009991673605328892,0.01,0.08006814310051108,0.07826810990840966,0.05,1180.0,0.1890971039182283,0.1736053288925895,0.1
kernel_density,0,20,0.25,211,new,merged,nevada,Copper,0.047136891303076606,40000,1212,160000.0,2147,0.007425742574257425,0.004191895668374476,0.01,0.09983498349834984,0.08802980903586399,0.05,1296.0,0.21782178217821782,0.18677224033535164,0.1
kernel_density,0,20,0.25,211,new,merged,arizona,Gold,0.06039967419624371,42295,1172,169094.746282076,2217,0.012798634812286689,0.009021199819576003,0.010006224540988897,0.13993174061433447,0.14975191700496165,0.05000746732777903,2108.0,0.32764505119453924,0.37889039242219213,0.10002354660903504
kernel_density,0,20,0.25,211,new,merged,arizona,Copper,0.06621179496970127,42295,1310,169094.746282076,2527,0.011450381679389313,0.007518796992481203,0.010006224540988897,0.1267175572519084,0.12386228729719034,0.05000746732777903,1948.0,0.3099236641221374,0.3233082706766917,0.10002354660903504
kernel_density,0,20,0.25,211,new,merged,colorado,Gold,0.1537430638498857,42500,1375,170000.0,5258,0.12218181818181818,0.21281856219094714,0.01,0.3054545454545455,0.34366679345758844,0.05,676.0,0.40654545454545454,0.3931152529478889,0.1
kernel_density,0,20,0.25,211,new,merged,colorado,Copper,0.10038938310190967,42500,839,170000.0,2064,0.13825983313468415,0.22625968992248063,0.01,0.2967818831942789,0.35852713178294576,0.05,1500.0,0.4100119189511323,0.4500968992248062,0.1
kernel_density,0,20,0.25,307,new,merged,nevada,Gold,0.08957876979055951,40000,2348,160000.0,4804,0.01575809199318569,0.013946711074104912,0.01,0.09965928449744463,0.14654454621149043,0.05,0.0,0.19761499148211242,0.25645295587010825,0.1
kernel_density,0,20,0.25,307,new,merged,nevada,Copper,0.04892522780675873,40000,1212,160000.0,2147,0.022277227722772276,0.02095947834187238,0.01,0.12376237623762376,0.1406613879832324,0.05,884.0,0.22607260726072606,0.25244527247321846,0.1
kernel_density,0,20,0.25,307,new,merged,arizona,Gold,0.07174061060537161,42295,1172,169094.746282076,2217,0.029863481228668942,0.023004059539918808,0.010006224540988897,0.189419795221843,0.19576003608479928,0.05000157950731047,1464.0,0.2977815699658703,0.3026612539467749,0.10001717494607025
kernel_density,0,20,0.25,307,new,merged,arizona,Copper,0.07412386961015384,42295,1310,169094.746282076,2527,0.0183206106870229,0.01820340324495449,0.010006224540988897,0.17557251908396945,0.19430154333201424,0.05000746732777903,1232.0,0.29389312977099236,0.3557578155916106,0.10001580080764634
kernel_density,0,20,0.25,307,new,merged,colorado,Gold,0.17420844972406543,42500,1375,170000.0,5258,0.12363636363636364,0.20330924305819703,0.01,0.34254545454545454,0.3699125142639787,0.05,36.0,0.4749090909090909,0.5363255990871053,0.1
kernel_density,0,20,0.25,307,new,merged,colorado,Copper,0.1021238768261688,42500,839,170000.0,2064,0.09892729439809297,0.11434108527131782,0.01,0.35876042908224076,0.3943798449612403,0.05,520.0,0.49106078665077474,0.49079457364341084,0.1
kernel_density,0,20,0.5,101,new,merged,nevada,Gold,0.10416062605994245,40000,2348,160000.0,4804,0.02555366269165247,0.03330557868442964,0.01,0.11925042589437819,0.12905911740216486,0.05,360.0,0.23509369676320271,0.24229808492922564,0.1
kernel_density,0,20,0.5,101,new,merged,nevada,Copper,0.0567774785348677,40000,1212,160000.0,2147,0.028877887788778877,0.04657661853749418,0.01,0.13036303630363036,0.16115510013972986,0.05,532.0,0.2334983498349835,0.2585002328830927,0.1
kernel_density,0,20,0.5,101,new,merged,arizona,Gold,0.12236963381770671,42295,1172,169094.746282076,2217,0.060580204778156996,0.09156517816869644,0.010006224540988897,0.2935153583617747,0.3342354533152909,0.050019727084548354,312.7599242404103,0.5170648464163823,0.5606675687866486,0.10001401462431123
kernel_density,0,20,0.5,101,new,merged,arizona,Copper,0.12655881770649308,42295,1310,169094.746282076,2527,0.059541984732824425,0.07954095765730115,0.010006224540988897,0.27251908396946567,0.3640680648990898,0.050019727084548354,316.7599242404103,0.4442748091603053,0.518005540166205,0.10002354660903504
kernel_density,0,20,0.5,101,new,merged,colorado,Gold,0.2794972032364445,42500,1375,170000.0,5258,0.1658181818181818,0.20806390262457208,0.01,0.4501818181818182,0.5222518067706352,0.05,252.0,0.5752727272727273,0.599467478128566,0.1
kernel_density,0,20,0.5,101,new,merged,colorado,Copper,0.15257923322407368,42500,839,170000.0,2064,0.1573301549463647,0.1739341085271318,0.01,0.4135876042908224,0.5072674418604651,0.05,812.0,0.566150178784267,0.6322674418604651,0.1
kernel_density,0,20,0.5,211,new,merged,nevada,Gold,0.10828841101392268,40000,2348,160000.0,4804,0.012350936967632026,0.011240632805995004,0.01,0.11626916524701873,0.11823480432972523,0.05,244.0,0.239778534923339,0.2722731057452123,0.1
kernel_density,0,20,0.5,211,new,merged,nevada,Copper,0.05598204848134455,40000,1212,160000.0,2147,0.020627062706270627,0.020027945971122497,0.01,0.12458745874587458,0.11085235211923615,0.05,512.0,0.23432343234323433,0.20586865393572426,0.1
kernel_density,0,20,0.5,211,new,merged,arizona,Gold,0.10799558312510465,42295,1172,169094.746282076,2217,0.041808873720136516,0.03473161930536761,0.010006224540988897,0.26621160409556316,0.33468651330626975,0.05000746732777903,512.0,0.46501706484641636,0.5412719891745602,0.10001149517547349
kernel_density,0,20,0.5,211,new,merged,arizona,Copper,0.10440036206011997,42295,1310,169094.746282076,2527,0.0366412213740458,0.03640680648990898,0.010006224540988897,0.2435114503816794,0.2809655718242976,0.05000746732777903,808.0,0.4213740458015267,0.4416303917688959,0.1000210271601973
kernel_density,0,20,0.5,211,new,merged,colorado,Gold,0.26927694089614046,42500,1375,170000.0,5258,0.1709090909090909,0.27615062761506276,0.01,0.38036363636363635,0.4473183720045645,0.05,232.0,0.5316363636363637,0.5568657284138455,0.1
kernel_density,0,20,0.5,211,new,merged,colorado,Copper,0.1771983876617156,42500,839,170000.0,2064,0.1835518474374255,0.28391472868217055,0.01,0.4064362336114422,0.5310077519379846,0.05,856.0,0.5756853396901073,0.6511627906976745,0.1
kernel_density,0,20,0.5,307,new,merged,nevada,Gold,0.10253700707182754,40000,2348,160000.0,4804,0.02001703577512777,0.013114071606994172,0.01,0.1201022146507666,0.17880932556203163,0.05,424.0,0.2227427597955707,0.2843463780183181,0.1
kernel_density,0,20,0.5,307,new,merged,nevada,Copper,0.055799881985300774,40000,1212,160000.0,2147,0.022277227722772276,0.022356776897997206,0.01,0.1311881188118812,0.14438751746623196,0.05,620.0,0.2433993399339934,0.23707498835584537,0.1
kernel_density,0,20,0.5,307,new,merged,arizona,Gold,0.11838143004091835,42295,1172,169094.746282076,2217,0.04436860068259386,0.04781235904375282,0.010006224540988897,0.3242320819112628,0.3969327920613442,0.05000604785652534,260.0,0.5085324232081911,0.5791610284167794,0.10000730386312405
kernel_density,0,20,0.5,307,new,merged,arizona,Copper,0.11329962081446958,42295,1310,169094.746282076,2527,0.035114503816793895,0.043134151167392165,0.010006224540988897,0.2679389312977099,0.31776810447170556,0.05000746732777903,292.0,0.44732824427480916,0.5278986941036803,0.10001034155295396
kernel_density,0,20,0.5,307,new,merged,colorado,Gold,0.30915701586164707,42500,1375,170000.0,5258,0.17163636363636364,0.2622670216812476,0.01,0.49454545454545457,0.6487257512362115,0.05,52.0,0.618909090909091,0.7945987067325979,0.1
kernel_density,0,20,0.5,307,new,merged,colorado,Copper,0.16956735232301323,42500,839,170000.0,2064,0.1632896305125149,0.21172480620155038,0.01,0.45530393325387364,0.5775193798449613,0.05,216.0,0.6376638855780691,0.7456395348837209,0.1
kernel_density,0,20,1.0,0,new,merged,nevada,Gold,0.15121714226129096,40000,2348,160000.0,4804,0.042163543441226574,0.06015820149875104,0.01,0.1839863713798978,0.26519567027477103,0.05,56.0,0.3147359454855196,0.39904246461282267,0.1
kernel_density,0,20,1.0,0,new,merged,nevada,Copper,0.08066465654131479,40000,1212,160000.0,2147,0.04455445544554455,0.061015370284117375,0.01,0.19389438943894388,0.22263623660922216,0.05,348.0,0.32755775577557755,0.3665579878900792,0.1
kernel_density,0,20,1.0,0,new,merged,arizona,Gold,0.209933499424201,42295,1172,169094.746282076,2217,0.11604095563139932,0.16824537663509248,0.010006224540988897,0.39334470989761094,0.48308525033829497,0.050013559832418265,140.0,0.6049488054607508,0.6955345060893099,0.10001134923261469
kernel_density,0,20,1.0,0,new,merged,arizona,Copper,0.2017057815036491,42295,1310,169094.746282076,2527,0.09770992366412214,0.13969133359715077,0.010006224540988897,0.35038167938931297,0.4368816778789078,0.05000604785652534,168.0,0.5351145038167939,0.6110011871784725,0.1000226820275959
kernel_density,0,20,1.0,0,new,merged,colorado,Gold,0.38119198250122777,42500,1375,170000.0,5258,0.19854545454545455,0.37314568276911375,0.01,0.5381818181818182,0.698744769874477,0.05,88.0,0.6836363636363636,0.7772917459109928,0.1
kernel_density,0,20,1.0,0,new,merged,colorado,Copper,0.22784179896264428,42500,839,170000.0,2064,0.20500595947556616,0.33042635658914726,0.01,0.5160905840286055,0.6957364341085271,0.05,488.0,0.6865315852205006,0.8052325581395349,0.1
mineral_only_zero_geo,17,10,0.0,0,new,merged,nevada,Gold,0.061497386120996575,40000,2348,160000.0,4804,0.012350936967632026,0.008534554537885096,0.01,0.05238500851788756,0.04412989175686927,0.05,4024.0,0.10732538330494037,0.1015820149875104,0.1
mineral_only_zero_geo,17,10,0.0,0,new,merged,nevada,Copper,0.032360416597980474,40000,1212,160000.0,2147,0.010726072607260726,0.008849557522123894,0.01,0.04455445544554455,0.03912435957149511,0.05,5028.0,0.10973597359735973,0.11271541686073591,0.1
mineral_only_zero_geo,17,10,0.0,0,new,merged,arizona,Gold,0.030713980319724554,42295,1172,169094.746282076,2217,0.015358361774744027,0.02886783942264321,0.010006224540988897,0.05631399317406143,0.06269733874605322,0.05000746732777903,6444.0,0.12286689419795221,0.15065403698691926,0.10001395984294516
mineral_only_zero_geo,17,10,0.0,0,new,merged,arizona,Copper,0.033641299406800426,42295,1310,169094.746282076,2527,0.012977099236641221,0.015433320142461416,0.010006224540988897,0.04885496183206107,0.03719825880490701,0.05000746732777903,6204.0,0.11450381679389313,0.10407597942223981,0.10001493465555807
mineral_only_zero_geo,17,10,0.0,0,new,merged,colorado,Gold,0.03748721620097153,42500,1375,170000.0,5258,0.02109090909090909,0.02491441612780525,0.01,0.05963636363636363,0.06865728413845569,0.05,6532.0,0.12363636363636364,0.16717383035374667,0.1
mineral_only_zero_geo,17,10,0.0,0,new,merged,colorado,Copper,0.022359378458701076,42500,839,170000.0,2064,0.02264600715137068,0.04312015503875969,0.01,0.06197854588796186,0.10271317829457365,0.05,7356.0,0.13110846245530394,0.1812015503875969,0.1
mineral_only_zero_geo,17,10,0.25,101,new,merged,nevada,Gold,0.1313723485149563,40000,2348,160000.0,4804,0.048977853492333905,0.07243963363863447,0.01,0.1686541737649063,0.2062864279766861,0.05,1300.0,0.25766609880749575,0.27872606161532054,0.1
mineral_only_zero_geo,17,10,0.25,101,new,merged,nevada,Copper,0.07848886987318983,40000,1212,160000.0,2147,0.06518151815181518,0.08756404285048905,0.01,0.1848184818481848,0.20214252445272474,0.05,3028.0,0.26897689768976896,0.27619934792734047,0.1
mineral_only_zero_geo,17,10,0.25,101,new,merged,arizona,Gold,0.12209490009329345,42295,1172,169094.746282076,2217,0.09129692832764505,0.10509697789806044,0.010006224540988897,0.2713310580204778,0.2954442940911141,0.050003684646978824,2170.0472323298454,0.39761092150170646,0.40956247180875055,0.10001215589392576
mineral_only_zero_geo,17,10,0.25,101,new,merged,arizona,Copper,0.12596029011704313,42295,1310,169094.746282076,2527,0.07633587786259542,0.08982983775227543,0.010006224540988897,0.24885496183206107,0.2821527502967946,0.05002148573366021,1706.0472323298454,0.38702290076335877,0.41234665611396915,0.1000119021866804
mineral_only_zero_geo,17,10,0.25,101,new,merged,colorado,Gold,0.21481910073288757,42500,1375,170000.0,5258,0.1330909090909091,0.22670216812476227,0.01,0.3389090909090909,0.4480791175351845,0.05,1376.0,0.46763636363636363,0.5500190186382655,0.1
mineral_only_zero_geo,17,10,0.25,101,new,merged,colorado,Copper,0.1050576885517606,42500,839,170000.0,2064,0.11918951132300358,0.21656976744186046,0.01,0.26817640047675806,0.34593023255813954,0.05,2568.0,0.40762812872467225,0.4685077519379845,0.1
mineral_only_zero_geo,17,10,0.25,211,new,merged,nevada,Gold,0.12264421492641413,40000,2348,160000.0,4804,0.04812606473594549,0.06931723563696919,0.01,0.15459965928449745,0.17735220649458786,0.05,1356.0,0.25340715502555367,0.27206494587843466,0.1
mineral_only_zero_geo,17,10,0.25,211,new,merged,nevada,Copper,0.07072508198059939,40000,1212,160000.0,2147,0.05858085808580858,0.08523521192361434,0.01,0.1773927392739274,0.20121099208197485,0.05,2832.0,0.25825082508250824,0.28365160689333957,0.1
mineral_only_zero_geo,17,10,0.25,211,new,merged,arizona,Gold,0.1206627729417611,42295,1172,169094.746282076,2217,0.09215017064846416,0.10058637798827244,0.010006224540988897,0.25,0.2503382949932341,0.05000746732777903,2524.0,0.37627986348122866,0.37573297248534054,0.10001493465555807
mineral_only_zero_geo,17,10,0.25,211,new,merged,arizona,Copper,0.11078176945635312,42295,1310,169094.746282076,2527,0.0717557251908397,0.07677087455480808,0.010006224540988897,0.216793893129771,0.22872971903442818,0.05000746732777903,2160.0,0.3427480916030534,0.3589236248516027,0.10001493465555807
mineral_only_zero_geo,17,10,0.25,211,new,merged,colorado,Gold,0.27664952316436503,42500,1375,170000.0,5258,0.16145454545454546,0.27824267782426776,0.01,0.3810909090909091,0.4874476987447699,0.05,1172.0,0.5498181818181819,0.6135412704450361,0.1
mineral_only_zero_geo,17,10,0.25,211,new,merged,colorado,Copper,0.1380820757245033,42500,839,170000.0,2064,0.14541120381406436,0.2703488372093023,0.01,0.3301549463647199,0.4486434108527132,0.05,2700.0,0.4827175208581645,0.5736434108527132,0.1
mineral_only_zero_geo,17,10,0.25,307,new,merged,nevada,Gold,0.13004720448385493,40000,2348,160000.0,4804,0.05238500851788756,0.06619483763530391,0.01,0.17120954003407154,0.17756036636136552,0.05,1132.0,0.25340715502555367,0.24875104079933388,0.1
mineral_only_zero_geo,17,10,0.25,307,new,merged,nevada,Copper,0.08093589269879682,40000,1212,160000.0,2147,0.07343234323432343,0.09129017233348859,0.01,0.18811881188118812,0.2063344201210992,0.05,2972.0,0.28217821782178215,0.29902189101071264,0.1
mineral_only_zero_geo,17,10,0.25,307,new,merged,arizona,Gold,0.14028212305190454,42295,1172,169094.746282076,2217,0.09556313993174062,0.13306269733874607,0.010006224540988897,0.2764505119453925,0.3062697338746053,0.05000746732777903,2508.0,0.43600682593856654,0.4812810103743798,0.10001493465555807
mineral_only_zero_geo,17,10,0.25,307,new,merged,arizona,Copper,0.12300093914870867,42295,1310,169094.746282076,2527,0.07480916030534351,0.09655718242975861,0.010006224540988897,0.23053435114503817,0.25682627621685794,0.05000746732777903,2240.0,0.3709923664122137,0.3878116343490305,0.10001493465555807
mineral_only_zero_geo,17,10,0.25,307,new,merged,colorado,Gold,0.17459076783093047,42500,1375,170000.0,5258,0.112,0.1683149486496767,0.01,0.30254545454545456,0.4212628375808292,0.05,1816.0,0.4036363636363636,0.47641688855077974,0.1
mineral_only_zero_geo,17,10,0.25,307,new,merged,colorado,Copper,0.07862652598024049,42500,839,170000.0,2064,0.09177592371871275,0.13226744186046513,0.01,0.21215733015494637,0.27228682170542634,0.05,3444.0,0.3218116805721097,0.36191860465116277,0.1
mineral_only_zero_geo,17,10,0.5,101,new,merged,nevada,Gold,0.1837026845917172,40000,2348,160000.0,4804,0.06431005110732538,0.10803497085761865,0.01,0.22402044293015333,0.32014987510407994,0.05,960.0,0.33432708688245316,0.425270607826811,0.1
mineral_only_zero_geo,17,10,0.5,101,new,merged,nevada,Copper,0.10866009378342328,40000,1212,160000.0,2147,0.08498349834983498,0.12296227293898462,0.01,0.2301980198019802,0.27713088029809035,0.05,2484.0,0.33828382838283827,0.38285980437820216,0.1
mineral_only_zero_geo,17,10,0.5,101,new,merged,arizona,Gold,0.18608575335325567,42295,1172,169094.746282076,2217,0.12030716723549488,0.17501127649977447,0.010006224540988897,0.37372013651877134,0.4465493910690122,0.05000746732777903,1612.0,0.5358361774744027,0.5972034280559314,0.10000950182018517
mineral_only_zero_geo,17,10,0.5,101,new,merged,arizona,Copper,0.18183649725897633,42295,1310,169094.746282076,2527,0.10458015267175573,0.1369212504946577,0.010006224540988897,0.3427480916030534,0.3652552433715869,0.050015989768442716,1264.1279637217522,0.5030534351145038,0.5326474079936684,0.10000529768427378
mineral_only_zero_geo,17,10,0.5,101,new,merged,colorado,Gold,0.2902198804532173,42500,1375,170000.0,5258,0.16072727272727272,0.3109547356409281,0.01,0.44072727272727275,0.5517306960821605,0.05,952.0,0.6,0.7263217953594523,0.1
mineral_only_zero_geo,17,10,0.5,101,new,merged,colorado,Copper,0.15378119598568848,42500,839,170000.0,2064,0.1501787842669845,0.25290697674418605,0.01,0.40762812872467225,0.49079457364341084,0.05,2124.0,0.5423122765196663,0.6080426356589147,0.1
mineral_only_zero_geo,17,10,0.5,211,new,merged,nevada,Gold,0.17738569637935364,40000,2348,160000.0,4804,0.06856899488926746,0.13093255620316402,0.01,0.20485519591141396,0.31577851790174855,0.05,844.0,0.325809199318569,0.44275603663613655,0.1
mineral_only_zero_geo,17,10,0.5,211,new,merged,nevada,Copper,0.1075329674213282,40000,1212,160000.0,2147,0.08993399339933994,0.12063344201210992,0.01,0.2400990099009901,0.296227293898463,0.05,2000.0,0.36056105610561057,0.40847694457382394,0.1
mineral_only_zero_geo,17,10,0.5,211,new,merged,arizona,Gold,0.2032627510859304,42295,1172,169094.746282076,2217,0.13225255972696245,0.19576003608479928,0.010006224540988897,0.3728668941979522,0.45015787099684257,0.05000746732777903,1796.0,0.5554607508532423,0.6247180875056383,0.10000852700757226
mineral_only_zero_geo,17,10,0.5,211,new,merged,arizona,Copper,0.19011320053990674,42295,1310,169094.746282076,2527,0.11450381679389313,0.14681440443213298,0.010006224540988897,0.33587786259541985,0.3767313019390582,0.050015989768442716,1508.1279637217522,0.5,0.5504550850811238,0.1000036139997166
mineral_only_zero_geo,17,10,0.5,211,new,merged,colorado,Gold,0.3337519889047433,42500,1375,170000.0,5258,0.1789090909090909,0.34461772537086344,0.01,0.46254545454545454,0.5891974134651959,0.05,912.0,0.6123636363636363,0.6922784328642069,0.1
mineral_only_zero_geo,17,10,0.5,211,new,merged,colorado,Copper,0.1757255287383016,42500,839,170000.0,2064,0.16567342073897498,0.29893410852713176,0.01,0.42193087008343266,0.5489341085271318,0.05,2184.0,0.5685339690107271,0.687984496124031,0.1
mineral_only_zero_geo,17,10,0.5,307,new,merged,nevada,Gold,0.16914799407908465,40000,2348,160000.0,4804,0.06132879045996593,0.08825978351373855,0.01,0.21294718909710392,0.23646960865945046,0.05,940.0,0.3126064735945486,0.332014987510408,0.1
mineral_only_zero_geo,17,10,0.5,307,new,merged,nevada,Copper,0.10096171929026021,40000,1212,160000.0,2147,0.07920792079207921,0.10992081974848626,0.01,0.23102310231023102,0.2585002328830927,0.05,2604.0,0.3325082508250825,0.3656264555193293,0.1
mineral_only_zero_geo,17,10,0.5,307,new,merged,arizona,Gold,0.1979848412548472,42295,1172,169094.746282076,2217,0.12542662116040956,0.17501127649977447,0.010006224540988897,0.3779863481228669,0.45241317095173655,0.05000746732777903,1552.0,0.5571672354948806,0.6035182679296346,0.10001115197475786
mineral_only_zero_geo,17,10,0.5,307,new,merged,arizona,Copper,0.18919178010024862,42295,1310,169094.746282076,2527,0.11603053435114503,0.14879303521962803,0.010006224540988897,0.3267175572519084,0.3450732093391373,0.050015989768442716,1292.1279637217522,0.5122137404580153,0.5338345864661654,0.10001115197475786
mineral_only_zero_geo,17,10,0.5,307,new,merged,colorado,Gold,0.34253252468142775,42500,1375,170000.0,5258,0.17745454545454545,0.2818562190947128,0.01,0.4850909090909091,0.6409281095473565,0.05,836.0,0.6603636363636364,0.8465195891974134,0.1
mineral_only_zero_geo,17,10,0.5,307,new,merged,colorado,Copper,0.20644376481729734,42500,839,170000.0,2064,0.1764004767580453,0.2238372093023256,0.01,0.5017878426698451,0.6787790697674418,0.05,2116.0,0.6519666269368296,0.7771317829457365,0.1
mineral_only_zero_geo,17,10,1.0,0,inherited,merged,nevada,Gold,0.2390149894036302,40000,2348,160000.0,4804,0.07453151618398637,0.13821815154038303,0.01,0.25894378194207834,0.3572023313905079,0.05,552.0,0.4182282793867121,0.5358034970857619,0.1
mineral_only_zero_geo,17,10,1.0,0,inherited,merged,nevada,Copper,0.13991492709183967,40000,1212,160000.0,2147,0.08168316831683169,0.13274336283185842,0.01,0.2995049504950495,0.35398230088495575,0.05,1980.0,0.4372937293729373,0.4974382859804378,0.1
mineral_only_zero_geo,17,10,1.0,0,inherited,merged,arizona,Gold,0.26195728477922,42295,1172,169094.746282076,2217,0.1612627986348123,0.2431213351375733,0.010006224540988897,0.454778156996587,0.5471357690572847,0.05000746732777903,1284.0,0.6407849829351536,0.7176364456472711,0.10001493465555807
mineral_only_zero_geo,17,10,1.0,0,inherited,merged,arizona,Copper,0.2519444054873227,42295,1310,169094.746282076,2527,0.1435114503816794,0.1994459833795014,0.010006224540988897,0.4114503816793893,0.4895132568262762,0.05000746732777903,980.0,0.6083969465648855,0.6822318955282944,0.10002345709622175
mineral_only_zero_geo,17,10,1.0,0,inherited,merged,colorado,Gold,0.4369911714664277,42500,1375,170000.0,5258,0.20436363636363636,0.3900722708254089,0.01,0.5767272727272728,0.7398250285279574,0.05,596.0,0.7272727272727273,0.8280715100798782,0.1
mineral_only_zero_geo,17,10,1.0,0,inherited,merged,colorado,Copper,0.26337639970425336,42500,839,170000.0,2064,0.2097735399284863,0.32703488372093026,0.01,0.5685339690107271,0.750968992248062,0.05,1560.0,0.7234803337306317,0.8507751937984496,0.1
mineral_only_zero_geo,17,20,0.0,0,new,merged,nevada,Gold,0.061497386120996575,40000,2348,160000.0,4804,0.012350936967632026,0.008534554537885096,0.01,0.05238500851788756,0.04412989175686927,0.05,1280.0,0.10732538330494037,0.1015820149875104,0.1
mineral_only_zero_geo,17,20,0.0,0,new,merged,nevada,Copper,0.032360416597980474,40000,1212,160000.0,2147,0.010726072607260726,0.008849557522123894,0.01,0.04455445544554455,0.03912435957149511,0.05,2372.0,0.10973597359735973,0.11271541686073591,0.1
mineral_only_zero_geo,17,20,0.0,0,new,merged,arizona,Gold,0.030713980319724554,42295,1172,169094.746282076,2217,0.015358361774744027,0.02886783942264321,0.010006224540988897,0.05631399317406143,0.06269733874605322,0.05000746732777903,4752.0,0.12286689419795221,0.15065403698691926,0.10001395984294516
mineral_only_zero_geo,17,20,0.0,0,new,merged,arizona,Copper,0.033641299406800426,42295,1310,169094.746282076,2527,0.012977099236641221,0.015433320142461416,0.010006224540988897,0.04885496183206107,0.03719825880490701,0.05000746732777903,4724.0,0.11450381679389313,0.10407597942223981,0.10001493465555807
mineral_only_zero_geo,17,20,0.0,0,new,merged,colorado,Gold,0.03748721620097153,42500,1375,170000.0,5258,0.02109090909090909,0.02491441612780525,0.01,0.05963636363636363,0.06865728413845569,0.05,4716.0,0.12363636363636364,0.16717383035374667,0.1
mineral_only_zero_geo,17,20,0.0,0,new,merged,colorado,Copper,0.022359378458701076,42500,839,170000.0,2064,0.02264600715137068,0.04312015503875969,0.01,0.06197854588796186,0.10271317829457365,0.05,5824.0,0.13110846245530394,0.1812015503875969,0.1
mineral_only_zero_geo,17,20,0.25,101,new,merged,nevada,Gold,0.09594675058005916,40000,2348,160000.0,4804,0.038756388415672915,0.053080766028309745,0.01,0.11456558773424191,0.12031640299750208,0.05,436.0,0.18356047700170358,0.1935886761032473,0.1
mineral_only_zero_geo,17,20,0.25,101,new,merged,nevada,Copper,0.04886053137323397,40000,1212,160000.0,2147,0.0429042904290429,0.04657661853749418,0.01,0.11138613861386139,0.10107126222636237,0.05,2016.0,0.18729372937293728,0.16441546343735444,0.1
mineral_only_zero_geo,17,20,0.25,101,new,merged,arizona,Gold,0.0987625874927934,42295,1172,169094.746282076,2217,0.06825938566552901,0.06089309878213803,0.010006224540988897,0.23208191126279865,0.2322958953540821,0.05000746732777903,412.0,0.3660409556313993,0.4118177717636446,0.10001395984294516
mineral_only_zero_geo,17,20,0.25,101,new,merged,arizona,Copper,0.10339662595285354,42295,1310,169094.746282076,2527,0.07404580152671755,0.08508112386228729,0.010006224540988897,0.2099236641221374,0.21250494657696875,0.05000746732777903,476.0,0.3282442748091603,0.34784329244163037,0.10001395984294516
mineral_only_zero_geo,17,20,0.25,101,new,merged,colorado,Gold,0.18301614887817153,42500,1375,170000.0,5258,0.12654545454545454,0.13503233168505135,0.01,0.2989090909090909,0.3158995815899582,0.05,612.0,0.4029090909090909,0.46576645112209963,0.1
mineral_only_zero_geo,17,20,0.25,101,new,merged,colorado,Copper,0.11861862881916857,42500,839,170000.0,2064,0.11799761620977355,0.14486434108527133,0.01,0.3301549463647199,0.3798449612403101,0.05,1140.0,0.4541120381406436,0.5557170542635659,0.1
mineral_only_zero_geo,17,20,0.25,211,new,merged,nevada,Gold,0.11593674577962496,40000,2348,160000.0,4804,0.04770017035775128,0.06286427976686094,0.01,0.14735945485519591,0.16736053288925895,0.05,396.0,0.22402044293015333,0.23605328892589508,0.1
mineral_only_zero_geo,17,20,0.25,211,new,merged,nevada,Copper,0.06607002548197469,40000,1212,160000.0,2147,0.04867986798679868,0.05216581276199348,0.01,0.14356435643564355,0.13646949231485794,0.05,1060.0,0.21204620462046206,0.19934792734047507,0.1
mineral_only_zero_geo,17,20,0.25,211,new,merged,arizona,Gold,0.08455736189625142,42295,1172,169094.746282076,2217,0.06996587030716724,0.06540369869192603,0.010006224540988897,0.2167235494880546,0.2255299954894001,0.05000746732777903,740.0,0.3191126279863481,0.36671177266576455,0.10001659591505725
mineral_only_zero_geo,17,20,0.25,211,new,merged,arizona,Copper,0.08794981737777954,42295,1310,169094.746282076,2527,0.061068702290076333,0.061733280569845665,0.010006224540988897,0.19770992366412213,0.18994855559952512,0.05000746732777903,1048.0,0.30916030534351147,0.30668777206173325,0.10001395984294516
mineral_only_zero_geo,17,20,0.25,211,new,merged,colorado,Gold,0.1506615560018684,42500,1375,170000.0,5258,0.11636363636363636,0.11220996576645112,0.01,0.26181818181818184,0.23107645492582732,0.05,812.0,0.3563636363636364,0.4098516546215291,0.1
mineral_only_zero_geo,17,20,0.25,211,new,merged,colorado,Copper,0.08108203392422482,42500,839,170000.0,2064,0.09415971394517282,0.09544573643410853,0.01,0.25387365911799764,0.23982558139534885,0.05,1516.0,0.3528009535160906,0.3856589147286822,0.1
mineral_only_zero_geo,17,20,0.25,307,new,merged,nevada,Gold,0.09894049721143311,40000,2348,160000.0,4804,0.034497444633730834,0.0903413821815154,0.01,0.11626916524701873,0.17464612822647793,0.05,428.0,0.2065587734241908,0.25770191507077433,0.1
mineral_only_zero_geo,17,20,0.25,307,new,merged,nevada,Copper,0.0528344484696477,40000,1212,160000.0,2147,0.04537953795379538,0.08244061481136469,0.01,0.11798679867986799,0.15649743828598045,0.05,1112.0,0.19884488448844884,0.24126688402421984,0.1
mineral_only_zero_geo,17,20,0.25,307,new,merged,arizona,Gold,0.09124242421472581,42295,1172,169094.746282076,2217,0.07167235494880546,0.08525033829499323,0.0100139902241272,0.1885665529010239,0.19666215606675688,0.05000025374691635,718.4570149183273,0.26109215017064846,0.2620658547586829,0.10000207310005366
mineral_only_zero_geo,17,20,0.25,307,new,merged,arizona,Copper,0.08767841858065635,42295,1310,169094.746282076,2527,0.06717557251908397,0.08112386228729719,0.010014746981652587,0.16793893129770993,0.17174515235457063,0.05000468856614673,826.4570149183273,0.2366412213740458,0.2477245745943807,0.10000207310005366
mineral_only_zero_geo,17,20,0.25,307,new,merged,colorado,Gold,0.187222800039957,42500,1375,170000.0,5258,0.1149090909090909,0.11182959300114112,0.01,0.31927272727272726,0.36610878661087864,0.05,256.0,0.4138181818181818,0.41898060098896917,0.1
mineral_only_zero_geo,17,20,0.25,307,new,merged,colorado,Copper,0.11759417350679857,42500,839,170000.0,2064,0.12157330154946365,0.1385658914728682,0.01,0.3492252681764005,0.3846899224806202,0.05,1260.0,0.4266984505363528,0.4496124031007752,0.1
mineral_only_zero_geo,17,20,0.5,101,new,merged,nevada,Gold,0.1278781412058929,40000,2348,160000.0,4804,0.056643952299829645,0.08659450457951708,0.01,0.16098807495741055,0.1933805162364696,0.05,352.0,0.2393526405451448,0.26040799333888426,0.1
mineral_only_zero_geo,17,20,0.5,101,new,merged,nevada,Copper,0.06980452314751599,40000,1212,160000.0,2147,0.054455445544554455,0.0759198882161155,0.01,0.16254125412541254,0.16581276199347927,0.05,1116.0,0.24752475247524752,0.24825337680484397,0.1
mineral_only_zero_geo,17,20,0.5,101,new,merged,arizona,Gold,0.13916229150474474,42295,1172,169094.746282076,2217,0.0947098976109215,0.10193955796120883,0.010006224540988897,0.31399317406143346,0.3324312133513757,0.05000746732777903,292.0,0.4564846416382253,0.4812810103743798,0.10001493465555807
mineral_only_zero_geo,17,20,0.5,101,new,merged,arizona,Copper,0.1467026316657222,42295,1310,169094.746282076,2527,0.08854961832061069,0.12307083498219232,0.010006224540988897,0.30305343511450383,0.3620894341115948,0.05000746732777903,488.0,0.44122137404580153,0.4946576968737634,0.10001493465555807
mineral_only_zero_geo,17,20,0.5,101,new,merged,colorado,Gold,0.24390049733905694,42500,1375,170000.0,5258,0.13672727272727273,0.13541270445036135,0.01,0.38836363636363636,0.3499429440852035,0.05,336.0,0.5294545454545454,0.4897299353366299,0.1
mineral_only_zero_geo,17,20,0.5,101,new,merged,colorado,Copper,0.13013141064902362,42500,839,170000.0,2064,0.11203814064362336,0.12596899224806202,0.01,0.36471990464839094,0.36724806201550386,0.05,1084.0,0.4898688915375447,0.502422480620155,0.1
mineral_only_zero_geo,17,20,0.5,211,new,merged,nevada,Gold,0.14146814533284882,40000,2348,160000.0,4804,0.05366269165247019,0.08263946711074105,0.01,0.16695059625212946,0.246044962531224,0.05,284.0,0.2670357751277683,0.3259783513738551,0.1
mineral_only_zero_geo,17,20,0.5,211,new,merged,nevada,Copper,0.07162955153531765,40000,1212,160000.0,2147,0.054455445544554455,0.053563111318118306,0.01,0.16336633663366337,0.1592920353982301,0.05,968.0,0.2566006600660066,0.2440614811364695,0.1
mineral_only_zero_geo,17,20,0.5,211,new,merged,arizona,Gold,0.12381886460850185,42295,1172,169094.746282076,2217,0.08617747440273038,0.09607577807848444,0.010006224540988897,0.26791808873720135,0.2656743346865133,0.05000746732777903,340.0,0.4035836177474403,0.40730717185385656,0.10001493465555807
mineral_only_zero_geo,17,20,0.5,211,new,merged,arizona,Copper,0.11708546804075619,42295,1310,169094.746282076,2527,0.06870229007633588,0.07874950534230313,0.010006224540988897,0.23206106870229007,0.23189552829442026,0.05000746732777903,480.0,0.3717557251908397,0.35931935100910173,0.10001493465555807
mineral_only_zero_geo,17,20,0.5,211,new,merged,colorado,Gold,0.18371676555827418,42500,1375,170000.0,5258,0.11927272727272727,0.11525294788893116,0.01,0.32072727272727275,0.28813236972232786,0.05,352.0,0.4516363636363636,0.3900722708254089,0.1
mineral_only_zero_geo,17,20,0.5,211,new,merged,colorado,Copper,0.1112099230706543,42500,839,170000.0,2064,0.10965435041716329,0.12063953488372094,0.01,0.33373063170441003,0.3507751937984496,0.05,1148.0,0.49106078665077474,0.49660852713178294,0.1
mineral_only_zero_geo,17,20,0.5,307,new,merged,nevada,Gold,0.13447855991906776,40000,2348,160000.0,4804,0.049829642248722314,0.0805578684429642,0.01,0.15800681431005112,0.23230641132389676,0.05,356.0,0.2572402044293015,0.31848459616985847,0.1
mineral_only_zero_geo,17,20,0.5,307,new,merged,nevada,Copper,0.07066930447536642,40000,1212,160000.0,2147,0.054455445544554455,0.07265952491849091,0.01,0.16419141914191418,0.18723800652072659,0.05,1068.0,0.25165016501650167,0.26595249184909175,0.1
mineral_only_zero_geo,17,20,0.5,307,new,merged,arizona,Gold,0.1391400595080674,42295,1172,169094.746282076,2217,0.09385665529010238,0.12043301759133965,0.010006224540988897,0.2986348122866894,0.32295895354082094,0.050003684646978824,346.04723232984543,0.43430034129692835,0.4569237708615246,0.10000772107469538
mineral_only_zero_geo,17,20,0.5,307,new,merged,arizona,Copper,0.12728670534887415,42295,1310,169094.746282076,2527,0.07786259541984733,0.1036802532647408,0.0100139902241272,0.24427480916030533,0.26513652552433714,0.05002148573366021,394.04723232984543,0.3938931297709924,0.41590819153146025,0.1000119021866804
mineral_only_zero_geo,17,20,0.5,307,new,merged,colorado,Gold,0.2643108146707021,42500,1375,170000.0,5258,0.14181818181818182,0.15443134271586154,0.01,0.4138181818181818,0.5077976416888551,0.05,304.0,0.5796363636363636,0.6896158235070369,0.1
mineral_only_zero_geo,17,20,0.5,307,new,merged,colorado,Copper,0.17296895305860086,42500,839,170000.0,2064,0.1466030989272944,0.16085271317829458,0.01,0.42908224076281287,0.4568798449612403,0.05,812.0,0.5768772348033373,0.6361434108527132,0.1
mineral_only_zero_geo,17,20,1.0,0,inherited,merged,nevada,Gold,0.18281787307267075,40000,2348,160000.0,4804,0.06260647359454855,0.11781848459616986,0.01,0.20528109028960817,0.31286427976686093,0.05,188.0,0.32367972742759793,0.4321398834304746,0.1
mineral_only_zero_geo,17,20,1.0,0,inherited,merged,nevada,Copper,0.09730038825592299,40000,1212,160000.0,2147,0.06930693069306931,0.08430367955286447,0.01,0.2070957095709571,0.24266418258034467,0.05,644.0,0.33663366336633666,0.35398230088495575,0.1
mineral_only_zero_geo,17,20,1.0,0,inherited,merged,arizona,Gold,0.19360805006796195,42295,1172,169094.746282076,2217,0.11774744027303755,0.15290933694181327,0.010006224540988897,0.36689419795221845,0.4248985115020298,0.05000746732777903,196.0,0.5767918088737202,0.6346414073071719,0.10002270033869637
mineral_only_zero_geo,17,20,1.0,0,inherited,merged,arizona,Copper,0.18416580649368236,42295,1310,169094.746282076,2527,0.10076335877862595,0.1440443213296399,0.010006224540988897,0.3183206106870229,0.3644637910565888,0.050015233010917336,244.0,0.5213740458015267,0.5785516422635536,0.10001115197475786
mineral_only_zero_geo,17,20,1.0,0,inherited,merged,colorado,Gold,0.29686710517017845,42500,1375,170000.0,5258,0.144,0.16222898440471661,0.01,0.4712727272727273,0.47413465195891974,0.05,188.0,0.664,0.7651198174210726,0.1
mineral_only_zero_geo,17,20,1.0,0,inherited,merged,colorado,Copper,0.1751666902868302,42500,839,170000.0,2064,0.14779499404052443,0.15939922480620156,0.01,0.42193087008343266,0.44670542635658916,0.05,744.0,0.6400476758045291,0.6792635658914729,0.1
mineral_only_zero_geo,29,10,0.0,0,new,merged,nevada,Gold,0.06368261229533478,40000,2348,160000.0,4804,0.009795570698466781,0.005620316402997502,0.01,0.05834752981260647,0.04475437135720233,0.05,3944.0,0.1137137989778535,0.10574521232306411,0.1
mineral_only_zero_geo,29,10,0.0,0,new,merged,nevada,Copper,0.03265401122797333,40000,1212,160000.0,2147,0.007425742574257425,0.006054960409874243,0.01,0.05033003300330033,0.0423847228691197,0.05,4932.0,0.10643564356435643,0.10246856078248719,0.1
mineral_only_zero_geo,29,10,0.0,0,new,merged,arizona,Gold,0.03348475700951799,42295,1172,169094.746282076,2217,0.017064846416382253,0.021199819576003608,0.010006224540988897,0.05460750853242321,0.06811005863779883,0.05000746732777903,6136.0,0.12542662116040956,0.14614343707713126,0.10000521163782855
mineral_only_zero_geo,29,10,0.0,0,new,merged,arizona,Copper,0.03646561219874076,42295,1310,169094.746282076,2527,0.012977099236641221,0.0110803324099723,0.010006224540988897,0.0549618320610687,0.043134151167392165,0.05000746732777903,5928.0,0.11755725190839694,0.10842896715472893,0.10000660621553517
mineral_only_zero_geo,29,10,0.0,0,new,merged,colorado,Gold,0.03332414483151465,42500,1375,170000.0,5258,0.016,0.01901863826550019,0.01,0.05090909090909091,0.0498288322556105,0.05,6236.0,0.10690909090909091,0.11715481171548117,0.1
mineral_only_zero_geo,29,10,0.0,0,new,merged,colorado,Copper,0.018788819636526875,42500,839,170000.0,2064,0.011918951132300357,0.011627906976744186,0.01,0.04410011918951132,0.04263565891472868,0.05,6888.0,0.09535160905840286,0.07751937984496124,0.1
mineral_only_zero_geo,29,10,0.25,101,new,merged,nevada,Gold,0.1304649454402596,40000,2348,160000.0,4804,0.05323679727427598,0.08284762697751874,0.01,0.16652470187393525,0.1908825978351374,0.05,1412.0,0.25383304940374785,0.26623646960865943,0.1
mineral_only_zero_geo,29,10,0.25,101,new,merged,nevada,Copper,0.08307097511291757,40000,1212,160000.0,2147,0.07013201320132013,0.10153702841173731,0.01,0.18811881188118812,0.21378667908709828,0.05,2972.0,0.2755775577557756,0.2920353982300885,0.1
mineral_only_zero_geo,29,10,0.25,101,new,merged,arizona,Gold,0.11474741443958592,42295,1172,169094.746282076,2217,0.08276450511945392,0.09156517816869644,0.010006224540988897,0.26109215017064846,0.2715381145692377,0.05000465503616224,2502.4570149183273,0.3890784982935154,0.4009923319801534,0.1000136036983657
mineral_only_zero_geo,29,10,0.25,101,new,merged,arizona,Copper,0.1198210531273237,42295,1310,169094.746282076,2527,0.083206106870229,0.10091017016224772,0.010006224540988897,0.23969465648854962,0.27186387020182035,0.05000440132891687,1970.4570149183273,0.36946564885496186,0.3949347051840127,0.1000160643268754
mineral_only_zero_geo,29,10,0.25,101,new,merged,colorado,Gold,0.22166506269536143,42500,1375,170000.0,5258,0.1410909090909091,0.24305819703309242,0.01,0.3432727272727273,0.39577786230505896,0.05,1604.0,0.4647272727272727,0.5418410041841004,0.1
mineral_only_zero_geo,29,10,0.25,101,new,merged,colorado,Copper,0.11285021711096142,42500,839,170000.0,2064,0.1299165673420739,0.23885658914728683,0.01,0.2860548271752086,0.36143410852713176,0.05,2636.0,0.40762812872467225,0.47674418604651164,0.1
mineral_only_zero_geo,29,10,0.25,211,new,merged,nevada,Gold,0.11893460129389499,40000,2348,160000.0,4804,0.04770017035775128,0.06890091590341382,0.01,0.14310051107325383,0.16194837635303913,0.05,1548.0,0.23722316865417375,0.25624479600333055,0.1
mineral_only_zero_geo,29,10,0.25,211,new,merged,nevada,Copper,0.06897430975129862,40000,1212,160000.0,2147,0.0594059405940594,0.08616674429436423,0.01,0.1608910891089109,0.18863530507685142,0.05,3188.0,0.24174917491749176,0.2603632976245924,0.1
mineral_only_zero_geo,29,10,0.25,211,new,merged,arizona,Gold,0.11173489908619479,42295,1172,169094.746282076,2217,0.08873720136518772,0.09517365809652684,0.010006224540988897,0.2431740614334471,0.2489851150202977,0.05000746732777903,2620.0,0.35409556313993173,0.35363103292737935,0.10001493465555807
mineral_only_zero_geo,29,10,0.25,211,new,merged,arizona,Copper,0.10119246823334681,42295,1310,169094.746282076,2527,0.07404580152671755,0.07993668381480015,0.010006224540988897,0.216793893129771,0.24258013454689356,0.05000746732777903,2340.0,0.3282442748091603,0.3442817570241393,0.10001493465555807
mineral_only_zero_geo,29,10,0.25,211,new,merged,colorado,Gold,0.2622557944834605,42500,1375,170000.0,5258,0.16,0.2489539748953975,0.01,0.3650909090909091,0.4579688094332446,0.05,1376.0,0.5207272727272727,0.5709395207303157,0.1
mineral_only_zero_geo,29,10,0.25,211,new,merged,colorado,Copper,0.14271094035440152,42500,839,170000.0,2064,0.1501787842669845,0.26647286821705424,0.01,0.3301549463647199,0.4496124031007752,0.05,2844.0,0.4541120381406436,0.5392441860465116,0.1
mineral_only_zero_geo,29,10,0.25,307,new,merged,nevada,Gold,0.1248819367208375,40000,2348,160000.0,4804,0.049403747870528106,0.06286427976686094,0.01,0.16141396933560476,0.16756869275603664,0.05,1312.0,0.24105621805792163,0.23209825145711907,0.1
mineral_only_zero_geo,29,10,0.25,307,new,merged,nevada,Copper,0.08391405344009614,40000,1212,160000.0,2147,0.07590759075907591,0.09315323707498836,0.01,0.19554455445544555,0.21471821145784817,0.05,3100.0,0.26567656765676567,0.27666511411271544,0.1
mineral_only_zero_geo,29,10,0.25,307,new,merged,arizona,Gold,0.12805418408929106,42295,1172,169094.746282076,2217,0.08959044368600683,0.11772665764546685,0.010006224540988897,0.2687713310580205,0.3125845737483085,0.05000746732777903,2680.0,0.42235494880546076,0.4745151105096978,0.10001493465555807
mineral_only_zero_geo,29,10,0.25,307,new,merged,arizona,Copper,0.10591303832918807,42295,1310,169094.746282076,2527,0.07251908396946564,0.09022556390977443,0.010006224540988897,0.21908396946564884,0.24535021764938664,0.05000746732777903,2704.0,0.34885496183206105,0.36762960031658093,0.10002211454507727
mineral_only_zero_geo,29,10,0.25,307,new,merged,colorado,Gold,0.15234160540759625,42500,1375,170000.0,5258,0.104,0.14815519208824648,0.01,0.28363636363636363,0.401293267402054,0.05,1936.0,0.37963636363636366,0.46234309623430964,0.1
mineral_only_zero_geo,29,10,0.25,307,new,merged,colorado,Copper,0.06858399397855142,42500,839,170000.0,2064,0.10011918951132301,0.14777131782945738,0.01,0.20143027413587605,0.23934108527131784,0.05,3644.0,0.2872467222884386,0.33430232558139533,0.1
mineral_only_zero_geo,29,10,0.5,101,new,merged,nevada,Gold,0.17870544142828598,40000,2348,160000.0,4804,0.06345826235093696,0.09138218151540382,0.01,0.20911413969335604,0.2585345545378851,0.05,1056.0,0.3313458262350937,0.41444629475437134,0.1
mineral_only_zero_geo,29,10,0.5,101,new,merged,nevada,Copper,0.11014018621844755,40000,1212,160000.0,2147,0.08333333333333333,0.12901723334885887,0.01,0.23267326732673269,0.2911038658593386,0.05,2432.0,0.3325082508250825,0.38379133674895205,0.1
mineral_only_zero_geo,29,10,0.5,101,new,merged,arizona,Gold,0.18849697019530823,42295,1172,169094.746282076,2217,0.11433447098976109,0.15967523680649526,0.010006224540988897,0.3575085324232082,0.4339197113216058,0.05001358285634464,1748.0,0.537542662116041,0.5967523680649527,0.10000255857787316
mineral_only_zero_geo,29,10,0.5,101,new,merged,arizona,Copper,0.18401078283201933,42295,1310,169094.746282076,2527,0.10305343511450382,0.13771270280965572,0.010006224540988897,0.3297709923664122,0.3557578155916106,0.050003684646978824,1502.0472323298454,0.4961832061068702,0.5385833003561535,0.1000118686566959
mineral_only_zero_geo,29,10,0.5,101,new,merged,colorado,Gold,0.2912922083258002,42500,1375,170000.0,5258,0.15927272727272726,0.29935336629897297,0.01,0.43054545454545456,0.5483073411943705,0.05,1252.0,0.5992727272727273,0.7242297451502473,0.1
mineral_only_zero_geo,29,10,0.5,101,new,merged,colorado,Copper,0.16512462275192574,42500,839,170000.0,2064,0.1573301549463647,0.2558139534883721,0.01,0.4135876042908224,0.5092054263565892,0.05,2336.0,0.5613825983313468,0.6138565891472868,0.1
mineral_only_zero_geo,29,10,0.5,211,new,merged,nevada,Gold,0.1684613113015023,40000,2348,160000.0,4804,0.05919931856899489,0.08555370524562864,0.01,0.20485519591141396,0.29558701082431305,0.05,972.0,0.31601362862010224,0.4167360532889259,0.1
mineral_only_zero_geo,29,10,0.5,211,new,merged,nevada,Copper,0.10062936356020101,40000,1212,160000.0,2147,0.07343234323432343,0.09781089892873777,0.01,0.23184818481848185,0.26828132277596645,0.05,2256.0,0.3415841584158416,0.3903120633442012,0.1
mineral_only_zero_geo,29,10,0.5,211,new,merged,arizona,Gold,0.20022849992284494,42295,1172,169094.746282076,2217,0.13225255972696245,0.1930536761389265,0.010006224540988897,0.37372013651877134,0.4456472710870546,0.05000581717320634,1864.0,0.5469283276450512,0.6062246278755075,0.1000086665756026
mineral_only_zero_geo,29,10,0.5,211,new,merged,arizona,Copper,0.19234809450945797,42295,1310,169094.746282076,2527,0.1083969465648855,0.1555203798971112,0.010006224540988897,0.32748091603053436,0.3810842896715473,0.050003684646978824,1702.0472323298454,0.5053435114503817,0.554808072813613,0.10000768754471089
mineral_only_zero_geo,29,10,0.5,211,new,merged,colorado,Gold,0.3314526138377712,42500,1375,170000.0,5258,0.18472727272727274,0.3254089007227082,0.01,0.44145454545454543,0.5538227462913655,0.05,1112.0,0.6094545454545455,0.6586154431342716,0.1
mineral_only_zero_geo,29,10,0.5,211,new,merged,colorado,Copper,0.19710143094896573,42500,839,170000.0,2064,0.17520858164481526,0.3057170542635659,0.01,0.42908224076281287,0.560077519379845,0.05,2316.0,0.567342073897497,0.689922480620155,0.1
mineral_only_zero_geo,29,10,0.5,307,new,merged,nevada,Gold,0.16332555844230473,40000,2348,160000.0,4804,0.0600511073253833,0.08930058284762697,0.01,0.2022998296422487,0.2260616153205662,0.05,996.0,0.31218057921635434,0.32368859283930057,0.1
mineral_only_zero_geo,29,10,0.5,307,new,merged,nevada,Copper,0.10160422837346603,40000,1212,160000.0,2147,0.07425742574257425,0.10805775500698649,0.01,0.2376237623762376,0.2813227759664648,0.05,2512.0,0.35313531353135313,0.3833255705635771,0.1
mineral_only_zero_geo,29,10,0.5,307,new,merged,arizona,Gold,0.20013213301590305,42295,1172,169094.746282076,2217,0.11518771331058021,0.15741993685160127,0.010006224540988897,0.36945392491467577,0.4321154713576906,0.050015233010917336,1780.0,0.5588737201365188,0.5940460081190798,0.10001357536517945
mineral_only_zero_geo,29,10,0.5,307,new,merged,arizona,Copper,0.18407276804678377,42295,1310,169094.746282076,2527,0.1183206106870229,0.1559161060546102,0.010006224540988897,0.3251908396946565,0.3486347447566284,0.050006108037400424,1466.4570149183273,0.4870229007633588,0.5081123862287297,0.10000768754471089
mineral_only_zero_geo,29,10,0.5,307,new,merged,colorado,Gold,0.35193414703729237,42500,1375,170000.0,5258,0.18472727272727274,0.28508938759984787,0.01,0.48654545454545456,0.701977938379612,0.05,1000.0,0.648,0.8231266641308482,0.1
mineral_only_zero_geo,29,10,0.5,307,new,merged,colorado,Copper,0.22228457191434364,42500,839,170000.0,2064,0.1907032181168057,0.24563953488372092,0.01,0.4767580452920143,0.6414728682170543,0.05,2208.0,0.635280095351609,0.7616279069767442,0.1
mineral_only_zero_geo,29,10,1.0,0,inherited,merged,nevada,Gold,0.24153001141142197,40000,2348,160000.0,4804,0.07495741056218058,0.13009991673605328,0.01,0.26405451448040884,0.3528309741881765,0.05,652.0,0.4199318568994889,0.4954204829308909,0.1
mineral_only_zero_geo,29,10,1.0,0,inherited,merged,nevada,Copper,0.1427433836757801,40000,1212,160000.0,2147,0.0891089108910891,0.15137401024685607,0.01,0.29372937293729373,0.3581741965533302,0.05,1996.0,0.44884488448844884,0.5072193758733116,0.1
mineral_only_zero_geo,29,10,1.0,0,inherited,merged,arizona,Gold,0.27381676072173056,42295,1172,169094.746282076,2217,0.16382252559726962,0.2386107352277853,0.010006224540988897,0.44795221843003413,0.5354082092918359,0.05000746732777903,1360.0,0.64419795221843,0.7194406856111862,0.10002105018412367
mineral_only_zero_geo,29,10,1.0,0,inherited,merged,arizona,Copper,0.254502071101971,42295,1310,169094.746282076,2527,0.1450381679389313,0.20815195884447962,0.010006224540988897,0.4152671755725191,0.49584487534626037,0.05000746732777903,1072.0,0.5969465648854961,0.6699643846458251,0.10000580968204115
mineral_only_zero_geo,29,10,1.0,0,inherited,merged,colorado,Gold,0.465355279179398,42500,1375,170000.0,5258,0.21236363636363637,0.3798022061620388,0.01,0.5869090909090909,0.7455306200076075,0.05,648.0,0.7287272727272728,0.8879802206162039,0.1
mineral_only_zero_geo,29,10,1.0,0,inherited,merged,colorado,Copper,0.2969804060205377,42500,839,170000.0,2064,0.2300357568533969,0.3556201550387597,0.01,0.5816448152562574,0.751937984496124,0.05,1744.0,0.7246722288438617,0.8454457364341085,0.1
mineral_only_zero_geo,29,20,0.0,0,new,merged,nevada,Gold,0.06368261229533478,40000,2348,160000.0,4804,0.009795570698466781,0.005620316402997502,0.01,0.05834752981260647,0.04475437135720233,0.05,1308.0,0.1137137989778535,0.10574521232306411,0.1
mineral_only_zero_geo,29,20,0.0,0,new,merged,nevada,Copper,0.03265401122797333,40000,1212,160000.0,2147,0.007425742574257425,0.006054960409874243,0.01,0.05033003300330033,0.0423847228691197,0.05,2448.0,0.10643564356435643,0.10246856078248719,0.1
mineral_only_zero_geo,29,20,0.0,0,new,merged,arizona,Gold,0.03348475700951799,42295,1172,169094.746282076,2217,0.017064846416382253,0.021199819576003608,0.010006224540988897,0.05460750853242321,0.06811005863779883,0.05000746732777903,4456.0,0.12542662116040956,0.14614343707713126,0.10000521163782855
mineral_only_zero_geo,29,20,0.0,0,new,merged,arizona,Copper,0.03646561219874076,42295,1310,169094.746282076,2527,0.012977099236641221,0.0110803324099723,0.010006224540988897,0.0549618320610687,0.043134151167392165,0.05000746732777903,4496.0,0.11755725190839694,0.10842896715472893,0.10000660621553517
mineral_only_zero_geo,29,20,0.0,0,new,merged,colorado,Gold,0.03332414483151465,42500,1375,170000.0,5258,0.016,0.01901863826550019,0.01,0.05090909090909091,0.0498288322556105,0.05,4420.0,0.10690909090909091,0.11715481171548117,0.1
mineral_only_zero_geo,29,20,0.0,0,new,merged,colorado,Copper,0.018788819636526875,42500,839,170000.0,2064,0.011918951132300357,0.011627906976744186,0.01,0.04410011918951132,0.04263565891472868,0.05,5444.0,0.09535160905840286,0.07751937984496124,0.1
mineral_only_zero_geo,29,20,0.25,101,new,merged,nevada,Gold,0.09331856448676107,40000,2348,160000.0,4804,0.0379045996592845,0.04995836802664446,0.01,0.1141396933560477,0.11781848459616986,0.05,380.0,0.1797274275979557,0.17256452955870108,0.1
mineral_only_zero_geo,29,20,0.25,101,new,merged,nevada,Copper,0.0531394438075309,40000,1212,160000.0,2147,0.039603960396039604,0.043782021425244524,0.01,0.11056105610561057,0.09874243129948766,0.05,1816.0,0.18151815181518152,0.16208663251047975,0.1
mineral_only_zero_geo,29,20,0.25,101,new,merged,arizona,Gold,0.10397281983775106,42295,1172,169094.746282076,2217,0.07679180887372014,0.07171853856562922,0.010006224540988897,0.25170648464163825,0.29003157419936854,0.05001010339989113,376.0,0.34726962457337884,0.38024357239512857,0.10001618918485304
mineral_only_zero_geo,29,20,0.25,101,new,merged,arizona,Copper,0.09933115455428916,42295,1310,169094.746282076,2527,0.07709923664122137,0.09339137316976652,0.010006224540988897,0.216793893129771,0.2299168975069252,0.050009128587278226,428.0,0.3061068702290076,0.3078749505342303,0.10001618918485304
mineral_only_zero_geo,29,20,0.25,101,new,merged,colorado,Gold,0.19330910415474695,42500,1375,170000.0,5258,0.13236363636363635,0.13902624572080638,0.01,0.29309090909090907,0.3168505135032332,0.05,908.0,0.38181818181818183,0.41441612780524917,0.1
mineral_only_zero_geo,29,20,0.25,101,new,merged,colorado,Copper,0.12408256768600008,42500,839,170000.0,2064,0.13110846245530394,0.15310077519379844,0.01,0.3301549463647199,0.3856589147286822,0.05,1672.0,0.4231227651966627,0.5067829457364341,0.1
mineral_only_zero_geo,29,20,0.25,211,new,merged,nevada,Gold,0.11342637297312097,40000,2348,160000.0,4804,0.048551959114139696,0.056827643630308074,0.01,0.13458262350936967,0.15174854288093256,0.05,352.0,0.21592844974446337,0.2289758534554538,0.1
mineral_only_zero_geo,29,20,0.25,211,new,merged,nevada,Copper,0.06854015073749488,40000,1212,160000.0,2147,0.05693069306930693,0.06008383791336749,0.01,0.14026402640264027,0.12994876571960876,0.05,1092.0,0.21287128712871287,0.20121099208197485,0.1
mineral_only_zero_geo,29,20,0.25,211,new,merged,arizona,Gold,0.0874527058765294,42295,1172,169094.746282076,2217,0.07593856655290103,0.07983761840324763,0.010006224540988897,0.24146757679180889,0.2769508344609833,0.05000084947119072,708.0,0.3003412969283277,0.33964817320703655,0.10000245403902784
mineral_only_zero_geo,29,20,0.25,211,new,merged,arizona,Copper,0.08391700506979385,42295,1310,169094.746282076,2527,0.06564885496183206,0.06885635140482786,0.010006224540988897,0.2152671755725191,0.2148793035219628,0.050009128587278226,996.0,0.28015267175572517,0.2742382271468144,0.10001612794843064
mineral_only_zero_geo,29,20,0.25,211,new,merged,colorado,Gold,0.1424167444962642,42500,1375,170000.0,5258,0.10836363636363637,0.09794598706732598,0.01,0.24509090909090908,0.21224800304298214,0.05,1132.0,0.3381818181818182,0.3200836820083682,0.1
mineral_only_zero_geo,29,20,0.25,211,new,merged,colorado,Copper,0.0779787527276459,42500,839,170000.0,2064,0.09415971394517282,0.10755813953488372,0.01,0.23718712753277713,0.23013565891472867,0.05,2056.0,0.3146603098927294,0.3246124031007752,0.1
mineral_only_zero_geo,29,20,0.25,307,new,merged,nevada,Gold,0.09637409831605187,40000,2348,160000.0,4804,0.03577512776831346,0.05474604496253122,0.01,0.12393526405451448,0.17735220649458786,0.05,488.0,0.21039182282793867,0.25603663613655286,0.1
mineral_only_zero_geo,29,20,0.25,307,new,merged,nevada,Copper,0.0532308143477631,40000,1212,160000.0,2147,0.04702970297029703,0.06939916162086633,0.01,0.12871287128712872,0.15090824406148112,0.05,1088.0,0.19141914191419143,0.22030740568234747,0.1
mineral_only_zero_geo,29,20,0.25,307,new,merged,arizona,Gold,0.08521827517524547,42295,1172,169094.746282076,2217,0.07423208191126279,0.09201623815967523,0.0100139902241272,0.17747440273037543,0.18448353631032927,0.050009722066896314,651.308153450489,0.2738907849829352,0.2665764546684709,0.10002207145681012
mineral_only_zero_geo,29,20,0.25,307,new,merged,arizona,Copper,0.08243792066163746,42295,1310,169094.746282076,2527,0.06946564885496183,0.08508112386228729,0.010002441860188695,0.15572519083969466,0.16857934309457856,0.05000946835965094,811.308153450489,0.23740458015267177,0.2370399683419074,0.10000363223112621
mineral_only_zero_geo,29,20,0.25,307,new,merged,colorado,Gold,0.19476665656542347,42500,1375,170000.0,5258,0.12654545454545454,0.13179916317991633,0.01,0.32072727272727275,0.37523773297831875,0.05,408.0,0.41309090909090906,0.4225941422594142,0.1
mineral_only_zero_geo,29,20,0.25,307,new,merged,colorado,Copper,0.13263588193278736,42500,839,170000.0,2064,0.14183551847437426,0.16666666666666666,0.01,0.3432657926102503,0.37306201550387597,0.05,1008.0,0.43146603098927294,0.46027131782945735,0.1
mineral_only_zero_geo,29,20,0.5,101,new,merged,nevada,Gold,0.12462033477768968,40000,2348,160000.0,4804,0.05706984667802385,0.09304746044962531,0.01,0.15417376490630325,0.18567860116569526,0.05,268.0,0.23211243611584328,0.25499583680266447,0.1
mineral_only_zero_geo,29,20,0.5,101,new,merged,nevada,Copper,0.07958912166784378,40000,1212,160000.0,2147,0.06353135313531354,0.0903586399627387,0.01,0.1806930693069307,0.18723800652072659,0.05,1120.0,0.24504950495049505,0.24359571495109456,0.1
mineral_only_zero_geo,29,20,0.5,101,new,merged,arizona,Gold,0.15371613331813716,42295,1172,169094.746282076,2217,0.10238907849829351,0.11186287776274244,0.010006224540988897,0.3293515358361775,0.35272891294542175,0.05000746732777903,228.0,0.44368600682593856,0.4618854307622914,0.10001757072767016
mineral_only_zero_geo,29,20,0.5,101,new,merged,arizona,Copper,0.14626833133453157,42295,1310,169094.746282076,2527,0.09083969465648854,0.12702809655718242,0.010006224540988897,0.29923664122137406,0.3727740403640681,0.05000746732777903,568.0,0.4221374045801527,0.47685001978630787,0.10001659591505725
mineral_only_zero_geo,29,20,0.5,101,new,merged,colorado,Gold,0.26326430845586196,42500,1375,170000.0,5258,0.1461818181818182,0.15633320654241156,0.01,0.39490909090909093,0.3615443134271586,0.05,360.0,0.528,0.49410422213769495,0.1
mineral_only_zero_geo,29,20,0.5,101,new,merged,colorado,Copper,0.14868874792387476,42500,839,170000.0,2064,0.1263408820023838,0.14874031007751937,0.01,0.37544696066746125,0.3846899224806202,0.05,768.0,0.499404052443385,0.5203488372093024,0.1
mineral_only_zero_geo,29,20,0.5,211,new,merged,nevada,Gold,0.1401395016543048,40000,2348,160000.0,4804,0.056218057921635436,0.08243130724396336,0.01,0.17078364565587734,0.23001665278934222,0.05,236.0,0.2653321976149915,0.32098251457119065,0.1
mineral_only_zero_geo,29,20,0.5,211,new,merged,nevada,Copper,0.0766241064628013,40000,1212,160000.0,2147,0.066006600660066,0.0647414997671169,0.01,0.16666666666666666,0.15416860735910573,0.05,856.0,0.2566006600660066,0.23334885887284584,0.1
mineral_only_zero_geo,29,20,0.5,211,new,merged,arizona,Gold,0.1283310525640658,42295,1172,169094.746282076,2217,0.08959044368600683,0.09607577807848444,0.010006224540988897,0.2960750853242321,0.32972485340550295,0.05000746732777903,300.0,0.4274744027303754,0.469553450608931,0.10001493465555807
mineral_only_zero_geo,29,20,0.5,211,new,merged,arizona,Copper,0.11817422624143865,42295,1310,169094.746282076,2527,0.07251908396946564,0.09141274238227147,0.010006224540988897,0.24045801526717558,0.2445587653343886,0.05000746732777903,468.0,0.39236641221374047,0.38622872971903444,0.10001659591505725
mineral_only_zero_geo,29,20,0.5,211,new,merged,colorado,Gold,0.19020331157184417,42500,1375,170000.0,5258,0.12218181818181818,0.12552301255230125,0.01,0.3338181818181818,0.300684670977558,0.05,276.0,0.4349090909090909,0.36515785469760365,0.1
mineral_only_zero_geo,29,20,0.5,211,new,merged,colorado,Copper,0.12748242233266177,42500,839,170000.0,2064,0.12395709177592372,0.1506782945736434,0.01,0.36591179976162097,0.3871124031007752,0.05,1092.0,0.4755661501787843,0.49079457364341084,0.1
mineral_only_zero_geo,29,20,0.5,307,new,merged,nevada,Gold,0.13359971846989102,40000,2348,160000.0,4804,0.049829642248722314,0.08388842631140717,0.01,0.1686541737649063,0.23251457119067445,0.05,324.0,0.25979557069846676,0.31973355537052456,0.1
mineral_only_zero_geo,29,20,0.5,307,new,merged,nevada,Copper,0.07058422374490854,40000,1212,160000.0,2147,0.05363036303630363,0.06707033069399161,0.01,0.1707920792079208,0.17792268281322776,0.05,896.0,0.2615511551155115,0.2612948299953423,0.1
mineral_only_zero_geo,29,20,0.5,307,new,merged,arizona,Gold,0.13795390864132087,42295,1172,169094.746282076,2217,0.09215017064846416,0.11456923770861524,0.010006224540988897,0.3122866894197952,0.3491204330175913,0.050002927889453444,229.91926860809326,0.45307167235494883,0.5173658096526839,0.10001715586469086
mineral_only_zero_geo,29,20,0.5,307,new,merged,arizona,Copper,0.12279813127659392,42295,1310,169094.746282076,2527,0.083206106870229,0.10961614562722596,0.010006224540988897,0.24732824427480915,0.2667194301543332,0.05000022021693186,334.45701491832733,0.4,0.42461416699643845,0.10001276714444117
mineral_only_zero_geo,29,20,0.5,307,new,merged,colorado,Gold,0.2771155554641443,42500,1375,170000.0,5258,0.14981818181818182,0.17801445416508177,0.01,0.41745454545454547,0.498668695321415,0.05,232.0,0.5672727272727273,0.6896158235070369,0.1
mineral_only_zero_geo,29,20,0.5,307,new,merged,colorado,Copper,0.18393375943445528,42500,839,170000.0,2064,0.15971394517282478,0.1812015503875969,0.01,0.42550655542312277,0.4646317829457364,0.05,724.0,0.5578069129916567,0.6128875968992248,0.1
mineral_only_zero_geo,29,20,1.0,0,inherited,merged,nevada,Gold,0.1842293669446498,40000,2348,160000.0,4804,0.062180579216354344,0.12177352206494588,0.01,0.2061328790459966,0.2926727726894255,0.05,220.0,0.3270868824531516,0.4098667776852623,0.1
mineral_only_zero_geo,29,20,1.0,0,inherited,merged,nevada,Copper,0.1047545788700684,40000,1212,160000.0,2147,0.06683168316831684,0.08989287377736377,0.01,0.22772277227722773,0.25337680484396835,0.05,632.0,0.3523102310231023,0.36283185840707965,0.1
mineral_only_zero_geo,29,20,1.0,0,inherited,merged,arizona,Gold,0.20830385515901256,42295,1172,169094.746282076,2217,0.12116040955631399,0.14884979702300405,0.010006224540988897,0.3856655290102389,0.44835363103292736,0.05000746732777903,184.0,0.5930034129692833,0.6468200270635994,0.10001357536517945
mineral_only_zero_geo,29,20,1.0,0,inherited,merged,arizona,Copper,0.1849881663193419,42295,1310,169094.746282076,2527,0.10763358778625955,0.1555203798971112,0.010006224540988897,0.3145038167938931,0.37831420656905423,0.050019574341005985,270.04723232984543,0.516030534351145,0.5813217253660466,0.10001357536517945
mineral_only_zero_geo,29,20,1.0,0,inherited,merged,colorado,Gold,0.3207943269512435,42500,1375,170000.0,5258,0.15781818181818183,0.17782426778242677,0.01,0.4698181818181818,0.47337390642829974,0.05,216.0,0.6698181818181819,0.7480030429821225,0.1
mineral_only_zero_geo,29,20,1.0,0,inherited,merged,colorado,Copper,0.1887020561133171,42500,839,170000.0,2064,0.15971394517282478,0.17781007751937986,0.01,0.4266984505363528,0.46027131782945735,0.05,588.0,0.6328963051251489,0.7160852713178295,0.1
mineral_only_zero_geo,43,10,0.0,0,new,merged,nevada,Gold,0.06468571426849942,40000,2348,160000.0,4804,0.013628620102214651,0.013322231473771857,0.01,0.06090289608177172,0.05328892589508743,0.05,4096.0,0.11243611584327087,0.09825145711906745,0.1
mineral_only_zero_geo,43,10,0.0,0,new,merged,nevada,Copper,0.03457670694834613,40000,1212,160000.0,2147,0.009900990099009901,0.007918025151374011,0.01,0.06930693069306931,0.06986492780624126,0.05,4948.0,0.12128712871287128,0.12203074056823475,0.1
mineral_only_zero_geo,43,10,0.0,0,new,merged,arizona,Gold,0.03175412722853908,42295,1172,169094.746282076,2217,0.00938566552901024,0.011276499774470004,0.01000553730134678,0.06911262798634812,0.08073973838520523,0.05000708726187666,6065.85464912653,0.13139931740614336,0.14659449706811006,0.10002224514826
mineral_only_zero_geo,43,10,0.0,0,new,merged,arizona,Copper,0.035977901060313865,42295,1310,169094.746282076,2527,0.012213740458015267,0.007123070834982192,0.010010710906245905,0.07099236641221374,0.061733280569845665,0.05001488723140448,5805.800015036017,0.13053435114503817,0.11634349030470914,0.10000154867147269
mineral_only_zero_geo,43,10,0.0,0,new,merged,colorado,Gold,0.03571441149645838,42500,1375,170000.0,5258,0.01309090909090909,0.012742487637885127,0.01,0.06836363636363636,0.0789273488018258,0.05,6452.0,0.13236363636363635,0.13389121338912133,0.1
mineral_only_zero_geo,43,10,0.0,0,new,merged,colorado,Copper,0.018660810519604703,42500,839,170000.0,2064,0.010727056019070322,0.005813953488372093,0.01,0.05125148986889154,0.031492248062015504,0.05,6984.0,0.08939213349225268,0.05765503875968992,0.1
mineral_only_zero_geo,43,10,0.25,101,new,merged,nevada,Gold,0.12305541756534434,40000,2348,160000.0,4804,0.04770017035775128,0.0805578684429642,0.01,0.15843270868824533,0.18172356369691922,0.05,1552.0,0.24787052810902896,0.2753955037468776,0.1
mineral_only_zero_geo,43,10,0.25,101,new,merged,nevada,Copper,0.07430188053375883,40000,1212,160000.0,2147,0.06353135313531354,0.09129017233348859,0.01,0.1905940594059406,0.20680018630647415,0.05,2948.0,0.2665016501650165,0.2822543083372147,0.1
mineral_only_zero_geo,43,10,0.25,101,new,merged,arizona,Gold,0.11349918308481122,42295,1172,169094.746282076,2217,0.08447098976109214,0.09923319801533605,0.010006224540988897,0.24914675767918087,0.2674785746504285,0.05002325240271098,2373.9192686080933,0.3779863481228669,0.39557961208840775,0.10002226566810105
mineral_only_zero_geo,43,10,0.25,101,new,merged,arizona,Copper,0.12162567330260418,42295,1310,169094.746282076,2527,0.07251908396946564,0.09378709932726553,0.010006224540988897,0.2381679389312977,0.28294420261179265,0.05000440132891687,1806.4570149183273,0.3603053435114504,0.3913731697665216,0.10002145775851183
mineral_only_zero_geo,43,10,0.25,101,new,merged,colorado,Gold,0.1908777576429441,42500,1375,170000.0,5258,0.128,0.22727272727272727,0.01,0.3054545454545455,0.4305819703309243,0.05,2068.0,0.41818181818181815,0.49714720426017495,0.1
mineral_only_zero_geo,43,10,0.25,101,new,merged,colorado,Copper,0.11345165662713473,42500,839,170000.0,2064,0.133492252681764,0.2446705426356589,0.01,0.2634088200238379,0.33575581395348836,0.05,2552.0,0.3575685339690107,0.42005813953488375,0.1
mineral_only_zero_geo,43,10,0.25,211,new,merged,nevada,Gold,0.12212985784886345,40000,2348,160000.0,4804,0.05110732538330494,0.07868442964196502,0.01,0.16098807495741055,0.19109075770191508,0.05,1480.0,0.24148211243611584,0.25915903413821817,0.1
mineral_only_zero_geo,43,10,0.25,211,new,merged,nevada,Copper,0.06993431359213217,40000,1212,160000.0,2147,0.06930693069306931,0.10433162552398696,0.01,0.17244224422442245,0.20027945971122496,0.05,2704.0,0.25577557755775576,0.29482999534233817,0.1
mineral_only_zero_geo,43,10,0.25,211,new,merged,arizona,Gold,0.11486012285915348,42295,1172,169094.746282076,2217,0.09300341296928327,0.10374379792512405,0.010006224540988897,0.22525597269624573,0.22958953540820928,0.05000746732777903,2904.0,0.34215017064846415,0.35047361299052776,0.10001190817957487
mineral_only_zero_geo,43,10,0.25,211,new,merged,arizona,Copper,0.11222463636046635,42295,1310,169094.746282076,2527,0.08396946564885496,0.09774436090225563,0.010006224540988897,0.216793893129771,0.2477245745943807,0.05000746732777903,2444.0,0.333587786259542,0.3601108033240997,0.10001190817957487
mineral_only_zero_geo,43,10,0.25,211,new,merged,colorado,Gold,0.2232925619935282,42500,1375,170000.0,5258,0.14181818181818182,0.23659186002282237,0.01,0.3432727272727273,0.41688855077976417,0.05,1812.0,0.47854545454545455,0.5249144161278052,0.1
mineral_only_zero_geo,43,10,0.25,211,new,merged,colorado,Copper,0.14191669447860203,42500,839,170000.0,2064,0.1573301549463647,0.25872093023255816,0.01,0.33253873659118,0.43410852713178294,0.05,2748.0,0.45530393325387364,0.5484496124031008,0.1
mineral_only_zero_geo,43,10,0.25,307,new,merged,nevada,Gold,0.1279153392967149,40000,2348,160000.0,4804,0.05025553662691652,0.06890091590341382,0.01,0.16226575809199317,0.17069109075770192,0.05,1300.0,0.24787052810902896,0.23813488759367193,0.1
mineral_only_zero_geo,43,10,0.25,307,new,merged,nevada,Copper,0.08926374107974785,40000,1212,160000.0,2147,0.08168316831683169,0.11271541686073591,0.01,0.19884488448844884,0.22775966464834654,0.05,2812.0,0.27145214521452143,0.2827200745225897,0.1
mineral_only_zero_geo,43,10,0.25,307,new,merged,arizona,Gold,0.11617430203984233,42295,1172,169094.746282076,2217,0.07849829351535836,0.10735227785295444,0.010006224540988897,0.25853242320819114,0.31303563373928733,0.05000746732777903,2916.0,0.3890784982935154,0.4456472710870546,0.10000721232554928
mineral_only_zero_geo,43,10,0.25,307,new,merged,arizona,Copper,0.11502173366575781,42295,1310,169094.746282076,2527,0.07786259541984733,0.09774436090225563,0.010006224540988897,0.2366412213740458,0.2738425009893154,0.05000746732777903,2612.0,0.3564885496183206,0.3882073605065295,0.10000721232554928
mineral_only_zero_geo,43,10,0.25,307,new,merged,colorado,Gold,0.14687090861936872,42500,1375,170000.0,5258,0.09818181818181818,0.20368961582350703,0.01,0.2596363636363636,0.38360593381513886,0.05,2480.0,0.35345454545454547,0.4456066945606695,0.1
mineral_only_zero_geo,43,10,0.25,307,new,merged,colorado,Copper,0.07129435924029354,42500,839,170000.0,2064,0.09177592371871275,0.125,0.01,0.21096543504171633,0.2621124031007752,0.05,3624.0,0.2860548271752086,0.32751937984496127,0.1
mineral_only_zero_geo,43,10,0.5,101,new,merged,nevada,Gold,0.1773342026310533,40000,2348,160000.0,4804,0.06643952299829642,0.11615320566194838,0.01,0.2167802385008518,0.302248126561199,0.05,1148.0,0.3317717206132879,0.42152373022481265,0.1
mineral_only_zero_geo,43,10,0.5,101,new,merged,nevada,Copper,0.10707570948167794,40000,1212,160000.0,2147,0.08085808580858085,0.1257568700512343,0.01,0.24422442244224424,0.3088029809035864,0.05,2232.0,0.33745874587458746,0.39403819282720076,0.1
mineral_only_zero_geo,43,10,0.5,101,new,merged,arizona,Gold,0.16980914148617499,42295,1172,169094.746282076,2217,0.10494880546075085,0.13982859720342805,0.010006224540988897,0.3447098976109215,0.4149751917004962,0.05000746732777903,1744.0,0.5187713310580204,0.5967523680649527,0.10000338629161955
mineral_only_zero_geo,43,10,0.5,101,new,merged,arizona,Copper,0.18632031823599784,42295,1310,169094.746282076,2527,0.10381679389312977,0.1373169766521567,0.010006224540988897,0.3351145038167939,0.37119113573407203,0.05000746732777903,1216.0,0.5022900763358779,0.5453106450336367,0.10001801018440984
mineral_only_zero_geo,43,10,0.5,101,new,merged,colorado,Gold,0.2777038338876164,42500,1375,170000.0,5258,0.16290909090909092,0.27805249144161276,0.01,0.4072727272727273,0.603081019399011,0.05,1292.0,0.5694545454545454,0.7160517306960822,0.1
mineral_only_zero_geo,43,10,0.5,101,new,merged,colorado,Copper,0.17007251918483154,42500,839,170000.0,2064,0.16686531585220502,0.27180232558139533,0.01,0.40762812872467225,0.4694767441860465,0.05,2088.0,0.5470798569725864,0.6041666666666666,0.1
mineral_only_zero_geo,43,10,0.5,211,new,merged,nevada,Gold,0.18268216159505682,40000,2348,160000.0,4804,0.06899488926746167,0.13030807660283097,0.01,0.20954003407155025,0.31598667776852624,0.05,1060.0,0.32751277683134583,0.44233971690258117,0.1
mineral_only_zero_geo,43,10,0.5,211,new,merged,nevada,Copper,0.10786350745120064,40000,1212,160000.0,2147,0.08003300330033003,0.10805775500698649,0.01,0.23514851485148514,0.2827200745225897,0.05,1960.0,0.3564356435643564,0.40847694457382394,0.1
mineral_only_zero_geo,43,10,0.5,211,new,merged,arizona,Gold,0.2040361297204284,42295,1172,169094.746282076,2217,0.13139931740614336,0.18448353631032927,0.010006224540988897,0.3515358361774744,0.43346865133062695,0.05000746732777903,2060.0,0.5392491467576792,0.613892647722147,0.10000167490062446
mineral_only_zero_geo,43,10,0.5,211,new,merged,arizona,Copper,0.19607915210663882,42295,1310,169094.746282076,2527,0.11450381679389313,0.15472892758211318,0.010006224540988897,0.34885496183206105,0.40957657301147604,0.05000746732777903,1436.0,0.5076335877862596,0.5674713098535813,0.10001801018440984
mineral_only_zero_geo,43,10,0.5,211,new,merged,colorado,Gold,0.28982670595196625,42500,1375,170000.0,5258,0.15781818181818183,0.2717763408139977,0.01,0.408,0.5230125523012552,0.05,1220.0,0.5956363636363636,0.6498668695321415,0.1
mineral_only_zero_geo,43,10,0.5,211,new,merged,colorado,Copper,0.18817325504159188,42500,839,170000.0,2064,0.17878426698450536,0.30377906976744184,0.01,0.41477949940405245,0.5343992248062015,0.05,2116.0,0.5768772348033373,0.689922480620155,0.1
mineral_only_zero_geo,43,10,0.5,307,new,merged,nevada,Gold,0.16755260997288307,40000,2348,160000.0,4804,0.06303236797274275,0.08930058284762697,0.01,0.2065587734241908,0.23792672772689424,0.05,1072.0,0.3126064735945486,0.34138218151540384,0.1
mineral_only_zero_geo,43,10,0.5,307,new,merged,nevada,Copper,0.11066939986154563,40000,1212,160000.0,2147,0.08663366336633663,0.12622263623660923,0.01,0.24752475247524752,0.28691197019096415,0.05,2332.0,0.3572607260726073,0.4014904517931998,0.1
mineral_only_zero_geo,43,10,0.5,307,new,merged,arizona,Gold,0.1890707422065374,42295,1172,169094.746282076,2217,0.11860068259385666,0.16147947677041047,0.010006224540988897,0.3609215017064846,0.4248985115020298,0.05000746732777903,1892.0,0.5452218430034129,0.6165990076680199,0.10000338629161955
mineral_only_zero_geo,43,10,0.5,307,new,merged,arizona,Copper,0.18912578863154345,42295,1310,169094.746282076,2527,0.1099236641221374,0.148397309062129,0.010006224540988897,0.32748091603053436,0.3589236248516027,0.05000746732777903,1408.0,0.49312977099236643,0.5310645033636724,0.10001801018440984
mineral_only_zero_geo,43,10,0.5,307,new,merged,colorado,Gold,0.31030281612195476,42500,1375,170000.0,5258,0.1658181818181818,0.24476987447698745,0.01,0.46254545454545454,0.693609737542792,0.05,1112.0,0.6218181818181818,0.8103841764929631,0.1
mineral_only_zero_geo,43,10,0.5,307,new,merged,colorado,Copper,0.22720381853308586,42500,839,170000.0,2064,0.19547079856972585,0.2688953488372093,0.01,0.4958283671036949,0.6560077519379846,0.05,2108.0,0.636471990464839,0.7645348837209303,0.1
mineral_only_zero_geo,43,10,1.0,0,inherited,merged,nevada,Gold,0.24262881296551256,40000,2348,160000.0,4804,0.07282793867120954,0.1353039134054954,0.01,0.2670357751277683,0.35407993338884264,0.05,632.0,0.42163543441226575,0.5318484596169858,0.1
mineral_only_zero_geo,43,10,1.0,0,inherited,merged,nevada,Copper,0.14595065869530377,40000,1212,160000.0,2147,0.0858085808580858,0.1481136469492315,0.01,0.3184818481848185,0.3907778295295761,0.05,1720.0,0.45957095709570955,0.5342338146250583,0.1
mineral_only_zero_geo,43,10,1.0,0,inherited,merged,arizona,Gold,0.24268380765779748,42295,1172,169094.746282076,2217,0.14590443686006827,0.2174109156517817,0.010006224540988897,0.4351535836177474,0.5354082092918359,0.05000746732777903,1408.0,0.6339590443686007,0.7054578258908435,0.10000262953409417
mineral_only_zero_geo,43,10,1.0,0,inherited,merged,arizona,Copper,0.2486904031202928,42295,1310,169094.746282076,2527,0.1282442748091603,0.18559556786703602,0.010006224540988897,0.4213740458015267,0.5112781954887218,0.05000746732777903,836.0,0.6083969465648855,0.6905421448357737,0.10001115197475786
mineral_only_zero_geo,43,10,1.0,0,inherited,merged,colorado,Gold,0.42333450847947834,42500,1375,170000.0,5258,0.19418181818181818,0.32141498668695323,0.01,0.5650909090909091,0.7270825408900723,0.05,608.0,0.7214545454545455,0.8799923925446937,0.1
mineral_only_zero_geo,43,10,1.0,0,inherited,merged,colorado,Copper,0.2911562291571438,42500,839,170000.0,2064,0.21811680572109654,0.3449612403100775,0.01,0.5864123957091776,0.7562984496124031,0.05,1508.0,0.734207389749702,0.8483527131782945,0.1
mineral_only_zero_geo,43,20,0.0,0,new,merged,nevada,Gold,0.06468571426849942,40000,2348,160000.0,4804,0.013628620102214651,0.013322231473771857,0.01,0.06090289608177172,0.05328892589508743,0.05,1300.0,0.11243611584327087,0.09825145711906745,0.1
mineral_only_zero_geo,43,20,0.0,0,new,merged,nevada,Copper,0.03457670694834613,40000,1212,160000.0,2147,0.009900990099009901,0.007918025151374011,0.01,0.06930693069306931,0.06986492780624126,0.05,2328.0,0.12128712871287128,0.12203074056823475,0.1
mineral_only_zero_geo,43,20,0.0,0,new,merged,arizona,Gold,0.03175412722853908,42295,1172,169094.746282076,2217,0.00938566552901024,0.011276499774470004,0.01000553730134678,0.06911262798634812,0.08073973838520523,0.05000708726187666,4249.85464912653,0.13139931740614336,0.14659449706811006,0.10002224514826
mineral_only_zero_geo,43,20,0.0,0,new,merged,arizona,Copper,0.035977901060313865,42295,1310,169094.746282076,2527,0.012213740458015267,0.007123070834982192,0.010010710906245905,0.07099236641221374,0.061733280569845665,0.05001488723140448,4139.105820469558,0.13053435114503817,0.11634349030470914,0.10000154867147269
mineral_only_zero_geo,43,20,0.0,0,new,merged,colorado,Gold,0.03571441149645838,42500,1375,170000.0,5258,0.01309090909090909,0.012742487637885127,0.01,0.06836363636363636,0.0789273488018258,0.05,4476.0,0.13236363636363635,0.13389121338912133,0.1
mineral_only_zero_geo,43,20,0.0,0,new,merged,colorado,Copper,0.018660810519604703,42500,839,170000.0,2064,0.010727056019070322,0.005813953488372093,0.01,0.05125148986889154,0.031492248062015504,0.05,5504.0,0.08939213349225268,0.05765503875968992,0.1
mineral_only_zero_geo,43,20,0.25,101,new,merged,nevada,Gold,0.09369970510247612,40000,2348,160000.0,4804,0.039182282793867124,0.051623646960865945,0.01,0.11158432708688246,0.12364696086594505,0.05,512.0,0.1690800681431005,0.1708992506244796,0.1
mineral_only_zero_geo,43,20,0.25,101,new,merged,nevada,Copper,0.04846670531040786,40000,1212,160000.0,2147,0.03712871287128713,0.04191895668374476,0.01,0.11056105610561057,0.10572892408011178,0.05,1840.0,0.15924092409240925,0.14438751746623196,0.1
mineral_only_zero_geo,43,20,0.25,101,new,merged,arizona,Gold,0.08848930966733091,42295,1172,169094.746282076,2217,0.07337883959044368,0.06946323861073522,0.010006224540988897,0.21416382252559726,0.2467298150654037,0.05000746732777903,1028.0,0.31313993174061433,0.34280559314388814,0.1000206315572946
mineral_only_zero_geo,43,20,0.25,101,new,merged,arizona,Copper,0.09337994932496048,42295,1310,169094.746282076,2527,0.06793893129770992,0.07479224376731301,0.010006224540988897,0.19541984732824427,0.2148793035219628,0.050013194009433305,624.0,0.28091603053435116,0.29165017807677085,0.10002154513348512
mineral_only_zero_geo,43,20,0.25,101,new,merged,colorado,Gold,0.13973782483497066,42500,1375,170000.0,5258,0.11563636363636363,0.1297071129707113,0.01,0.24436363636363637,0.23183720045644732,0.05,1984.0,0.3432727272727273,0.3398630658044884,0.1
mineral_only_zero_geo,43,20,0.25,101,new,merged,colorado,Copper,0.11049809067297008,42500,839,170000.0,2064,0.12038140643623362,0.1501937984496124,0.01,0.2908224076281287,0.32655038759689925,0.05,2616.0,0.39809296781883197,0.45591085271317827,0.1
mineral_only_zero_geo,43,20,0.25,211,new,merged,nevada,Gold,0.1165550190183824,40000,2348,160000.0,4804,0.049829642248722314,0.06203164029975021,0.01,0.141396933560477,0.16694421315570357,0.05,552.0,0.20826235093696763,0.21835970024979184,0.1
mineral_only_zero_geo,43,20,0.25,211,new,merged,nevada,Copper,0.06690299078899813,40000,1212,160000.0,2147,0.056105610561056105,0.05775500698649278,0.01,0.14273927392739275,0.13367489520260828,0.05,1180.0,0.20544554455445543,0.1904983698183512,0.1
mineral_only_zero_geo,43,20,0.25,211,new,merged,arizona,Gold,0.07697713654278626,42295,1172,169094.746282076,2217,0.07252559726962457,0.06495263870094722,0.010006224540988897,0.21331058020477817,0.25124041497519173,0.05000746732777903,1152.0,0.28668941979522183,0.31393775372124494,0.10001936947478844
mineral_only_zero_geo,43,20,0.25,211,new,merged,arizona,Copper,0.08181227862343618,42295,1310,169094.746282076,2527,0.0717557251908397,0.07439651760981401,0.010006224540988897,0.2015267175572519,0.20815195884447962,0.05000746732777903,1200.0,0.2687022900763359,0.2619707162643451,0.10002294935074046
mineral_only_zero_geo,43,20,0.25,211,new,merged,colorado,Gold,0.10651954253655516,42500,1375,170000.0,5258,0.08509090909090909,0.0703689615823507,0.01,0.21163636363636365,0.1802966907569418,0.05,2148.0,0.312,0.23468999619627234,0.1
mineral_only_zero_geo,43,20,0.25,211,new,merged,colorado,Copper,0.07126384661575186,42500,839,170000.0,2064,0.09177592371871275,0.09786821705426356,0.01,0.2169249106078665,0.20978682170542637,0.05,2916.0,0.28843861740166865,0.25,0.1
mineral_only_zero_geo,43,20,0.25,307,new,merged,nevada,Gold,0.10635875159738235,40000,2348,160000.0,4804,0.04003407155025554,0.09596169858451291,0.01,0.1307495741056218,0.19712739383846795,0.05,688.0,0.2120954003407155,0.2716486261448793,0.1
mineral_only_zero_geo,43,20,0.25,307,new,merged,nevada,Copper,0.05820029968879839,40000,1212,160000.0,2147,0.05033003300330033,0.08337214718211458,0.01,0.12871287128712872,0.17326502095947835,0.05,1108.0,0.2136963696369637,0.2612948299953423,0.1
mineral_only_zero_geo,43,20,0.25,307,new,merged,arizona,Gold,0.07582860953197129,42295,1172,169094.746282076,2217,0.06399317406143344,0.08434821831303563,0.010006224540988897,0.15358361774744028,0.17004961659900766,0.050022745501801934,1437.833554327488,0.257679180887372,0.2733423545331529,0.10000115982259235
mineral_only_zero_geo,43,20,0.25,307,new,merged,arizona,Copper,0.07494389753672355,42295,1310,169094.746282076,2527,0.061068702290076333,0.07597942223981005,0.010006224540988897,0.15114503816793892,0.16937079540957659,0.050000747810045335,1269.833554327488,0.23053435114503817,0.259596359319351,0.10000481292417325
mineral_only_zero_geo,43,20,0.25,307,new,merged,colorado,Gold,0.1550332141462197,42500,1375,170000.0,5258,0.10763636363636364,0.17516165842525674,0.01,0.27490909090909094,0.3299733739064283,0.05,1168.0,0.4007272727272727,0.39653860783567896,0.1
mineral_only_zero_geo,43,20,0.25,307,new,merged,colorado,Copper,0.12172566189083639,42500,839,170000.0,2064,0.13825983313468415,0.1695736434108527,0.01,0.31585220500595945,0.34544573643410853,0.05,1372.0,0.4088200238379023,0.41521317829457366,0.1
mineral_only_zero_geo,43,20,0.5,101,new,merged,nevada,Gold,0.12776983131492956,40000,2348,160000.0,4804,0.054514480408858604,0.09721065778517901,0.01,0.16482112436115842,0.1965029142381349,0.05,496.0,0.23679727427597955,0.2599916736053289,0.1
mineral_only_zero_geo,43,20,0.5,101,new,merged,nevada,Copper,0.07490022529676461,40000,1212,160000.0,2147,0.066006600660066,0.09268747088961342,0.01,0.16584158415841585,0.1751280857009781,0.05,964.0,0.24257425742574257,0.2505822077317187,0.1
mineral_only_zero_geo,43,20,0.5,101,new,merged,arizona,Gold,0.12377609405846915,42295,1172,169094.746282076,2217,0.1015358361774744,0.10464591790708164,0.010006224540988897,0.2696245733788396,0.3071718538565629,0.05000746732777903,1316.0,0.3916382252559727,0.41768155164636894,0.10001493465555807
mineral_only_zero_geo,43,20,0.5,101,new,merged,arizona,Copper,0.13571944043505252,42295,1310,169094.746282076,2527,0.09618320610687023,0.13533834586466165,0.010006224540988897,0.28549618320610687,0.3450732093391373,0.05000746732777903,708.0,0.3984732824427481,0.4566679857538583,0.10001493465555807
mineral_only_zero_geo,43,20,0.5,101,new,merged,colorado,Gold,0.2226947230600083,42500,1375,170000.0,5258,0.13018181818181818,0.14435146443514643,0.01,0.3592727272727273,0.34157474324838344,0.05,1108.0,0.4792727272727273,0.42944085203499427,0.1
mineral_only_zero_geo,43,20,0.5,101,new,merged,colorado,Copper,0.14804919922061632,42500,839,170000.0,2064,0.1430274135876043,0.1623062015503876,0.01,0.3742550655542312,0.375,0.05,1968.0,0.48390941597139453,0.5033914728682171,0.1
mineral_only_zero_geo,43,20,0.5,211,new,merged,nevada,Gold,0.14655912317623962,40000,2348,160000.0,4804,0.06047700170357751,0.08930058284762697,0.01,0.17291311754684838,0.23688592839300582,0.05,372.0,0.272572402044293,0.332014987510408,0.1
mineral_only_zero_geo,43,20,0.5,211,new,merged,nevada,Copper,0.07755195530921777,40000,1212,160000.0,2147,0.06435643564356436,0.06427573358174196,0.01,0.18151815181518152,0.17140195621797857,0.05,588.0,0.2615511551155115,0.23893805309734514,0.1
mineral_only_zero_geo,43,20,0.5,211,new,merged,arizona,Gold,0.11854028502406157,42295,1172,169094.746282076,2217,0.08020477815699659,0.08615245827695084,0.010006224540988897,0.2841296928327645,0.33288227334235454,0.05000746732777903,464.0,0.40017064846416384,0.4497068110058638,0.10001493465555807
mineral_only_zero_geo,43,20,0.5,211,new,merged,arizona,Copper,0.11430284845701753,42295,1310,169094.746282076,2527,0.06870229007633588,0.07677087455480808,0.010006224540988897,0.23587786259541985,0.24574594380688564,0.05000746732777903,480.0,0.36870229007633587,0.3771270280965572,0.10001493465555807
mineral_only_zero_geo,43,20,0.5,211,new,merged,colorado,Gold,0.15218242982250618,42500,1375,170000.0,5258,0.10181818181818182,0.09300114111829592,0.01,0.272,0.2392544693799924,0.05,1244.0,0.3970909090909091,0.3162799543552682,0.1
mineral_only_zero_geo,43,20,0.5,211,new,merged,colorado,Copper,0.11425705429896155,42500,839,170000.0,2064,0.11799761620977355,0.13614341085271317,0.01,0.30154946364719903,0.311046511627907,0.05,1888.0,0.4410011918951132,0.43410852713178294,0.1
mineral_only_zero_geo,43,20,0.5,307,new,merged,nevada,Gold,0.14801784486091224,40000,2348,160000.0,4804,0.056643952299829645,0.09908409658617819,0.01,0.17163543441226575,0.24229808492922564,0.05,472.0,0.2653321976149915,0.3332639467110741,0.1
mineral_only_zero_geo,43,20,0.5,307,new,merged,nevada,Copper,0.07691136284480093,40000,1212,160000.0,2147,0.06105610561056106,0.08989287377736377,0.01,0.16501650165016502,0.18723800652072659,0.05,844.0,0.26567656765676567,0.28365160689333957,0.1
mineral_only_zero_geo,43,20,0.5,307,new,merged,arizona,Gold,0.1278171128339963,42295,1172,169094.746282076,2217,0.08617747440273038,0.11231393775372124,0.010006224540988897,0.2764505119453925,0.35002255299954893,0.0500188175834806,625.9192686080933,0.42235494880546076,0.4948128101037438,0.1000065574524155
mineral_only_zero_geo,43,20,0.5,307,new,merged,arizona,Copper,0.12039439638828416,42295,1310,169094.746282076,2527,0.0816793893129771,0.10288880094974277,0.010006224540988897,0.25419847328244277,0.3035219628017412,0.050010542856630806,434.45701491832733,0.37251908396946565,0.4111594776414721,0.10000518866184116
mineral_only_zero_geo,43,20,0.5,307,new,merged,colorado,Gold,0.22492633802222634,42500,1375,170000.0,5258,0.128,0.14587295549638646,0.01,0.3738181818181818,0.45112209965766453,0.05,796.0,0.5163636363636364,0.5720806390262457,0.1
mineral_only_zero_geo,43,20,0.5,307,new,merged,colorado,Copper,0.16666024121300688,42500,839,170000.0,2064,0.1573301549463647,0.17926356589147288,0.01,0.3957091775923719,0.4123062015503876,0.05,1284.0,0.5363528009535161,0.560077519379845,0.1
mineral_only_zero_geo,43,20,1.0,0,inherited,merged,nevada,Gold,0.186643710266268,40000,2348,160000.0,4804,0.065587734241908,0.1355120732722731,0.01,0.20868824531516184,0.2980849292256453,0.05,344.0,0.3411413969335605,0.4392173189009159,0.1
mineral_only_zero_geo,43,20,1.0,0,inherited,merged,nevada,Copper,0.10543729576868531,40000,1212,160000.0,2147,0.07590759075907591,0.11271541686073591,0.01,0.22772277227722773,0.2612948299953423,0.05,488.0,0.3572607260726073,0.3782021425244527,0.1
mineral_only_zero_geo,43,20,1.0,0,inherited,merged,arizona,Gold,0.17657352919662292,42295,1172,169094.746282076,2217,0.10409556313993173,0.12764997744700046,0.010006224540988897,0.3506825938566553,0.41632837167343256,0.05000746732777903,256.0,0.5008532423208191,0.5620207487595851,0.10000262953409417
mineral_only_zero_geo,43,20,1.0,0,inherited,merged,arizona,Copper,0.1831373465960799,42295,1310,169094.746282076,2527,0.1099236641221374,0.16462208151958843,0.010006224540988897,0.3114503816793893,0.3850415512465374,0.0500188175834806,185.91926860809326,0.49389312977099237,0.556786703601108,0.10001115197475786
mineral_only_zero_geo,43,20,1.0,0,inherited,merged,colorado,Gold,0.27791854247159264,42500,1375,170000.0,5258,0.14181818181818182,0.1502472422974515,0.01,0.4298181818181818,0.41593761886648917,0.05,436.0,0.5803636363636364,0.6156333206542411,0.1
mineral_only_zero_geo,43,20,1.0,0,inherited,merged,colorado,Copper,0.1862684552778201,42500,839,170000.0,2064,0.15613825983313467,0.17344961240310078,0.01,0.44934445768772346,0.47819767441860467,0.05,804.0,0.6042908224076281,0.6322674418604651,0.1
nearest,0,10,0.0,0,new,merged,nevada,Gold,0.058699999999999995,40000,2348,160000.0,4804,0.009795570698466781,0.00791007493755204,0.01,0.04727427597955707,0.08118234804329726,0.05,4316.0,0.1034923339011925,0.14050791007493754,0.1
nearest,0,10,0.0,0,new,merged,nevada,Copper,0.030299999999999997,40000,1212,160000.0,2147,0.009075907590759076,0.007452258965999069,0.01,0.04950495049504951,0.05775500698649278,0.05,5380.0,0.10148514851485149,0.1159757801583605,0.1
nearest,0,10,0.0,0,new,merged,arizona,Gold,0.02771013122118454,42295,1172,169094.746282076,2217,0.008532423208191127,0.008570139828597204,0.010006224540988897,0.051194539249146756,0.046008119079837616,0.05000746732777903,6656.0,0.10494880546075085,0.09607577807848444,0.10000432536782888
nearest,0,10,0.0,0,new,merged,arizona,Copper,0.030972928242108996,42295,1310,169094.746282076,2527,0.007633587786259542,0.007123070834982192,0.010006224540988897,0.05343511450381679,0.06252473288484368,0.05000746732777903,6420.0,0.09770992366412214,0.10051444400474871,0.10000432536782888
nearest,0,10,0.0,0,new,merged,colorado,Gold,0.032352941176470584,42500,1375,170000.0,5258,0.007272727272727273,0.004374286801065044,0.01,0.04654545454545454,0.04184100418410042,0.05,6664.0,0.10472727272727272,0.09452263217953595,0.1
nearest,0,10,0.0,0,new,merged,colorado,Copper,0.019741176470588234,42500,839,170000.0,2064,0.0059594755661501785,0.00436046511627907,0.01,0.04529201430274136,0.040213178294573645,0.05,7028.0,0.08820023837902265,0.08624031007751938,0.1
nearest,0,10,0.25,101,new,merged,nevada,Gold,0.11557738205107793,40000,2348,160000.0,4804,0.049403747870528106,0.0805578684429642,0.01,0.15289608177172062,0.17693588676103247,0.05,1816.0,0.24616695059625213,0.2587427144046628,0.1
nearest,0,10,0.25,101,new,merged,nevada,Copper,0.07431215578529596,40000,1212,160000.0,2147,0.066006600660066,0.09408476944573824,0.01,0.19306930693069307,0.2151839776432231,0.05,2940.0,0.26815181518151815,0.2822543083372147,0.1
nearest,0,10,0.25,101,new,merged,arizona,Gold,0.10382043037367955,42295,1172,169094.746282076,2217,0.07764505119453925,0.09517365809652684,0.010006224540988897,0.2363481228668942,0.23906179521876408,0.0500203436666546,2825.8597845435143,0.3703071672354949,0.37347767253044656,0.10001806951367935
nearest,0,10,0.25,101,new,merged,arizona,Copper,0.11275879087171918,42295,1310,169094.746282076,2527,0.08091603053435115,0.09774436090225563,0.010006224540988897,0.2297709923664122,0.2485160269093787,0.0500203436666546,2093.8597845435143,0.35419847328244275,0.37475267115156313,0.10000463930214239
nearest,0,10,0.25,101,new,merged,colorado,Gold,0.14581915547733668,42500,1375,170000.0,5258,0.09163636363636364,0.1411182959300114,0.01,0.2923636363636364,0.41555724610117917,0.05,2312.0,0.4021818181818182,0.4792696842906048,0.1
nearest,0,10,0.25,101,new,merged,colorado,Copper,0.09129984346198115,42500,839,170000.0,2064,0.10965435041716329,0.19622093023255813,0.01,0.2562574493444577,0.33575581395348836,0.05,2716.0,0.3766388557806913,0.4273255813953488,0.1
nearest,0,10,0.25,211,new,merged,nevada,Gold,0.10690616812926805,40000,2348,160000.0,4804,0.04557069846678024,0.07577019150707744,0.01,0.1460817717206133,0.16007493755203997,0.05,1960.0,0.22402044293015333,0.2373022481265612,0.1
nearest,0,10,0.25,211,new,merged,nevada,Copper,0.06794991435904355,40000,1212,160000.0,2147,0.06435643564356436,0.09874243129948766,0.01,0.16666666666666666,0.18677224033535164,0.05,3172.0,0.24174917491749176,0.2631578947368421,0.1
nearest,0,10,0.25,211,new,merged,arizona,Gold,0.10478578018072619,42295,1172,169094.746282076,2217,0.08447098976109214,0.09472259810554803,0.010006224540988897,0.23037542662116042,0.2223725755525485,0.05000746732777903,2704.0,0.34982935153583616,0.34866937302661255,0.10001493465555807
nearest,0,10,0.25,211,new,merged,arizona,Copper,0.1016875848043776,42295,1310,169094.746282076,2527,0.0717557251908397,0.07874950534230313,0.010006224540988897,0.20534351145038168,0.23822714681440443,0.05000746732777903,2548.0,0.33129770992366414,0.3628808864265928,0.10001493465555807
nearest,0,10,0.25,211,new,merged,colorado,Gold,0.18455599692106875,42500,1375,170000.0,5258,0.10545454545454545,0.13883605933815138,0.01,0.3338181818181818,0.4235450741726892,0.05,1960.0,0.49163636363636365,0.5827310764549258,0.1
nearest,0,10,0.25,211,new,merged,colorado,Copper,0.1210106025345078,42500,839,170000.0,2064,0.12276519666269368,0.19864341085271317,0.01,0.3396901072705602,0.43992248062015504,0.05,2924.0,0.4719904648390942,0.5576550387596899,0.1
nearest,0,10,0.25,307,new,merged,nevada,Gold,0.11056935322737686,40000,2348,160000.0,4804,0.048551959114139696,0.06890091590341382,0.01,0.15587734241908008,0.15903413821815154,0.05,1648.0,0.23551959114139692,0.22772689425478768,0.1
nearest,0,10,0.25,307,new,merged,nevada,Copper,0.07914585617571315,40000,1212,160000.0,2147,0.07755775577557755,0.11085235211923615,0.01,0.19966996699669967,0.22775966464834654,0.05,2880.0,0.28135313531353134,0.29902189101071264,0.1
nearest,0,10,0.25,307,new,merged,arizona,Gold,0.10409415891071035,42295,1172,169094.746282076,2217,0.06911262798634812,0.08615245827695084,0.010006224540988897,0.23293515358361774,0.27108705457825893,0.05000746732777903,3144.0,0.378839590443686,0.43346865133062695,0.10001190817957487
nearest,0,10,0.25,307,new,merged,arizona,Copper,0.10356528681450866,42295,1310,169094.746282076,2527,0.06946564885496183,0.07360506529481599,0.010006224540988897,0.21755725190839695,0.24337158686189156,0.05000746732777903,2624.0,0.3435114503816794,0.368816778789078,0.10001190817957487
nearest,0,10,0.25,307,new,merged,colorado,Gold,0.12670123849824458,42500,1375,170000.0,5258,0.08218181818181818,0.11430201597565615,0.01,0.2589090909090909,0.37618866489159375,0.05,2372.0,0.3694545454545455,0.4484594903004945,0.1
nearest,0,10,0.25,307,new,merged,colorado,Copper,0.07145590870381258,42500,839,170000.0,2064,0.09058402860548272,0.10949612403100775,0.01,0.21096543504171633,0.24660852713178294,0.05,3560.0,0.30154946364719903,0.3372093023255814,0.1
nearest,0,10,0.5,101,new,merged,nevada,Gold,0.14303238338470434,40000,2348,160000.0,4804,0.054514480408858604,0.09700249791840133,0.01,0.19378194207836458,0.26019983347210657,0.05,1648.0,0.29770017035775126,0.3601165695253955,0.1
nearest,0,10,0.5,101,new,merged,nevada,Copper,0.0956895951539761,40000,1212,160000.0,2147,0.08333333333333333,0.14392175128085702,0.01,0.23927392739273928,0.3088029809035864,0.05,2560.0,0.33993399339933994,0.4019562179785748,0.1
nearest,0,10,0.5,101,new,merged,arizona,Gold,0.13386852831502966,42295,1172,169094.746282076,2217,0.09385665529010238,0.13757329724853407,0.010006224540988897,0.29692832764505117,0.3351375732972485,0.05000381178647301,2582.0368775725365,0.4667235494880546,0.496617050067659,0.10001258395352258
nearest,0,10,0.5,101,new,merged,arizona,Copper,0.14290036973100348,42295,1310,169094.746282076,2527,0.09541984732824428,0.12623664424218442,0.010006224540988897,0.2954198473282443,0.31420656905421446,0.0500188175834806,2041.9192686080933,0.4587786259541985,0.4788286505738029,0.10000415561726818
nearest,0,10,0.5,101,new,merged,colorado,Gold,0.18328160947723246,42500,1375,170000.0,5258,0.11272727272727273,0.1688855077976417,0.01,0.3483636363636364,0.4901103081019399,0.05,2068.0,0.5316363636363637,0.6525294788893116,0.1
nearest,0,10,0.5,101,new,merged,colorado,Copper,0.12267104166821961,42500,839,170000.0,2064,0.11680572109654351,0.1308139534883721,0.01,0.3504171632896305,0.4006782945736434,0.05,2684.0,0.5220500595947557,0.5809108527131783,0.1
nearest,0,10,0.5,211,new,merged,nevada,Gold,0.14143070330962407,40000,2348,160000.0,4804,0.05153321976149915,0.08971690258118235,0.01,0.18611584327086883,0.2714404662781016,0.05,1704.0,0.3002555366269165,0.3894671107410491,0.1
nearest,0,10,0.5,211,new,merged,nevada,Copper,0.09003934599766922,40000,1212,160000.0,2147,0.07838283828382839,0.12109920819748486,0.01,0.2235973597359736,0.2850489054494644,0.05,2672.0,0.33828382838283827,0.38425710293432697,0.1
nearest,0,10,0.5,211,new,merged,arizona,Gold,0.14619786269820492,42295,1172,169094.746282076,2217,0.1083617747440273,0.15651781686964367,0.010006224540988897,0.3191126279863481,0.38294993234100133,0.05000381178647301,2542.0368775725365,0.48293515358361777,0.541723049165539,0.10000386340391697
nearest,0,10,0.5,211,new,merged,arizona,Copper,0.15166427781165975,42295,1310,169094.746282076,2527,0.1099236641221374,0.13929560743965175,0.010006224540988897,0.30381679389312977,0.33913731697665217,0.050003684646978824,2142.0472323298454,0.46106870229007635,0.5140482785912148,0.10000657900768976
nearest,0,10,0.5,211,new,merged,colorado,Gold,0.19694381193507346,42500,1375,170000.0,5258,0.12072727272727272,0.18181818181818182,0.01,0.35054545454545455,0.4313427158615443,0.05,1980.0,0.5229090909090909,0.5880562951692658,0.1
nearest,0,10,0.5,211,new,merged,colorado,Copper,0.13834844617036993,42500,839,170000.0,2064,0.11918951132300358,0.1501937984496124,0.01,0.3873659117997616,0.4937015503875969,0.05,2968.0,0.5554231227651967,0.6710271317829457,0.1
nearest,0,10,0.5,307,new,merged,nevada,Gold,0.13396397685847042,40000,2348,160000.0,4804,0.048977853492333905,0.07472939217318901,0.01,0.18356047700170358,0.20836802664446294,0.05,1788.0,0.2921635434412266,0.3039134054954205,0.1
nearest,0,10,0.5,307,new,merged,nevada,Copper,0.09373920521945509,40000,1212,160000.0,2147,0.07838283828382839,0.12994876571960876,0.01,0.23184818481848185,0.2827200745225897,0.05,2696.0,0.3547854785478548,0.3991616208663251,0.1
nearest,0,10,0.5,307,new,merged,arizona,Gold,0.141391758687242,42295,1172,169094.746282076,2217,0.10324232081911262,0.13802435723951287,0.010006224540988897,0.3122866894197952,0.3622011727559765,0.050003684646978824,2550.0472323298454,0.5008532423208191,0.5408209291835814,0.10002154736523411
nearest,0,10,0.5,307,new,merged,arizona,Copper,0.1484557942402317,42295,1310,169094.746282076,2527,0.09923664122137404,0.1222793826671943,0.010006224540988897,0.30381679389312977,0.3256826276216858,0.050003684646978824,2006.0472323298454,0.46259541984732827,0.49149188761377127,0.10000657900768976
nearest,0,10,0.5,307,new,merged,colorado,Gold,0.20378602446851793,42500,1375,170000.0,5258,0.12581818181818183,0.1692658805629517,0.01,0.3650909090909091,0.4802206162038798,0.05,1840.0,0.5549090909090909,0.6884747052111069,0.1
nearest,0,10,0.5,307,new,merged,colorado,Copper,0.15353417208510456,42500,839,170000.0,2064,0.13110846245530394,0.14534883720930233,0.01,0.42193087008343266,0.4733527131782946,0.05,2648.0,0.6042908224076281,0.7165697674418605,0.1
nearest,0,10,1.0,0,inherited,merged,nevada,Gold,0.1813425396013939,40000,2348,160000.0,4804,0.048977853492333905,0.07181515403830141,0.01,0.23253833049403747,0.3124479600333056,0.05,1508.0,0.37649063032367974,0.4660699417152373,0.1
nearest,0,10,1.0,0,inherited,merged,nevada,Copper,0.11750271705228492,40000,1212,160000.0,2147,0.07508250825082509,0.12063344201210992,0.01,0.28052805280528054,0.3591057289240801,0.05,2428.0,0.4273927392739274,0.5048905449464369,0.1
nearest,0,10,1.0,0,inherited,merged,arizona,Gold,0.179650037036759,42295,1172,169094.746282076,2217,0.10580204778156997,0.15065403698691926,0.010006224540988897,0.3839590443686007,0.4555705908885882,0.050017167428907904,2345.9192686080933,0.5674061433447098,0.6436626071267478,0.1000006385925071
nearest,0,10,1.0,0,inherited,merged,arizona,Copper,0.17909114790140385,42295,1310,169094.746282076,2527,0.09541984732824428,0.1294024535021765,0.010006224540988897,0.3564885496183206,0.40561931143648594,0.0500188175834806,1917.9192686080933,0.5435114503816794,0.5931935100910171,0.10001115197475786
nearest,0,10,1.0,0,inherited,merged,colorado,Gold,0.25313937765613914,42500,1375,170000.0,5258,0.12363636363636364,0.17268923545074172,0.01,0.4298181818181818,0.5327120578166603,0.05,1668.0,0.6589090909090909,0.7843286420692278,0.1
nearest,0,10,1.0,0,inherited,merged,colorado,Copper,0.18035445796486851,42500,839,170000.0,2064,0.16448152562574495,0.20155038759689922,0.01,0.4803337306317044,0.6007751937984496,0.05,2512.0,0.6960667461263409,0.812984496124031,0.1
nearest,0,20,0.0,0,new,merged,nevada,Gold,0.058699999999999995,40000,2348,160000.0,4804,0.009795570698466781,0.00791007493755204,0.01,0.04727427597955707,0.08118234804329726,0.05,1736.0,0.1034923339011925,0.14050791007493754,0.1
nearest,0,20,0.0,0,new,merged,nevada,Copper,0.030299999999999997,40000,1212,160000.0,2147,0.009075907590759076,0.007452258965999069,0.01,0.04950495049504951,0.05775500698649278,0.05,3028.0,0.10148514851485149,0.1159757801583605,0.1
nearest,0,20,0.0,0,new,merged,arizona,Gold,0.02771013122118454,42295,1172,169094.746282076,2217,0.008532423208191127,0.008570139828597204,0.010006224540988897,0.051194539249146756,0.046008119079837616,0.05000746732777903,4984.0,0.10494880546075085,0.09607577807848444,0.10000432536782888
nearest,0,20,0.0,0,new,merged,arizona,Copper,0.030972928242108996,42295,1310,169094.746282076,2527,0.007633587786259542,0.007123070834982192,0.010006224540988897,0.05343511450381679,0.06252473288484368,0.05000746732777903,4720.0,0.09770992366412214,0.10051444400474871,0.10000432536782888
nearest,0,20,0.0,0,new,merged,colorado,Gold,0.032352941176470584,42500,1375,170000.0,5258,0.007272727272727273,0.004374286801065044,0.01,0.04654545454545454,0.04184100418410042,0.05,5088.0,0.10472727272727272,0.09452263217953595,0.1
nearest,0,20,0.0,0,new,merged,colorado,Copper,0.019741176470588234,42500,839,170000.0,2064,0.0059594755661501785,0.00436046511627907,0.01,0.04529201430274136,0.040213178294573645,0.05,5668.0,0.08820023837902265,0.08624031007751938,0.1
nearest,0,20,0.25,101,new,merged,nevada,Gold,0.08432677858184716,40000,2348,160000.0,4804,0.03747870528109029,0.05266444629475437,0.01,0.1030664395229983,0.15341382181515403,0.05,672.0,0.1686541737649063,0.2204412989175687,0.1
nearest,0,20,0.25,101,new,merged,nevada,Copper,0.04971154308920589,40000,1212,160000.0,2147,0.0429042904290429,0.04657661853749418,0.01,0.11221122112211221,0.10107126222636237,0.05,1920.0,0.17656765676567657,0.16022356776897997,0.1
nearest,0,20,0.25,101,new,merged,arizona,Gold,0.0885103244914435,42295,1172,169094.746282076,2217,0.07423208191126279,0.06405051871898963,0.010006224540988897,0.2158703071672355,0.21019395579612088,0.05000746732777903,844.0,0.34044368600682595,0.37302661253946773,0.10001493465555807
nearest,0,20,0.25,101,new,merged,arizona,Copper,0.08951490349359356,42295,1310,169094.746282076,2527,0.059541984732824425,0.07439651760981401,0.010006224540988897,0.19236641221374046,0.19746735259200635,0.05000746732777903,600.0,0.3083969465648855,0.3221210922041947,0.10001493465555807
nearest,0,20,0.25,101,new,merged,colorado,Gold,0.12654892945863955,42500,1375,170000.0,5258,0.09818181818181818,0.09623430962343096,0.01,0.23854545454545453,0.20711297071129708,0.05,860.0,0.3432727272727273,0.3139977177634081,0.1
nearest,0,20,0.25,101,new,merged,colorado,Copper,0.10239012527871633,42500,839,170000.0,2064,0.11442193087008343,0.1303294573643411,0.01,0.2800953516090584,0.2969961240310077,0.05,1588.0,0.38498212157330153,0.39341085271317827,0.1
nearest,0,20,0.25,211,new,merged,nevada,Gold,0.09945625474709703,40000,2348,160000.0,4804,0.04599659284497445,0.06057452123230641,0.01,0.13373083475298125,0.1879683597002498,0.05,596.0,0.20442930153321975,0.2670691090757702,0.1
nearest,0,20,0.25,211,new,merged,nevada,Copper,0.05772649940386131,40000,1212,160000.0,2147,0.05363036303630363,0.05961807172799255,0.01,0.14273927392739275,0.13320912901723334,0.05,1216.0,0.2079207920792079,0.19096413600372614,0.1
nearest,0,20,0.25,211,new,merged,arizona,Gold,0.06842828030846204,42295,1172,169094.746282076,2217,0.06228668941979522,0.05502931889941362,0.010006224540988897,0.17918088737201365,0.17546233649075327,0.05000746732777903,1252.0,0.27474402730375425,0.2963464140730717,0.10001493465555807
nearest,0,20,0.25,211,new,merged,arizona,Copper,0.07521576960680519,42295,1310,169094.746282076,2527,0.05343511450381679,0.05856747130985358,0.010006224540988897,0.17404580152671756,0.16778789077958053,0.05000746732777903,1276.0,0.27099236641221375,0.25247328848436884,0.10001493465555807
nearest,0,20,0.25,211,new,merged,colorado,Gold,0.10575502869569103,42500,1375,170000.0,5258,0.08218181818181818,0.06314187904146062,0.01,0.22545454545454546,0.201217192848992,0.05,1228.0,0.3418181818181818,0.37618866489159375,0.1
nearest,0,20,0.25,211,new,merged,colorado,Copper,0.07122491199833904,42500,839,170000.0,2064,0.08700834326579261,0.09738372093023256,0.01,0.24791418355184744,0.22238372093023256,0.05,2244.0,0.3539928486293206,0.38275193798449614,0.1
nearest,0,20,0.25,307,new,merged,nevada,Gold,0.08828897623642677,40000,2348,160000.0,4804,0.04045996592844974,0.08805162364696087,0.01,0.11243611584327087,0.17672772689425478,0.05,776.0,0.18356047700170358,0.23896752706078267,0.1
nearest,0,20,0.25,307,new,merged,nevada,Copper,0.04879737443396367,40000,1212,160000.0,2147,0.04785478547854786,0.08290638099673964,0.01,0.11138613861386139,0.14345598509548207,0.05,1340.0,0.15841584158415842,0.1951560316721006,0.1
nearest,0,20,0.25,307,new,merged,arizona,Gold,0.07346524394254661,42295,1172,169094.746282076,2217,0.06655290102389079,0.08119079837618404,0.010002441860188695,0.17235494880546076,0.17365809652683806,0.05001362866188351,1285.623447239399,0.24914675767918087,0.2507893549842129,0.10000242143961828
nearest,0,20,0.25,307,new,merged,arizona,Copper,0.07198750093160577,42295,1310,169094.746282076,2527,0.061068702290076333,0.07162643450732094,0.010002441860188695,0.1480916030534351,0.1594776414721013,0.05001812714585773,1020.7723087072372,0.21374045801526717,0.22675108824693313,0.10001617762502109
nearest,0,20,0.25,307,new,merged,colorado,Gold,0.12543281049190233,42500,1375,170000.0,5258,0.09381818181818181,0.1397869912514264,0.01,0.25381818181818183,0.300684670977558,0.05,888.0,0.36872727272727274,0.3921643210346139,0.1
nearest,0,20,0.25,307,new,merged,colorado,Copper,0.10236238829883001,42500,839,170000.0,2064,0.11442193087008343,0.1308139534883721,0.01,0.31585220500595945,0.3536821705426357,0.05,1776.0,0.42789034564958284,0.43556201550387597,0.1
nearest,0,20,0.5,101,new,merged,nevada,Gold,0.10266700206292233,40000,2348,160000.0,4804,0.05110732538330494,0.08950874271440466,0.01,0.13798977853492334,0.17839300582847628,0.05,632.0,0.20868824531516184,0.2801831806827644,0.1
nearest,0,20,0.5,101,new,merged,nevada,Copper,0.069275958319798,40000,1212,160000.0,2147,0.07260726072607261,0.09687936655798789,0.01,0.1617161716171617,0.17699115044247787,0.05,1176.0,0.2400990099009901,0.2449930135072194,0.1
nearest,0,20,0.5,101,new,merged,arizona,Gold,0.11704442905164426,42295,1172,169094.746282076,2217,0.09556313993174062,0.09427153811456923,0.010006224540988897,0.2525597269624573,0.24402345511953089,0.05000746732777903,732.0,0.40955631399317405,0.40866035182679294,0.10001493465555807
nearest,0,20,0.5,101,new,merged,arizona,Copper,0.12155842677382728,42295,1310,169094.746282076,2527,0.08473282442748091,0.1187178472497032,0.010006224540988897,0.2534351145038168,0.30154333201424616,0.05000746732777903,780.0,0.3893129770992366,0.44400474871389,0.10001493465555807
nearest,0,20,0.5,101,new,merged,colorado,Gold,0.15744751708153576,42500,1375,170000.0,5258,0.09454545454545454,0.09109927729174591,0.01,0.29963636363636365,0.2499049068086725,0.05,752.0,0.43781818181818183,0.3508938759984785,0.1
nearest,0,20,0.5,101,new,merged,colorado,Copper,0.11321013838158396,42500,839,170000.0,2064,0.11442193087008343,0.11337209302325581,0.01,0.3253873659117998,0.3125,0.05,1344.0,0.45530393325387364,0.4375,0.1
nearest,0,20,0.5,211,new,merged,nevada,Gold,0.11819617441076902,40000,2348,160000.0,4804,0.056218057921635436,0.08784346378018318,0.01,0.151618398637138,0.2077435470441299,0.05,512.0,0.24105621805792163,0.29912572855953373,0.1
nearest,0,20,0.5,211,new,merged,nevada,Copper,0.06746919019206077,40000,1212,160000.0,2147,0.066006600660066,0.06893339543549139,0.01,0.15676567656765678,0.14997671169073126,0.05,1128.0,0.24174917491749176,0.22822543083372146,0.1
nearest,0,20,0.5,211,new,merged,arizona,Gold,0.09723151754319616,42295,1172,169094.746282076,2217,0.07167235494880546,0.06585475868290483,0.010006224540988897,0.22696245733788395,0.2169598556608029,0.05000746732777903,948.0,0.3626279863481229,0.35994587280108253,0.10001493465555807
nearest,0,20,0.5,211,new,merged,arizona,Copper,0.09735810230937493,42295,1310,169094.746282076,2527,0.0648854961832061,0.07360506529481599,0.010006224540988897,0.2,0.19509299564701227,0.05000746732777903,844.0,0.332824427480916,0.32132963988919666,0.10001493465555807
nearest,0,20,0.5,211,new,merged,colorado,Gold,0.130719499485773,42500,1375,170000.0,5258,0.08072727272727273,0.06618486116394066,0.01,0.26545454545454544,0.2280334728033473,0.05,752.0,0.3890909090909091,0.34195511601369344,0.1
nearest,0,20,0.5,211,new,merged,colorado,Copper,0.10240422498428522,42500,839,170000.0,2064,0.10369487485101311,0.10513565891472869,0.01,0.30512514898688914,0.30959302325581395,0.05,1312.0,0.45172824791418353,0.4423449612403101,0.1
nearest,0,20,0.5,307,new,merged,nevada,Gold,0.11404939488270352,40000,2348,160000.0,4804,0.05536626916524702,0.09096586178184846,0.01,0.15076660988074958,0.2158617818484596,0.05,604.0,0.22955706984667804,0.3020399666944213,0.1
nearest,0,20,0.5,307,new,merged,nevada,Copper,0.0667644106760564,40000,1212,160000.0,2147,0.06435643564356436,0.09082440614811364,0.01,0.1617161716171617,0.1807172799254774,0.05,1180.0,0.2433993399339934,0.2529110386585934,0.1
nearest,0,20,0.5,307,new,merged,arizona,Gold,0.10559447198289647,42295,1172,169094.746282076,2217,0.07849829351535836,0.08976093820478123,0.010017574796690465,0.25426621160409557,0.2656743346865133,0.05001408003745507,840.794968008995,0.3890784982935154,0.40234551195308976,0.10001806951367935
nearest,0,20,0.5,307,new,merged,arizona,Copper,0.10497991610507017,42295,1310,169094.746282076,2527,0.07251908396946564,0.09141274238227147,0.010006224540988897,0.22519083969465647,0.2445587653343886,0.050022767057076194,654.2695671319962,0.3526717557251908,0.37119113573407203,0.10002256799765356
nearest,0,20,0.5,307,new,merged,colorado,Gold,0.16419925033190563,42500,1375,170000.0,5258,0.09745454545454546,0.11791555724610119,0.01,0.31054545454545457,0.3796120197793838,0.05,800.0,0.44436363636363635,0.49239254469379995,0.1
nearest,0,20,0.5,307,new,merged,colorado,Copper,0.13006732819215752,42500,839,170000.0,2064,0.12872467222884387,0.12742248062015504,0.01,0.3575685339690107,0.34593023255813954,0.05,1492.0,0.5101311084624554,0.5203488372093024,0.1
nearest,0,20,1.0,0,inherited,merged,nevada,Gold,0.1399497049866344,40000,2348,160000.0,4804,0.05366269165247019,0.09554537885095754,0.01,0.1848381601362862,0.2712323064113239,0.05,464.0,0.28492333901192507,0.36927560366361367,0.1
nearest,0,20,1.0,0,inherited,merged,nevada,Copper,0.09000911581274228,40000,1212,160000.0,2147,0.08085808580858085,0.1224965067536097,0.01,0.2202970297029703,0.25663716814159293,0.05,944.0,0.31518151815181517,0.3502561714019562,0.1
nearest,0,20,1.0,0,inherited,merged,arizona,Gold,0.13808372872345756,42295,1172,169094.746282076,2217,0.09385665529010238,0.11096075778078485,0.010006224540988897,0.2977815699658703,0.31078033378439335,0.0500025761099577,693.8597845435143,0.4641638225255973,0.4758682904826342,0.10002154736523411
nearest,0,20,1.0,0,inherited,merged,arizona,Copper,0.13563433523001217,42295,1310,169094.746282076,2527,0.0916030534351145,0.1333597150771666,0.010006224540988897,0.26641221374045804,0.3078749505342303,0.050003684646978824,622.0472323298454,0.42748091603053434,0.46933122279382666,0.10000661253767426
nearest,0,20,1.0,0,inherited,merged,colorado,Gold,0.1796099513215571,42500,1375,170000.0,5258,0.10472727272727272,0.11848611639406618,0.01,0.33090909090909093,0.3392925066565234,0.05,700.0,0.5156363636363637,0.5228223659186002,0.1
nearest,0,20,1.0,0,inherited,merged,colorado,Copper,0.1255617199899452,42500,839,170000.0,2064,0.11203814064362336,0.11046511627906977,0.01,0.3563766388557807,0.3425387596899225,0.05,1444.0,0.5351609058402861,0.5319767441860465,0.1
spatial_rf,731,10,0.0,0,new,merged,nevada,Gold,0.058699999999999995,40000,2348,160000.0,4804,0.009795570698466781,0.00791007493755204,0.01,0.04727427597955707,0.08118234804329726,0.05,4316.0,0.1034923339011925,0.14050791007493754,0.1
spatial_rf,731,10,0.0,0,new,merged,nevada,Copper,0.030299999999999997,40000,1212,160000.0,2147,0.009075907590759076,0.007452258965999069,0.01,0.04950495049504951,0.05775500698649278,0.05,5380.0,0.10148514851485149,0.1159757801583605,0.1
spatial_rf,731,10,0.0,0,new,merged,arizona,Gold,0.02771013122118454,42295,1172,169094.746282076,2217,0.008532423208191127,0.008570139828597204,0.010006224540988897,0.051194539249146756,0.046008119079837616,0.05000746732777903,6656.0,0.10494880546075085,0.09607577807848444,0.10000432536782888
spatial_rf,731,10,0.0,0,new,merged,arizona,Copper,0.030972928242108996,42295,1310,169094.746282076,2527,0.007633587786259542,0.007123070834982192,0.010006224540988897,0.05343511450381679,0.06252473288484368,0.05000746732777903,6420.0,0.09770992366412214,0.10051444400474871,0.10000432536782888
spatial_rf,731,10,0.0,0,new,merged,colorado,Gold,0.032352941176470584,42500,1375,170000.0,5258,0.007272727272727273,0.004374286801065044,0.01,0.04654545454545454,0.04184100418410042,0.05,6664.0,0.10472727272727272,0.09452263217953595,0.1
spatial_rf,731,10,0.0,0,new,merged,colorado,Copper,0.019741176470588234,42500,839,170000.0,2064,0.0059594755661501785,0.00436046511627907,0.01,0.04529201430274136,0.040213178294573645,0.05,7028.0,0.08820023837902265,0.08624031007751938,0.1
spatial_rf,731,10,0.25,101,new,merged,nevada,Gold,0.13082700556472385,40000,2348,160000.0,4804,0.049829642248722314,0.08159866777685262,0.01,0.17163543441226575,0.20545378850957535,0.05,1224.0,0.2653321976149915,0.2866361365528726,0.1
spatial_rf,731,10,0.25,101,new,merged,nevada,Copper,0.06753759457566906,40000,1212,160000.0,2147,0.05198019801980198,0.08383791336748952,0.01,0.1848184818481848,0.20307405682347462,0.05,2856.0,0.264026402640264,0.2710759198882161,0.1
spatial_rf,731,10,0.25,101,new,merged,arizona,Gold,0.11856768034840735,42295,1172,169094.746282076,2217,0.09556313993174062,0.11772665764546685,0.010006224540988897,0.257679180887372,0.2769508344609833,0.05000746732777903,3340.0,0.36006825938566556,0.41136671177266576,0.1000090468350895
spatial_rf,731,10,0.25,101,new,merged,arizona,Copper,0.08570761090191066,42295,1310,169094.746282076,2527,0.061068702290076333,0.07558369608231104,0.010006224540988897,0.13740458015267176,0.17214087851206966,0.05000746732777903,5380.0,0.26106870229007634,0.31024930747922436,0.10001493465555807
spatial_rf,731,10,0.25,101,new,merged,colorado,Gold,0.2012032106723429,42500,1375,170000.0,5258,0.1389090909090909,0.22556104982883227,0.01,0.32581818181818184,0.38702928870292885,0.05,2556.0,0.46254545454545454,0.5112209965766451,0.1
spatial_rf,731,10,0.25,101,new,merged,colorado,Copper,0.08156228689361969,42500,839,170000.0,2064,0.09177592371871275,0.11918604651162791,0.01,0.1966626936829559,0.2243217054263566,0.05,4916.0,0.40166865315852207,0.5213178294573644,0.1
spatial_rf,731,10,0.25,211,new,merged,nevada,Gold,0.11839661760632983,40000,2348,160000.0,4804,0.03960817717206133,0.06057452123230641,0.01,0.1465076660988075,0.16215653621981682,0.05,1236.0,0.2563884156729131,0.2666527893422148,0.1
spatial_rf,731,10,0.25,211,new,merged,nevada,Copper,0.059457114604977504,40000,1212,160000.0,2147,0.04207920792079208,0.06846762925011644,0.01,0.15759075907590758,0.19236143455985094,0.05,3476.0,0.22937293729372937,0.26688402421984164,0.1
spatial_rf,731,10,0.25,211,new,merged,arizona,Gold,0.09513670221594893,42295,1172,169094.746282076,2217,0.0810580204778157,0.09472259810554803,0.010006224540988897,0.22610921501706485,0.2449255751014885,0.05000746732777903,3916.0,0.3037542662116041,0.34957149300857016,0.10001493465555807
spatial_rf,731,10,0.25,211,new,merged,arizona,Copper,0.07277854556625202,42295,1310,169094.746282076,2527,0.05419847328244275,0.06410763751483974,0.010006224540988897,0.10763358778625955,0.11713494261970717,0.05000746732777903,5820.0,0.21374045801526717,0.21685793430945785,0.10001493465555807
spatial_rf,731,10,0.25,211,new,merged,colorado,Gold,0.23334451737603196,42500,1375,170000.0,5258,0.1469090909090909,0.21548117154811716,0.01,0.3527272727272727,0.49676683149486495,0.05,2808.0,0.4552727272727273,0.5620007607455306,0.1
spatial_rf,731,10,0.25,211,new,merged,colorado,Copper,0.07260002152342475,42500,839,170000.0,2064,0.08343265792610251,0.11385658914728682,0.01,0.21573301549463647,0.2596899224806202,0.05,5612.0,0.3742550655542312,0.5043604651162791,0.1
spatial_rf,731,10,0.25,307,new,merged,nevada,Gold,0.12723705346171096,40000,2348,160000.0,4804,0.04599659284497445,0.06869275603663613,0.01,0.15885860306643954,0.16694421315570357,0.05,1320.0,0.24275979557069846,0.23209825145711907,0.1
spatial_rf,731,10,0.25,307,new,merged,nevada,Copper,0.06430957552015718,40000,1212,160000.0,2147,0.041254125412541254,0.05961807172799255,0.01,0.17904290429042904,0.2016767582673498,0.05,2980.0,0.2615511551155115,0.29809035863996275,0.1
spatial_rf,731,10,0.25,307,new,merged,arizona,Gold,0.11621293100240315,42295,1172,169094.746282076,2217,0.1015358361774744,0.14343707713125844,0.010006224540988897,0.21331058020477817,0.2683806946323861,0.05000746732777903,4236.0,0.30802047781569963,0.3531799729364005,0.10001493465555807
spatial_rf,731,10,0.25,307,new,merged,arizona,Copper,0.06845472803906963,42295,1310,169094.746282076,2527,0.03969465648854962,0.04629996042738425,0.010006224540988897,0.13129770992366413,0.16145627225959636,0.05000746732777903,5660.0,0.23587786259541985,0.2556390977443609,0.10001493465555807
spatial_rf,731,10,0.25,307,new,merged,colorado,Gold,0.15023296863512475,42500,1375,170000.0,5258,0.11345454545454546,0.18486116394066185,0.01,0.2952727272727273,0.39539748953974896,0.05,2884.0,0.4,0.5224419931532902,0.1
spatial_rf,731,10,0.25,307,new,merged,colorado,Copper,0.07261980052854015,42500,839,170000.0,2064,0.08700834326579261,0.13178294573643412,0.01,0.18593563766388557,0.23304263565891473,0.05,5132.0,0.31942789034564956,0.46027131782945735,0.1
spatial_rf,731,10,0.5,101,new,merged,nevada,Gold,0.17600137101918406,40000,2348,160000.0,4804,0.06047700170357751,0.11969192339716903,0.01,0.21550255536626917,0.3193172356369692,0.05,1096.0,0.3330494037478705,0.4190258118234804,0.1
spatial_rf,731,10,0.5,101,new,merged,nevada,Copper,0.08799641326446817,40000,1212,160000.0,2147,0.06518151815181518,0.10107126222636237,0.01,0.22112211221122113,0.2724732184443409,0.05,2244.0,0.33085808580858084,0.37540754541220306,0.1
spatial_rf,731,10,0.5,101,new,merged,arizona,Gold,0.18141745493120107,42295,1172,169094.746282076,2217,0.13139931740614336,0.17997293640054127,0.010006224540988897,0.35921501706484643,0.43437077131258456,0.05000746732777903,1880.0,0.4761092150170648,0.5457825890843482,0.10000010165746707
spatial_rf,731,10,0.5,101,new,merged,arizona,Copper,0.14170686709865332,42295,1310,169094.746282076,2527,0.10076335877862595,0.12030075187969924,0.010006224540988897,0.2732824427480916,0.32449544914918876,0.05000746732777903,3088.0,0.3916030534351145,0.46458250890383856,0.10001039521723247
spatial_rf,731,10,0.5,101,new,merged,colorado,Gold,0.27386581210191857,42500,1375,170000.0,5258,0.14836363636363636,0.1688855077976417,0.01,0.48145454545454547,0.600418410041841,0.05,1240.0,0.5905454545454546,0.6627995435526817,0.1
spatial_rf,731,10,0.5,101,new,merged,colorado,Copper,0.12712306548720162,42500,839,170000.0,2064,0.133492252681764,0.14583333333333334,0.01,0.33373063170441003,0.35804263565891475,0.05,4296.0,0.5232419547079857,0.6308139534883721,0.1
spatial_rf,731,10,0.5,211,new,merged,nevada,Gold,0.1656998030019928,40000,2348,160000.0,4804,0.05877342419080068,0.09512905911740216,0.01,0.19931856899488926,0.30328892589508744,0.05,836.0,0.32453151618398635,0.4327643630308077,0.1
spatial_rf,731,10,0.5,211,new,merged,nevada,Copper,0.08800622685312269,40000,1212,160000.0,2147,0.06023102310231023,0.08244061481136469,0.01,0.2235973597359736,0.2715416860735911,0.05,2200.0,0.3333333333333333,0.3684210526315789,0.1
spatial_rf,731,10,0.5,211,new,merged,arizona,Gold,0.188849576582772,42295,1172,169094.746282076,2217,0.13651877133105803,0.2079386558412269,0.010006224540988897,0.3677474402730375,0.4609833107803338,0.05000418269362655,2072.0,0.4974402730375427,0.5904375281912494,0.10000957177181882
spatial_rf,731,10,0.5,211,new,merged,arizona,Copper,0.13205682906769148,42295,1310,169094.746282076,2527,0.09389312977099237,0.12109220419469727,0.010006224540988897,0.28015267175572517,0.333597150771666,0.050015233010917336,2980.0,0.40610687022900765,0.4633953304313415,0.1000056020729035
spatial_rf,731,10,0.5,211,new,merged,colorado,Gold,0.3091591527114558,42500,1375,170000.0,5258,0.16945454545454544,0.24667173830353747,0.01,0.4843636363636364,0.6409281095473565,0.05,1252.0,0.5869090909090909,0.702168124762267,0.1
spatial_rf,731,10,0.5,211,new,merged,colorado,Copper,0.12726594735939054,42500,839,170000.0,2064,0.12276519666269368,0.15261627906976744,0.01,0.3742550655542312,0.436531007751938,0.05,3972.0,0.5220500595947557,0.6506782945736435,0.1
spatial_rf,731,10,0.5,307,new,merged,nevada,Gold,0.15907699757939223,40000,2348,160000.0,4804,0.051959114139693355,0.08742714404662781,0.01,0.19633730834752983,0.22939217318900915,0.05,1168.0,0.315587734241908,0.33638634471273937,0.1
spatial_rf,731,10,0.5,307,new,merged,nevada,Copper,0.09233090220287711,40000,1212,160000.0,2147,0.06518151815181518,0.09501630181648812,0.01,0.22854785478547854,0.25477410340009315,0.05,2212.0,0.32755775577557755,0.3511877037727061,0.1
spatial_rf,731,10,0.5,307,new,merged,arizona,Gold,0.1777543862846482,42295,1172,169094.746282076,2217,0.13225255972696245,0.18403247631935046,0.010006224540988897,0.35494880546075086,0.428958051420839,0.050007229143249766,1890.9351834654808,0.4718430034129693,0.5354082092918359,0.10001944583508984
spatial_rf,731,10,0.5,307,new,merged,arizona,Copper,0.1296860193152517,42295,1310,169094.746282076,2527,0.09236641221374046,0.111199050257222,0.010006224540988897,0.26717557251908397,0.30510486743173726,0.050011768580870364,3004.409782588482,0.3916030534351145,0.43173723783142065,0.10001079364965926
spatial_rf,731,10,0.5,307,new,merged,colorado,Gold,0.3236356186442154,42500,1375,170000.0,5258,0.17672727272727273,0.2103461392164321,0.01,0.4938181818181818,0.6426397869912515,0.05,772.0,0.6072727272727273,0.7268923545074173,0.1
spatial_rf,731,10,0.5,307,new,merged,colorado,Copper,0.15750740088785345,42500,839,170000.0,2064,0.1430274135876043,0.1996124031007752,0.01,0.41477949940405245,0.5111434108527132,0.05,3464.0,0.5280095351609059,0.6419573643410853,0.1
spatial_rf,731,10,1.0,0,new,merged,nevada,Gold,0.2144729468677045,40000,2348,160000.0,4804,0.065587734241908,0.1257285595337219,0.01,0.25255536626916525,0.3813488759367194,0.05,676.0,0.39991482112436116,0.517901748542881,0.1
spatial_rf,731,10,1.0,0,new,merged,nevada,Copper,0.12647429277720268,40000,1212,160000.0,2147,0.07673267326732673,0.12761993479273404,0.01,0.2929042904290429,0.3707498835584537,0.05,1992.0,0.4158415841584158,0.4899860270144388,0.1
spatial_rf,731,10,1.0,0,new,merged,arizona,Gold,0.2556937921296902,42295,1172,169094.746282076,2217,0.1612627986348123,0.2304916553901669,0.010006224540988897,0.4513651877133106,0.546233649075327,0.05001823385716444,1324.0,0.6305460750853242,0.7171853856562923,0.10000007395102917
spatial_rf,731,10,1.0,0,new,merged,arizona,Copper,0.2119171588252628,42295,1310,169094.746282076,2527,0.11526717557251909,0.15829046299960428,0.010006224540988897,0.38244274809160306,0.4705184012663237,0.05000579414927996,1248.0,0.5641221374045802,0.6588840522358528,0.1000210271601973
spatial_rf,731,10,1.0,0,new,merged,colorado,Gold,0.39926888533437216,42500,1375,170000.0,5258,0.18472727272727274,0.23316850513503234,0.01,0.5781818181818181,0.7386839102320274,0.05,680.0,0.7163636363636363,0.797451502472423,0.1
spatial_rf,731,10,1.0,0,new,merged,colorado,Copper,0.2218324709521817,42500,839,170000.0,2064,0.17401668653158522,0.23255813953488372,0.01,0.5518474374255066,0.6511627906976745,0.05,1728.0,0.6912991656734208,0.8241279069767442,0.1
spatial_rf,731,20,0.0,0,new,merged,nevada,Gold,0.058699999999999995,40000,2348,160000.0,4804,0.009795570698466781,0.00791007493755204,0.01,0.04727427597955707,0.08118234804329726,0.05,1736.0,0.1034923339011925,0.14050791007493754,0.1
spatial_rf,731,20,0.0,0,new,merged,nevada,Copper,0.030299999999999997,40000,1212,160000.0,2147,0.009075907590759076,0.007452258965999069,0.01,0.04950495049504951,0.05775500698649278,0.05,3028.0,0.10148514851485149,0.1159757801583605,0.1
spatial_rf,731,20,0.0,0,new,merged,arizona,Gold,0.02771013122118454,42295,1172,169094.746282076,2217,0.008532423208191127,0.008570139828597204,0.010006224540988897,0.051194539249146756,0.046008119079837616,0.05000746732777903,4984.0,0.10494880546075085,0.09607577807848444,0.10000432536782888
spatial_rf,731,20,0.0,0,new,merged,arizona,Copper,0.030972928242108996,42295,1310,169094.746282076,2527,0.007633587786259542,0.007123070834982192,0.010006224540988897,0.05343511450381679,0.06252473288484368,0.05000746732777903,4720.0,0.09770992366412214,0.10051444400474871,0.10000432536782888
spatial_rf,731,20,0.0,0,new,merged,colorado,Gold,0.032352941176470584,42500,1375,170000.0,5258,0.007272727272727273,0.004374286801065044,0.01,0.04654545454545454,0.04184100418410042,0.05,5088.0,0.10472727272727272,0.09452263217953595,0.1
spatial_rf,731,20,0.0,0,new,merged,colorado,Copper,0.019741176470588234,42500,839,170000.0,2064,0.0059594755661501785,0.00436046511627907,0.01,0.04529201430274136,0.040213178294573645,0.05,5668.0,0.08820023837902265,0.08624031007751938,0.1
spatial_rf,731,20,0.25,101,new,merged,nevada,Gold,0.09507816790570778,40000,2348,160000.0,4804,0.04131175468483816,0.057660283097418816,0.01,0.12095400340715502,0.126977518734388,0.05,280.0,0.1899488926746167,0.1965029142381349,0.1
spatial_rf,731,20,0.25,101,new,merged,nevada,Copper,0.04605666231259916,40000,1212,160000.0,2147,0.03547854785478548,0.040055891942244994,0.01,0.09488448844884488,0.0903586399627387,0.05,1832.0,0.1707920792079208,0.14904517931998137,0.1
spatial_rf,731,20,0.25,101,new,merged,arizona,Gold,0.07409797095052899,42295,1172,169094.746282076,2217,0.07081911262798635,0.06314839873703203,0.010006224540988897,0.14334470989761092,0.15290933694181327,0.05000746732777903,4452.0,0.2022184300341297,0.2304916553901669,0.10001493465555807
spatial_rf,731,20,0.25,101,new,merged,arizona,Copper,0.05656403766933103,42295,1310,169094.746282076,2527,0.04198473282442748,0.04986149584487535,0.010006224540988897,0.0732824427480916,0.08112386228729719,0.05000746732777903,5912.0,0.1297709923664122,0.1408785120696478,0.10001493465555807
spatial_rf,731,20,0.25,101,new,merged,colorado,Gold,0.19522749522578745,42500,1375,170000.0,5258,0.14327272727272727,0.16165842525675161,0.01,0.29963636363636365,0.3507036896158235,0.05,2468.0,0.36,0.3912133891213389,0.1
spatial_rf,731,20,0.25,101,new,merged,colorado,Copper,0.10658343543694422,42500,839,170000.0,2064,0.12157330154946365,0.14244186046511628,0.01,0.2765196662693683,0.3003875968992248,0.05,3192.0,0.41120381406436235,0.4956395348837209,0.1
spatial_rf,731,20,0.25,211,new,merged,nevada,Gold,0.10688475308383273,40000,2348,160000.0,4804,0.04557069846678024,0.063488759367194,0.01,0.1418228279386712,0.14029975020815988,0.05,316.0,0.20528109028960817,0.19275603663613655,0.1
spatial_rf,731,20,0.25,211,new,merged,nevada,Copper,0.053318119946368536,40000,1212,160000.0,2147,0.041254125412541254,0.04750815090824406,0.01,0.11468646864686469,0.10433162552398696,0.05,1236.0,0.2079207920792079,0.18537494177922684,0.1
spatial_rf,731,20,0.25,211,new,merged,arizona,Gold,0.08050975820786219,42295,1172,169094.746282076,2217,0.07252559726962457,0.07352277852954443,0.010006224540988897,0.18088737201365188,0.2160577356788453,0.05001431658994365,1112.1279637217522,0.27047781569965873,0.31303563373928733,0.10001803502298458
spatial_rf,731,20,0.25,211,new,merged,arizona,Copper,0.06643012559612418,42295,1310,169094.746282076,2527,0.05419847328244275,0.06133755441234666,0.010006224540988897,0.13206106870229006,0.14800158290463,0.05000746732777903,3132.0,0.22366412213740458,0.23149980213692126,0.10001219318393216
spatial_rf,731,20,0.25,211,new,merged,colorado,Gold,0.16841089701445278,42500,1375,170000.0,5258,0.11709090909090909,0.1513883605933815,0.01,0.30254545454545456,0.3779003423354888,0.05,2004.0,0.36363636363636365,0.41841004184100417,0.1
spatial_rf,731,20,0.25,211,new,merged,colorado,Copper,0.08277930176064405,42500,839,170000.0,2064,0.08700834326579261,0.1065891472868217,0.01,0.2526817640047676,0.37790697674418605,0.05,4144.0,0.34445768772348034,0.4583333333333333,0.1
spatial_rf,731,20,0.25,307,new,merged,nevada,Gold,0.10366808536163225,40000,2348,160000.0,4804,0.03833049403747871,0.09804329725228976,0.01,0.11712095400340715,0.17422980849292258,0.05,136.0,0.2125212947189097,0.2666527893422148,0.1
spatial_rf,731,20,0.25,307,new,merged,nevada,Copper,0.04985481852685467,40000,1212,160000.0,2147,0.03382838283828383,0.04471355379599441,0.01,0.09570957095709572,0.10153702841173731,0.05,748.0,0.1773927392739274,0.18025151374010248,0.1
spatial_rf,731,20,0.25,307,new,merged,arizona,Gold,0.07375366242330408,42295,1172,169094.746282076,2217,0.07423208191126279,0.09968425800631484,0.010000336720520338,0.13054607508532423,0.14479025710419485,0.05000483928281266,4654.525400876999,0.2150170648464164,0.21425349571493008,0.10000752818017632
spatial_rf,731,20,0.25,307,new,merged,arizona,Copper,0.05924836814479921,42295,1310,169094.746282076,2527,0.02748091603053435,0.0407597942223981,0.010006224540988897,0.06564885496183206,0.07914523149980214,0.050015233010917336,6108.0,0.15877862595419848,0.1523545706371191,0.10000207310005366
spatial_rf,731,20,0.25,307,new,merged,colorado,Gold,0.18877495686705928,42500,1375,170000.0,5258,0.13745454545454547,0.14568276911373146,0.01,0.28654545454545455,0.32464815519208823,0.05,3036.0,0.36363636363636365,0.38322556104982886,0.1
spatial_rf,731,20,0.25,307,new,merged,colorado,Copper,0.10029549227846553,42500,839,170000.0,2064,0.12514898688915377,0.14825581395348839,0.01,0.22765196662693682,0.2713178294573643,0.05,4800.0,0.35160905840286055,0.40794573643410853,0.1
spatial_rf,731,20,0.5,101,new,merged,nevada,Gold,0.12102485436414302,40000,2348,160000.0,4804,0.04557069846678024,0.08180682764363031,0.01,0.1524701873935264,0.1863030807660283,0.05,348.0,0.23807495741056217,0.2587427144046628,0.1
spatial_rf,731,20,0.5,101,new,merged,nevada,Copper,0.061051477711888694,40000,1212,160000.0,2147,0.04702970297029703,0.0703306939916162,0.01,0.1377887788778878,0.14857941313460643,0.05,1128.0,0.21204620462046206,0.21704704238472286,0.1
spatial_rf,731,20,0.5,101,new,merged,arizona,Gold,0.11638941355105858,42295,1172,169094.746282076,2217,0.09385665529010238,0.10103743797925124,0.010006224540988897,0.25,0.2846188543076229,0.05000746732777903,2820.0,0.3438566552901024,0.38069463238610735,0.10002128086744268
spatial_rf,731,20,0.5,101,new,merged,arizona,Copper,0.0950066511465083,42295,1310,169094.746282076,2527,0.08244274809160305,0.1254451919271864,0.010006224540988897,0.16946564885496182,0.2374356944994064,0.05000746732777903,4832.0,0.26183206106870227,0.33636723387415907,0.10001493465555807
spatial_rf,731,20,0.5,101,new,merged,colorado,Gold,0.25819092208243516,42500,1375,170000.0,5258,0.15345454545454545,0.16774438950171167,0.01,0.4007272727272727,0.4132750095093191,0.05,1012.0,0.4989090909090909,0.5070368961582351,0.1
spatial_rf,731,20,0.5,101,new,merged,colorado,Copper,0.13359780507608907,42500,839,170000.0,2064,0.14421930870083433,0.15891472868217055,0.01,0.32419547079856975,0.34593023255813954,0.05,2312.0,0.4410011918951132,0.501453488372093,0.1
spatial_rf,731,20,0.5,211,new,merged,nevada,Gold,0.12876876926137687,40000,2348,160000.0,4804,0.048551959114139696,0.07327227310574522,0.01,0.16609880749574105,0.21253122398001664,0.05,276.0,0.24872231686541738,0.2851790174854288,0.1
spatial_rf,731,20,0.5,211,new,merged,nevada,Copper,0.05970723221451616,40000,1212,160000.0,2147,0.0429042904290429,0.056357708430367956,0.01,0.1443894389438944,0.13320912901723334,0.05,924.0,0.23267326732673269,0.20586865393572426,0.1
spatial_rf,731,20,0.5,211,new,merged,arizona,Gold,0.11044153289224902,42295,1172,169094.746282076,2217,0.08617747440273038,0.10148849797023005,0.010006224540988897,0.25426621160409557,0.29003157419936854,0.05000746732777903,1140.0,0.34812286689419797,0.40324763193504737,0.10001149517547349
spatial_rf,731,20,0.5,211,new,merged,arizona,Copper,0.08576079520869499,42295,1310,169094.746282076,2527,0.06641221374045801,0.08349821923229125,0.010006224540988897,0.18625954198473282,0.2152750296794618,0.05000746732777903,3324.0,0.2870229007633588,0.3153937475267115,0.10001493465555807
spatial_rf,731,20,0.5,211,new,merged,colorado,Gold,0.21269395507000532,42500,1375,170000.0,5258,0.12945454545454546,0.1595663750475466,0.01,0.344,0.41555724610117917,0.05,1300.0,0.464,0.5665652339292506,0.1
spatial_rf,731,20,0.5,211,new,merged,colorado,Copper,0.09612888532105597,42500,839,170000.0,2064,0.11323003575685339,0.13905038759689922,0.01,0.2729439809296782,0.3875968992248062,0.05,3796.0,0.42908224076281287,0.5329457364341085,0.1
spatial_rf,731,20,0.5,307,new,merged,nevada,Gold,0.12925822961733652,40000,2348,160000.0,4804,0.05281090289608177,0.12656119900083265,0.01,0.16226575809199317,0.22668609492089925,0.05,344.0,0.2402044293015332,0.30995004163197337,0.1
spatial_rf,731,20,0.5,307,new,merged,nevada,Copper,0.05595912724147763,40000,1212,160000.0,2147,0.0462046204620462,0.04750815090824406,0.01,0.12953795379537955,0.11877037727061016,0.05,672.0,0.2079207920792079,0.19888216115510013,0.1
spatial_rf,731,20,0.5,307,new,merged,arizona,Gold,0.11812776626813788,42295,1172,169094.746282076,2217,0.10324232081911262,0.13351375732972484,0.010006224540988897,0.24488054607508533,0.2922868741542625,0.050013780009679154,2344.0,0.36006825938566556,0.4248985115020298,0.10001488163909483
spatial_rf,731,20,0.5,307,new,merged,arizona,Copper,0.07842749109821218,42295,1310,169094.746282076,2527,0.06259541984732825,0.09814008705975465,0.010006224540988897,0.13587786259541984,0.1745152354570637,0.05000746732777903,5124.0,0.23129770992366414,0.2663237039968342,0.10001684604821229
spatial_rf,731,20,0.5,307,new,merged,colorado,Gold,0.2718541161235896,42500,1375,170000.0,5258,0.16363636363636364,0.201217192848992,0.01,0.4,0.50456447318372,0.05,2020.0,0.5214545454545455,0.6179155572461011,0.1
spatial_rf,731,20,0.5,307,new,merged,colorado,Copper,0.14470044263244114,42500,839,170000.0,2064,0.16448152562574495,0.1826550387596899,0.01,0.3218116805721097,0.38420542635658916,0.05,3564.0,0.49106078665077474,0.5954457364341085,0.1
spatial_rf,731,20,1.0,0,new,merged,nevada,Gold,0.16256856377644804,40000,2348,160000.0,4804,0.05877342419080068,0.1440466278101582,0.01,0.1950596252129472,0.2937135720233139,0.05,256.0,0.313458262350937,0.3998751040799334,0.1
spatial_rf,731,20,1.0,0,new,merged,nevada,Copper,0.08539155087892855,40000,1212,160000.0,2147,0.05115511551155116,0.08337214718211458,0.01,0.1971947194719472,0.21891010712622264,0.05,756.0,0.3118811881188119,0.33069399161620866,0.1
spatial_rf,731,20,1.0,0,new,merged,arizona,Gold,0.1750598465224729,42295,1172,169094.746282076,2217,0.11262798634812286,0.14704555705908887,0.010006224540988897,0.3660409556313993,0.4420387911592242,0.05000579414927996,288.0,0.5273037542662116,0.6012629679747407,0.10000296300178446
spatial_rf,731,20,1.0,0,new,merged,arizona,Copper,0.15428594944257668,42295,1310,169094.746282076,2527,0.09923664122137404,0.14523149980213693,0.010006224540988897,0.3083969465648855,0.3850415512465374,0.05000157950731047,596.0,0.46106870229007635,0.5421448357736446,0.10001473000101328
spatial_rf,731,20,1.0,0,new,merged,colorado,Gold,0.3042975817555196,42500,1375,170000.0,5258,0.15636363636363637,0.16470140737923164,0.01,0.4938181818181818,0.6314187904146064,0.05,148.0,0.6443636363636364,0.7421072651198174,0.1
spatial_rf,731,20,1.0,0,new,merged,colorado,Copper,0.17258698442908077,42500,839,170000.0,2064,0.14779499404052443,0.16085271317829458,0.01,0.46722288438617404,0.5964147286821705,0.05,1196.0,0.5899880810488677,0.7151162790697675,0.1
